global_idx,label,cls,method,layer,confidence_drop_top20pct,avg_drop,incr_conf,orig_prob,masked_prob
357,0,CNV,GradCAM,CBAM1,90.0288887321949,92.13726465264091,0.0,0.9771170020103455,0.07682811468839645
357,0,CNV,GradCAM++,CBAM1,94.2483626306057,96.45555391231672,0.0,0.9771170020103455,0.03463337570428848
357,0,CNV,GradCAM,CBAM2,30.437922477722168,31.1507445920918,0.0,0.9771170020103455,0.6727377772331238
357,0,CNV,GradCAM++,CBAM2,26.824885606765747,27.45309443704756,0.0,0.9771170020103455,0.708868145942688
357,0,CNV,ScoreCAM,CBAM2,31.010758876800537,31.736996179196808,0.0,0.9771170020103455,0.6670094132423401
380,0,CNV,GradCAM,CBAM1,8.743375539779663,8.755284719687399,0.0,0.9986397624015808,0.9112060070037842
380,0,CNV,GradCAM++,CBAM1,13.659346103668213,13.677951230421664,0.0,0.9986397624015808,0.8620463013648987
380,0,CNV,GradCAM,CBAM2,6.264621019363403,6.273153936476931,0.0,0.9986397624015808,0.9359935522079468
380,0,CNV,GradCAM++,CBAM2,5.575436353683472,5.583030545914842,0.0,0.9986397624015808,0.9428853988647461
380,0,CNV,ScoreCAM,CBAM2,6.706595420837402,6.715730342592938,0.0,0.9986397624015808,0.9315738081932068
478,0,CNV,GradCAM,CBAM1,0.5273759365081787,0.5281461199738422,0.0,0.9985417127609253,0.9932679533958435
478,0,CNV,GradCAM++,CBAM1,16.79413914680481,16.818665423783926,0.0,0.9985417127609253,0.8306003212928772
478,0,CNV,GradCAM,CBAM2,9.121668338775635,9.134989686314368,0.0,0.9985417127609253,0.907325029373169
478,0,CNV,GradCAM++,CBAM2,7.751572132110596,7.762892581671829,0.0,0.9985417127609253,0.9210259914398193
478,0,CNV,ScoreCAM,CBAM2,7.708221673965454,7.719478814217746,0.0,0.9985417127609253,0.9214594960212708
496,0,CNV,GradCAM,CBAM1,17.544013261795044,17.74212760983656,0.0,0.9888336658477783,0.8133935332298279
496,0,CNV,GradCAM++,CBAM1,76.14895552396774,77.00886143332578,0.0,0.9888336658477783,0.2273441106081009
496,0,CNV,GradCAM,CBAM2,53.628918528556824,54.234518745104396,0.0,0.9888336658477783,0.4525444805622101
496,0,CNV,GradCAM++,CBAM2,24.258553981781006,24.53249173677554,0.0,0.9888336658477783,0.7462481260299683
496,0,CNV,ScoreCAM,CBAM2,42.58915185928345,43.07008640534978,0.0,0.9888336658477783,0.5629421472549438
515,0,CNV,GradCAM,CBAM1,3.2453179359436035,3.254332425882916,0.0,0.9972299933433533,0.9647768139839172
515,0,CNV,GradCAM++,CBAM1,93.44948157668114,93.70905534668898,0.0,0.9972299933433533,0.0627351775765419
515,0,CNV,GradCAM,CBAM2,4.899919033050537,4.913529493319366,0.0,0.9972299933433533,0.9482308030128479
515,0,CNV,GradCAM++,CBAM2,5.06436824798584,5.078435497334452,0.0,0.9972299933433533,0.9465863108634949
515,0,CNV,ScoreCAM,CBAM2,7.0864856243133545,7.106169690597874,0.0,0.9972299933433533,0.9263651371002197
524,0,CNV,GradCAM,CBAM1,2.4768710136413574,2.700389962629913,0.0,0.9172271490097046,0.892458438873291
524,0,CNV,GradCAM++,CBAM1,4.890954494476318,5.33232629063982,0.0,0.9172271490097046,0.8683176040649414
524,0,CNV,GradCAM,CBAM2,91.53298831079155,99.79315092415739,0.0,0.9172271490097046,0.0018972659017890692
524,0,CNV,GradCAM++,CBAM2,91.4725378388539,99.7272452525428,0.0,0.9172271490097046,0.002501770621165633
524,0,CNV,ScoreCAM,CBAM2,91.10865141265094,99.33052081778465,0.0,0.9172271490097046,0.006140634883195162
715,0,CNV,GradCAM,CBAM1,19.761472940444946,22.373367366615092,0.0,0.8832587599754333,0.6856440305709839
715,0,CNV,GradCAM++,CBAM1,83.28180201351643,94.28924438059391,0.0,0.8832587599754333,0.05044073984026909
715,0,CNV,GradCAM,CBAM2,84.3067154288292,95.44962166769548,0.0,0.8832587599754333,0.04019160568714142
715,0,CNV,GradCAM++,CBAM2,83.6950235068798,94.75708178839555,0.0,0.8832587599754333,0.046308524906635284
715,0,CNV,ScoreCAM,CBAM2,82.53855556249619,93.44776227332775,0.0,0.8832587599754333,0.0578732043504715
926,0,CNV,GradCAM,CBAM1,0.0,0.0,1.0,0.2645512521266937,0.4586888253688812
926,0,CNV,GradCAM++,CBAM1,0.0,0.0,1.0,0.2645512521266937,0.6920912861824036
926,0,CNV,GradCAM,CBAM2,0.0,0.0,1.0,0.2645512521266937,0.6024500727653503
926,0,CNV,GradCAM++,CBAM2,0.0,0.0,1.0,0.2645512521266937,0.5123476386070251
926,0,CNV,ScoreCAM,CBAM2,0.0,0.0,1.0,0.2645512521266937,0.5414844751358032
1019,0,CNV,GradCAM,CBAM1,56.70456290245056,57.60110161313282,0.0,0.9844353795051575,0.41738975048065186
1019,0,CNV,GradCAM++,CBAM1,40.0067925453186,40.639327854140504,0.0,0.9844353795051575,0.5843674540519714
1019,0,CNV,GradCAM,CBAM2,8.283716440200806,8.414687777899523,0.0,0.9844353795051575,0.9015982151031494
1019,0,CNV,GradCAM++,CBAM2,8.006703853607178,8.13329542899903,0.0,0.9844353795051575,0.9043683409690857
1019,0,CNV,ScoreCAM,CBAM2,8.20457935333252,8.334299478462153,0.0,0.9844353795051575,0.9023895859718323
1122,0,CNV,GradCAM,CBAM1,2.011430263519287,2.018025639252841,0.0,0.9967317581176758,0.9766174554824829
1122,0,CNV,GradCAM++,CBAM1,26.789063215255737,26.876903167084542,0.0,0.9967317581176758,0.7288411259651184
1122,0,CNV,GradCAM,CBAM2,82.66267776489258,82.93372440711981,0.0,0.9967317581176758,0.17010498046875
1122,0,CNV,GradCAM++,CBAM2,90.03627225756645,90.33149653451862,0.0,0.9967317581176758,0.09636903554201126
1122,0,CNV,ScoreCAM,CBAM2,88.75916376709938,89.0502004714074,0.0,0.9967317581176758,0.10914012044668198
1271,0,CNV,GradCAM,CBAM1,2.5141894817352295,2.527997354833921,0.0,0.9945380091667175,0.9693961143493652
1271,0,CNV,GradCAM++,CBAM1,46.23851180076599,46.49245268623047,0.0,0.9945380091667175,0.5321528911590576
1271,0,CNV,GradCAM,CBAM2,61.03511154651642,61.370315030947964,0.0,0.9945380091667175,0.38418689370155334
1271,0,CNV,GradCAM++,CBAM2,50.11274516582489,50.387963255353775,0.0,0.9945380091667175,0.49341055750846863
1271,0,CNV,ScoreCAM,CBAM2,63.488590717315674,63.83726865515925,0.0,0.9945380091667175,0.3596521019935608
1550,0,CNV,GradCAM,CBAM1,1.0203540325164795,1.0495233517013378,0.0,0.9722070693969727,0.9620035290718079
1550,0,CNV,GradCAM++,CBAM1,17.031878232955933,17.518776188628696,0.0,0.9722070693969727,0.8018882870674133
1550,0,CNV,GradCAM,CBAM2,12.896263599395752,13.264934881357652,0.0,0.9722070693969727,0.8432444334030151
1550,0,CNV,GradCAM++,CBAM2,10.937321186065674,11.249991301081376,0.0,0.9722070693969727,0.8628338575363159
1550,0,CNV,ScoreCAM,CBAM2,12.577641010284424,12.937203685130447,0.0,0.9722070693969727,0.8464306592941284
1988,0,CNV,GradCAM,CBAM1,70.48165798187256,72.82059765220723,0.0,0.9678807854652405,0.2630642056465149
1988,0,CNV,GradCAM++,CBAM1,85.27985289692879,88.10987189381777,0.0,0.9678807854652405,0.1150822564959526
1988,0,CNV,GradCAM,CBAM2,40.09560942649841,41.426185553382396,0.0,0.9678807854652405,0.5669246912002563
1988,0,CNV,GradCAM++,CBAM2,34.04456973075867,35.17434160308361,0.0,0.9678807854652405,0.6274350881576538
1988,0,CNV,ScoreCAM,CBAM2,35.231149196624756,36.40029780701441,0.0,0.9678807854652405,0.6155692934989929
2071,0,CNV,GradCAM,CBAM1,87.07024604082108,87.1030881716192,0.0,0.9996229410171509,0.12892048060894012
2071,0,CNV,GradCAM++,CBAM1,74.22889769077301,74.25689617794643,0.0,0.9996229410171509,0.2573339641094208
2071,0,CNV,GradCAM,CBAM2,10.975539684295654,10.979679561306254,0.0,0.9996229410171509,0.8898675441741943
2071,0,CNV,GradCAM++,CBAM2,13.405120372772217,13.41017666624405,0.0,0.9996229410171509,0.8655717372894287
2071,0,CNV,ScoreCAM,CBAM2,12.836474180221558,12.841315985352278,0.0,0.9996229410171509,0.8712581992149353
2249,0,CNV,GradCAM,CBAM1,1.2523353099822998,1.2542802778049744,0.0,0.9984493255615234,0.9859259724617004
2249,0,CNV,GradCAM++,CBAM1,43.6771035194397,43.744937237978014,0.0,0.9984493255615234,0.5616782903671265
2249,0,CNV,GradCAM,CBAM2,10.390740633010864,10.406878208965061,0.0,0.9984493255615234,0.8945419192314148
2249,0,CNV,GradCAM++,CBAM2,7.7989280223846436,7.811040324843884,0.0,0.9984493255615234,0.920460045337677
2249,0,CNV,ScoreCAM,CBAM2,6.220310926437378,6.229971521728844,0.0,0.9984493255615234,0.9362462162971497
2411,0,CNV,GradCAM,CBAM1,65.63352346420288,67.95716869794994,0.0,0.9658071994781494,0.3094719648361206
2411,0,CNV,GradCAM++,CBAM1,22.265201807022095,23.05346407493951,0.0,0.9658071994781494,0.7431551814079285
2411,0,CNV,GradCAM,CBAM2,89.48723003268242,92.65537589125543,0.0,0.9658071994781494,0.07093489915132523
2411,0,CNV,GradCAM++,CBAM2,93.33191104233265,96.63617140812428,0.0,0.9658071994781494,0.03248808905482292
2411,0,CNV,ScoreCAM,CBAM2,93.10417287051678,96.40037054685413,0.0,0.9658071994781494,0.034765470772981644
2443,0,CNV,GradCAM,CBAM1,8.492624759674072,8.514614091565857,0.0,0.9974174499511719,0.9124912023544312
2443,0,CNV,GradCAM++,CBAM1,80.607108771801,80.8158188605873,0.0,0.9974174499511719,0.19134636223316193
2443,0,CNV,GradCAM,CBAM2,4.6109795570373535,4.6229184290227705,0.0,0.9974174499511719,0.9513076543807983
2443,0,CNV,GradCAM++,CBAM2,5.251955986022949,5.265554491376215,0.0,0.9974174499511719,0.9448978900909424
2443,0,CNV,ScoreCAM,CBAM2,53.90313267707825,54.04270011447068,0.0,0.9974174499511719,0.4583861231803894
2480,0,CNV,GradCAM,CBAM1,0.0,0.0,1.0,0.19828158617019653,0.7796956896781921
2480,0,CNV,GradCAM++,CBAM1,0.0,0.0,1.0,0.19828158617019653,0.21063870191574097
2480,0,CNV,GradCAM,CBAM2,0.0,0.0,1.0,0.19828158617019653,0.7217971682548523
2480,0,CNV,GradCAM++,CBAM2,0.0,0.0,1.0,0.19828158617019653,0.8225615620613098
2480,0,CNV,ScoreCAM,CBAM2,0.0,0.0,1.0,0.19828158617019653,0.5647332668304443
2500,0,CNV,GradCAM,CBAM1,85.89633777737617,89.194116222817,0.0,0.9630269408226013,0.10406356304883957
2500,0,CNV,GradCAM++,CBAM1,90.00159353017807,93.45698316469776,0.0,0.9630269408226013,0.06301100552082062
2500,0,CNV,GradCAM,CBAM2,91.30642972886562,94.81191533723248,0.0,0.9630269408226013,0.049962643533945084
2500,0,CNV,GradCAM++,CBAM2,94.79827657341957,98.4378230458083,0.0,0.9630269408226013,0.015044175088405609
2500,0,CNV,ScoreCAM,CBAM2,95.2093998901546,98.86473043026297,0.0,0.9630269408226013,0.010932941921055317
2514,0,CNV,GradCAM,CBAM1,12.582254409790039,12.590824669917858,0.0,0.999319314956665,0.8734967708587646
2514,0,CNV,GradCAM++,CBAM1,27.612119913101196,27.630927595939948,0.0,0.999319314956665,0.7231981158256531
2514,0,CNV,GradCAM,CBAM2,99.50169967487454,99.5694741309935,0.0,0.999319314956665,0.004302318207919598
2514,0,CNV,GradCAM++,CBAM2,99.6649288572371,99.73281449506544,0.0,0.999319314956665,0.002670026384294033
2514,0,CNV,ScoreCAM,CBAM2,99.45512795820832,99.52287069252978,0.0,0.999319314956665,0.004768035374581814
2520,0,CNV,GradCAM,CBAM1,96.8358188867569,97.6840635594761,0.0,0.9913164377212524,0.02295824885368347
2520,0,CNV,GradCAM++,CBAM1,13.140428066253662,13.255533181618922,0.0,0.9913164377212524,0.8599121570587158
2520,0,CNV,GradCAM,CBAM2,96.55756149441004,97.4033687389811,0.0,0.9913164377212524,0.02574082277715206
2520,0,CNV,GradCAM++,CBAM2,96.38052973896265,97.2247862531822,0.0,0.9913164377212524,0.02751114033162594
2520,0,CNV,ScoreCAM,CBAM2,97.85508019849658,98.71225320979681,0.0,0.9913164377212524,0.01276563573628664
2794,0,CNV,GradCAM,CBAM1,2.3317039012908936,2.353452659390773,0.0,0.9907587766647339,0.967441737651825
2794,0,CNV,GradCAM++,CBAM1,51.27521455287933,51.75347949776046,0.0,0.9907587766647339,0.47800663113594055
2794,0,CNV,GradCAM,CBAM2,8.018481731414795,8.093273397461369,0.0,0.9907587766647339,0.9105739593505859
2794,0,CNV,GradCAM++,CBAM2,8.375126123428345,8.453244357914972,0.0,0.9907587766647339,0.9070075154304504
2794,0,CNV,ScoreCAM,CBAM2,9.838706254959106,9.930475901283586,0.0,0.9907587766647339,0.8923717141151428
2864,0,CNV,GradCAM,CBAM1,4.653960466384888,4.66743312288581,0.0,0.9971134662628174,0.9505738615989685
2864,0,CNV,GradCAM++,CBAM1,18.601280450820923,18.655128923278166,0.0,0.9971134662628174,0.8111006617546082
2864,0,CNV,GradCAM,CBAM2,11.997562646865845,12.03229414954126,0.0,0.9971134662628174,0.8771378397941589
2864,0,CNV,GradCAM++,CBAM2,12.1107816696167,12.14584092776273,0.0,0.9971134662628174,0.8760056495666504
2864,0,CNV,ScoreCAM,CBAM2,12.237000465393066,12.272425111791046,0.0,0.9971134662628174,0.8747434616088867
2935,0,CNV,GradCAM,CBAM1,7.641232013702393,7.709231936618447,0.0,0.9911794066429138,0.9147670865058899
2935,0,CNV,GradCAM++,CBAM1,17.235976457595825,17.389360763738825,0.0,0.9911794066429138,0.8188196420669556
2935,0,CNV,GradCAM,CBAM2,39.581042528152466,39.93327732955949,0.0,0.9911794066429138,0.5953689813613892
2935,0,CNV,GradCAM++,CBAM2,41.81638956069946,42.18851689064523,0.0,0.9911794066429138,0.5730155110359192
2935,0,CNV,ScoreCAM,CBAM2,45.7847535610199,46.192195673403994,0.0,0.9911794066429138,0.5333318710327148
3050,0,CNV,GradCAM,CBAM1,12.89910078048706,13.024161107600966,0.0,0.9903978109359741,0.8614068031311035
3050,0,CNV,GradCAM++,CBAM1,49.32878017425537,49.80703625502454,0.0,0.9903978109359741,0.4971100091934204
3050,0,CNV,GradCAM,CBAM2,96.25596683472395,97.18919488711857,0.0,0.9903978109359741,0.027838142588734627
3050,0,CNV,GradCAM++,CBAM2,94.70039047300816,95.61853678505842,0.0,0.9903978109359741,0.04339390620589256
3050,0,CNV,ScoreCAM,CBAM2,56.01312816143036,56.55619083298793,0.0,0.9903978109359741,0.43026652932167053
3104,0,CNV,GradCAM,CBAM1,3.7519097328186035,3.9682282094829437,0.0,0.945487380027771,0.907968282699585
3104,0,CNV,GradCAM++,CBAM1,9.346634149551392,9.885519625255775,0.0,0.945487380027771,0.8520210385322571
3104,0,CNV,GradCAM,CBAM2,77.19519436359406,81.64592693438954,0.0,0.945487380027771,0.17353543639183044
3104,0,CNV,GradCAM++,CBAM2,75.31464248895645,79.65695077831158,0.0,0.945487380027771,0.19234095513820648
3104,0,CNV,ScoreCAM,CBAM2,90.81428907811642,96.05023825378464,0.0,0.945487380027771,0.03734448924660683
3539,0,CNV,GradCAM,CBAM1,2.78053879737854,2.9147072144306287,0.0,0.9539684653282166,0.9261630773544312
3539,0,CNV,GradCAM++,CBAM1,47.2124308347702,49.49055661249873,0.0,0.9539684653282166,0.4818441569805145
3539,0,CNV,GradCAM,CBAM2,77.37870067358017,81.11242947200925,0.0,0.9539684653282166,0.18018145859241486
3539,0,CNV,GradCAM++,CBAM2,90.06563909351826,94.41154652676633,0.0,0.9539684653282166,0.05331207439303398
3539,0,CNV,ScoreCAM,CBAM2,94.86523540690541,99.44273617036103,0.0,0.9539684653282166,0.005316111259162426
3599,0,CNV,GradCAM,CBAM1,31.938713788986206,32.393890324719976,0.0,0.9859486818313599,0.6665615439414978
3599,0,CNV,GradCAM++,CBAM1,25.692588090896606,26.05874758368375,0.0,0.9859486818313599,0.7290228009223938
3599,0,CNV,GradCAM,CBAM2,32.63985514640808,33.10502404114038,0.0,0.9859486818313599,0.659550130367279
3599,0,CNV,GradCAM++,CBAM2,32.794028520584106,33.26139462660123,0.0,0.9859486818313599,0.6580083966255188
3599,0,CNV,ScoreCAM,CBAM2,27.09648609161377,27.482653322743538,0.0,0.9859486818313599,0.7149838209152222
3643,0,CNV,GradCAM,CBAM1,14.808833599090576,15.11301579548383,0.0,0.9798728227615356,0.8317844867706299
3643,0,CNV,GradCAM++,CBAM1,33.96291732788086,34.66053572703363,0.0,0.9798728227615356,0.640243649482727
3643,0,CNV,GradCAM,CBAM2,61.34786903858185,62.60799053453462,0.0,0.9798728227615356,0.36639413237571716
3643,0,CNV,GradCAM++,CBAM2,42.677199840545654,43.55381475397194,0.0,0.9798728227615356,0.5531008243560791
3643,0,CNV,ScoreCAM,CBAM2,42.97289252281189,43.855581138731175,0.0,0.9798728227615356,0.5501438975334167
3805,0,CNV,GradCAM,CBAM1,89.31568264961243,90.53655226962944,0.0,0.9865151643753052,0.09335833787918091
3805,0,CNV,GradCAM++,CBAM1,63.41815888881683,64.28503132653317,0.0,0.9865151643753052,0.35233357548713684
3805,0,CNV,GradCAM,CBAM2,8.923399448394775,9.04537474960319,0.0,0.9865151643753052,0.8972811698913574
3805,0,CNV,GradCAM++,CBAM2,8.447551727294922,8.563022593792535,0.0,0.9865151643753052,0.902039647102356
3805,0,CNV,ScoreCAM,CBAM2,7.196569442749023,7.294940442559472,0.0,0.9865151643753052,0.9145494699478149
3885,0,CNV,GradCAM,CBAM1,8.391129970550537,8.409843640428214,0.0,0.9977747797966003,0.913863480091095
3885,0,CNV,GradCAM++,CBAM1,76.03935301303864,76.20893391036618,0.0,0.9977747797966003,0.237381249666214
3885,0,CNV,GradCAM,CBAM2,98.73947156593204,98.95967765036477,0.0,0.9977747797966003,0.010380064137279987
3885,0,CNV,GradCAM++,CBAM2,98.80178244784474,99.02212749631187,0.0,0.9977747797966003,0.009756955318152905
3885,0,CNV,ScoreCAM,CBAM2,97.63467237353325,97.85241456485025,0.0,0.9977747797966003,0.021428056061267853
3927,0,CNV,GradCAM,CBAM1,9.357333183288574,9.394413021454797,0.0,0.9960529804229736,0.9024796485900879
3927,0,CNV,GradCAM++,CBAM1,54.402416944503784,54.61799469263359,0.0,0.9960529804229736,0.4520288109779358
3927,0,CNV,GradCAM,CBAM2,11.842936277389526,11.88986569114202,0.0,0.9960529804229736,0.8776236176490784
3927,0,CNV,GradCAM++,CBAM2,12.300264835357666,12.349006482209708,0.0,0.9960529804229736,0.873050332069397
3927,0,CNV,ScoreCAM,CBAM2,12.316393852233887,12.365199412737802,0.0,0.9960529804229736,0.8728890419006348
4002,0,CNV,GradCAM,CBAM1,92.13063642382622,92.3998566980868,0.0,0.9970863461494446,0.0757799819111824
4002,0,CNV,GradCAM++,CBAM1,95.66388130187988,95.94342627584973,0.0,0.9970863461494446,0.04044753313064575
4002,0,CNV,GradCAM,CBAM2,10.57787537574768,10.608785598669103,0.0,0.9970863461494446,0.8913075923919678
4002,0,CNV,GradCAM++,CBAM2,10.604143142700195,10.635130124186388,0.0,0.9970863461494446,0.8910449147224426
4002,0,CNV,ScoreCAM,CBAM2,8.539378643035889,8.564332056466325,0.0,0.9970863461494446,0.9116925597190857
4103,0,CNV,GradCAM,CBAM1,7.0588648319244385,7.1018196978672234,0.0,0.9939515590667725,0.9233629107475281
4103,0,CNV,GradCAM++,CBAM1,33.2502007484436,33.452536102601485,0.0,0.9939515590667725,0.6614495515823364
4103,0,CNV,GradCAM,CBAM2,85.53146421909332,86.05194345575545,0.0,0.9939515590667725,0.13863691687583923
4103,0,CNV,GradCAM++,CBAM2,61.82349622249603,62.19970685346622,0.0,0.9939515590667725,0.37571659684181213
4103,0,CNV,ScoreCAM,CBAM2,64.53717350959778,64.9298975101897,0.0,0.9939515590667725,0.3485798239707947
4245,0,CNV,GradCAM,CBAM1,98.33925527054816,99.72758201053207,0.0,0.9860787987709045,0.0026862460654228926
4245,0,CNV,GradCAM++,CBAM1,68.27516853809357,69.23905871498746,0.0,0.9860787987709045,0.30332711338996887
4245,0,CNV,GradCAM,CBAM2,62.10988759994507,62.98673802488645,0.0,0.9860787987709045,0.36497992277145386
4245,0,CNV,GradCAM++,CBAM2,78.85168343782425,79.96488996260727,0.0,0.9860787987709045,0.19756196439266205
4245,0,CNV,ScoreCAM,CBAM2,97.34720606356859,98.72152732387259,0.0,0.9860787987709045,0.01260673813521862
4249,0,CNV,GradCAM,CBAM1,8.567291498184204,8.593847118279019,0.0,0.9969099164009094,0.9112370014190674
4249,0,CNV,GradCAM++,CBAM1,8.98311734199524,9.010961877394989,0.0,0.9969099164009094,0.907078742980957
4249,0,CNV,GradCAM,CBAM2,44.50867176055908,44.646633142922305,0.0,0.9969099164009094,0.5518231987953186
4249,0,CNV,GradCAM++,CBAM2,38.45219016075134,38.57137855931802,0.0,0.9969099164009094,0.612388014793396
4249,0,CNV,ScoreCAM,CBAM2,20.578736066818237,20.642522982103856,0.0,0.9969099164009094,0.791122555732727
4307,0,CNV,GradCAM,CBAM1,17.015928030014038,17.286264783664027,0.0,0.9843611717224121,0.8142018914222717
4307,0,CNV,GradCAM++,CBAM1,77.24936455488205,78.47664656961881,0.0,0.9843611717224121,0.2118675261735916
4307,0,CNV,GradCAM,CBAM2,50.24872422218323,51.04703959806621,0.0,0.9843611717224121,0.48187392950057983
4307,0,CNV,GradCAM++,CBAM2,61.159318685531616,62.130973692518495,0.0,0.9843611717224121,0.37276798486709595
4307,0,CNV,ScoreCAM,CBAM2,35.60161590576172,36.16722862178174,0.0,0.9843611717224121,0.6283450126647949
4368,0,CNV,GradCAM,CBAM1,6.576436758041382,6.651619601989259,0.0,0.9886970520019531,0.9229326844215393
4368,0,CNV,GradCAM++,CBAM1,54.5246958732605,55.14803064434795,0.0,0.9886970520019531,0.44345009326934814
4368,0,CNV,GradCAM,CBAM2,16.336625814437866,16.523388651887785,0.0,0.9886970520019531,0.8253307938575745
4368,0,CNV,GradCAM++,CBAM2,16.894501447677612,17.08764200580201,0.0,0.9886970520019531,0.819752037525177
4368,0,CNV,ScoreCAM,CBAM2,15.475237369537354,15.652152680824678,0.0,0.9886970520019531,0.8339446783065796
4369,0,CNV,GradCAM,CBAM1,2.41582989692688,2.4319657000232904,0.0,0.9933651089668274,0.9692068099975586
4369,0,CNV,GradCAM++,CBAM1,74.17829036712646,74.67374176000595,0.0,0.9933651089668274,0.25158220529556274
4369,0,CNV,GradCAM,CBAM2,11.305147409439087,11.380656712807944,0.0,0.9933651089668274,0.8803136348724365
4369,0,CNV,GradCAM++,CBAM2,11.530160903930664,11.60717311669135,0.0,0.9933651089668274,0.8780634999275208
4369,0,CNV,ScoreCAM,CBAM2,12.49014139175415,12.573565503029554,0.0,0.9933651089668274,0.8684636950492859
4386,0,CNV,GradCAM,CBAM1,79.63643819093704,81.39168465046626,0.0,0.9784345626831055,0.18207018077373505
4386,0,CNV,GradCAM++,CBAM1,95.86790073662996,97.98090072976149,0.0,0.9784345626831055,0.01975555531680584
4386,0,CNV,GradCAM,CBAM2,34.645360708236694,35.40897028324611,0.0,0.9784345626831055,0.6319809556007385
4386,0,CNV,GradCAM++,CBAM2,48.04016053676605,49.099001484614604,0.0,0.9784345626831055,0.49803295731544495
4386,0,CNV,ScoreCAM,CBAM2,20.962297916412354,21.424322587997516,0.0,0.9784345626831055,0.7688115835189819
4600,0,CNV,GradCAM,CBAM1,94.47500109672546,94.56829897276576,0.0,0.9990134239196777,0.054263412952423096
4600,0,CNV,GradCAM++,CBAM1,99.31483170948923,99.41290911356683,0.0,0.9990134239196777,0.005865106824785471
4600,0,CNV,GradCAM,CBAM2,76.20751112699509,76.28276911952145,0.0,0.9990134239196777,0.23693831264972687
4600,0,CNV,GradCAM++,CBAM2,83.82444381713867,83.90722383807132,0.0,0.9990134239196777,0.16076898574829102
4600,0,CNV,ScoreCAM,CBAM2,75.8868157863617,75.96175707929781,0.0,0.9990134239196777,0.2401452660560608
4636,0,CNV,GradCAM,CBAM1,4.153400659561157,4.166455608957531,0.0,0.9968666434288025,0.9553326368331909
4636,0,CNV,GradCAM++,CBAM1,40.61831831932068,40.745989626206,0.0,0.9968666434288025,0.5906834602355957
4636,0,CNV,GradCAM,CBAM2,9.46875810623169,9.498520262126473,0.0,0.9968666434288025,0.9021790623664856
4636,0,CNV,GradCAM++,CBAM2,11.7198646068573,11.756702430105259,0.0,0.9968666434288025,0.8796679973602295
4636,0,CNV,ScoreCAM,CBAM2,12.64333724975586,12.683077727866701,0.0,0.9968666434288025,0.8704332709312439
4688,0,CNV,GradCAM,CBAM1,0.8264720439910889,0.84611323964709,0.0,0.9767865538597107,0.9685218334197998
4688,0,CNV,GradCAM++,CBAM1,32.308030128479004,33.07583388618272,0.0,0.9767865538597107,0.6537062525749207
4688,0,CNV,GradCAM,CBAM2,44.369298219680786,45.42373929096474,0.0,0.9767865538597107,0.5330935716629028
4688,0,CNV,GradCAM++,CBAM2,29.91950511932373,30.630545327219373,0.0,0.9767865538597107,0.6775915026664734
4688,0,CNV,ScoreCAM,CBAM2,32.90727734565735,33.68932227694278,0.0,0.9767865538597107,0.6477137804031372
4782,0,CNV,GradCAM,CBAM1,4.776471853256226,4.828294505967207,0.0,0.9892668724060059,0.9415021538734436
4782,0,CNV,GradCAM++,CBAM1,34.68968868255615,35.0660567936804,0.0,0.9892668724060059,0.6423699855804443
4782,0,CNV,GradCAM,CBAM2,87.13497966527939,88.08035648919889,0.0,0.9892668724060059,0.11791707575321198
4782,0,CNV,GradCAM++,CBAM2,95.46631537377834,96.50208358496117,0.0,0.9892668724060059,0.03460371866822243
4782,0,CNV,ScoreCAM,CBAM2,95.27131207287312,96.30496458262385,0.0,0.9892668724060059,0.036553751677274704
4807,0,CNV,GradCAM,CBAM1,10.254627466201782,10.636865494489637,0.0,0.9640647768974304,0.8615185022354126
4807,0,CNV,GradCAM++,CBAM1,88.5055422782898,91.80455865743195,0.0,0.9640647768974304,0.07900935411453247
4807,0,CNV,GradCAM,CBAM2,17.631596326828003,18.28880855981713,0.0,0.9640647768974304,0.7877488136291504
4807,0,CNV,GradCAM++,CBAM2,17.01066493988037,17.644732149821984,0.0,0.9640647768974304,0.7939581274986267
4807,0,CNV,ScoreCAM,CBAM2,15.104013681411743,15.667011062627578,0.0,0.9640647768974304,0.813024640083313
4971,0,CNV,GradCAM,CBAM1,47.59817719459534,47.85140341356616,0.0,0.9947080612182617,0.5187262892723083
4971,0,CNV,GradCAM++,CBAM1,12.012183666229248,12.076089471675253,0.0,0.9947080612182617,0.8745862245559692
4971,0,CNV,GradCAM,CBAM2,35.00367999076843,35.18990244836148,0.0,0.9947080612182617,0.6446712613105774
4971,0,CNV,GradCAM++,CBAM2,27.142256498336792,27.286655536125792,0.0,0.9947080612182617,0.7232854962348938
4971,0,CNV,ScoreCAM,CBAM2,38.162046670913696,38.365071899110056,0.0,0.9947080612182617,0.6130875945091248
5012,0,CNV,GradCAM,CBAM1,0.0,0.0,1.0,0.9480547308921814,0.9496499300003052
5012,0,CNV,GradCAM++,CBAM1,5.676698684692383,5.98773302831674,0.0,0.9480547308921814,0.8912877440452576
5012,0,CNV,GradCAM,CBAM2,10.44113039970398,11.013214690407217,0.0,0.9480547308921814,0.8436434268951416
5012,0,CNV,GradCAM++,CBAM2,12.210971117019653,12.880027481881829,0.0,0.9480547308921814,0.8259450197219849
5012,0,CNV,ScoreCAM,CBAM2,10.7924222946167,11.383754364711393,0.0,0.9480547308921814,0.8401305079460144
5178,0,CNV,GradCAM,CBAM1,48.671895265579224,49.28211625097357,0.0,0.9876177906990051,0.5008988380432129
5178,0,CNV,GradCAM++,CBAM1,45.06376385688782,45.62874810983873,0.0,0.9876177906990051,0.536980152130127
5178,0,CNV,GradCAM,CBAM2,16.155320405960083,16.357866772476,0.0,0.9876177906990051,0.8260645866394043
5178,0,CNV,GradCAM++,CBAM2,15.072166919708252,15.261133313960764,0.0,0.9876177906990051,0.8368961215019226
5178,0,CNV,ScoreCAM,CBAM2,23.169559240341187,23.460046208100437,0.0,0.9876177906990051,0.7559221982955933
5440,0,CNV,GradCAM,CBAM1,9.991198778152466,10.228891595141105,0.0,0.976762592792511,0.8768506050109863
5440,0,CNV,GradCAM++,CBAM1,38.18821907043457,39.096725203500355,0.0,0.976762592792511,0.5948804020881653
5440,0,CNV,GradCAM,CBAM2,13.00247311592102,13.311804811883315,0.0,0.976762592792511,0.8467378616333008
5440,0,CNV,GradCAM++,CBAM2,13.590222597122192,13.913536982546718,0.0,0.976762592792511,0.8408603668212891
5440,0,CNV,ScoreCAM,CBAM2,12.56895661354065,12.867974856538003,0.0,0.976762592792511,0.8510730266571045
5445,0,CNV,GradCAM,CBAM1,16.101133823394775,16.409257341324867,0.0,0.9812225699424744,0.8202112317085266
5445,0,CNV,GradCAM++,CBAM1,28.548729419708252,29.095059574945743,0.0,0.9812225699424744,0.6957352757453918
5445,0,CNV,GradCAM,CBAM2,44.50488090515137,45.356560086255385,0.0,0.9812225699424744,0.5361737608909607
5445,0,CNV,GradCAM++,CBAM2,46.18557095527649,47.069413096857375,0.0,0.9812225699424744,0.5193668603897095
5445,0,CNV,ScoreCAM,CBAM2,65.50560593605042,66.75917093131997,0.0,0.9812225699424744,0.3261665105819702
5626,1,DME,GradCAM,CBAM1,51.422929763793945,52.392268983352984,0.0,0.9814984202384949,0.4672691226005554
5626,1,DME,GradCAM++,CBAM1,45.43241858482361,46.288834689000936,0.0,0.9814984202384949,0.5271742343902588
5626,1,DME,GradCAM,CBAM2,43.155354261398315,43.968846950587555,0.0,0.9814984202384949,0.5499448776245117
5626,1,DME,GradCAM++,CBAM2,51.9253671169281,52.904177446632005,0.0,0.9814984202384949,0.46224474906921387
5626,1,DME,ScoreCAM,CBAM2,43.647658824920654,44.47043161782203,0.0,0.9814984202384949,0.5450218319892883
5667,1,DME,GradCAM,CBAM1,34.18918251991272,37.13565489964788,0.0,0.9206565022468567,0.5787646770477295
5667,1,DME,GradCAM++,CBAM1,78.70887070894241,85.49211314093014,0.0,0.9206565022468567,0.13356779515743256
5667,1,DME,GradCAM,CBAM2,0.0,0.0,1.0,0.9206565022468567,0.9683620929718018
5667,1,DME,GradCAM++,CBAM2,0.0,0.0,1.0,0.9206565022468567,0.9657430052757263
5667,1,DME,ScoreCAM,CBAM2,2.5876402854919434,2.8106468059155123,0.0,0.9206565022468567,0.8947800993919373
5674,1,DME,GradCAM,CBAM1,70.13808190822601,83.69914925747365,0.0,0.8379784226417542,0.13659760355949402
5674,1,DME,GradCAM++,CBAM1,71.59401178359985,85.43658045935312,0.0,0.8379784226417542,0.12203830480575562
5674,1,DME,GradCAM,CBAM2,68.07491332292557,81.2370708734319,0.0,0.8379784226417542,0.15722928941249847
5674,1,DME,GradCAM++,CBAM2,69.88304853439331,83.39480565637558,0.0,0.8379784226417542,0.13914793729782104
5674,1,DME,ScoreCAM,CBAM2,72.40948900580406,86.40972868183587,0.0,0.8379784226417542,0.11388353258371353
5677,1,DME,GradCAM,CBAM1,17.18466877937317,17.382228972502865,0.0,0.9886343479156494,0.8167876601219177
5677,1,DME,GradCAM++,CBAM1,23.70978593826294,23.982360868228962,0.0,0.9886343479156494,0.75153648853302
5677,1,DME,GradCAM,CBAM2,31.928354501724243,32.29541260232874,0.0,0.9886343479156494,0.669350802898407
5677,1,DME,GradCAM++,CBAM2,30.215847492218018,30.563218089974615,0.0,0.9886343479156494,0.6864758729934692
5677,1,DME,ScoreCAM,CBAM2,20.813703536987305,21.052984220444355,0.0,0.9886343479156494,0.7804973125457764
5749,1,DME,GradCAM,CBAM1,21.66503071784973,21.733408828900608,0.0,0.996853768825531,0.7802034616470337
5749,1,DME,GradCAM++,CBAM1,26.072996854782104,26.15528717311046,0.0,0.996853768825531,0.73612380027771
5749,1,DME,GradCAM,CBAM2,24.962228536605835,25.041013102258315,0.0,0.996853768825531,0.7472314834594727
5749,1,DME,GradCAM++,CBAM2,23.03374409675598,23.10644207407608,0.0,0.996853768825531,0.7665163278579712
5749,1,DME,ScoreCAM,CBAM2,27.59685516357422,27.683955009016632,0.0,0.996853768825531,0.7208852171897888
5769,1,DME,GradCAM,CBAM1,89.41728100180626,89.83406044190897,0.0,0.9953605532646179,0.10118774324655533
5769,1,DME,GradCAM++,CBAM1,95.13408429920673,95.57751011069062,0.0,0.9953605532646179,0.04401971027255058
5769,1,DME,GradCAM,CBAM2,77.92771905660629,78.29094494262085,0.0,0.9953605532646179,0.216083362698555
5769,1,DME,GradCAM++,CBAM2,72.4390983581543,72.7767414458998,0.0,0.9953605532646179,0.27096956968307495
5769,1,DME,ScoreCAM,CBAM2,92.69841238856316,93.13048538363596,0.0,0.9953605532646179,0.06837642937898636
5809,1,DME,GradCAM,CBAM1,52.95972526073456,53.37988586738375,0.0,0.992128849029541,0.46253159642219543
5809,1,DME,GradCAM++,CBAM1,44.63784694671631,44.991985204804124,0.0,0.992128849029541,0.5457503795623779
5809,1,DME,GradCAM,CBAM2,92.25321412086487,92.9851130538659,0.0,0.992128849029541,0.06959670782089233
5809,1,DME,GradCAM++,CBAM2,94.83585096895695,95.5882394769984,0.0,0.992128849029541,0.04377033933997154
5809,1,DME,ScoreCAM,CBAM2,91.39500632882118,92.12009659533537,0.0,0.992128849029541,0.0781787857413292
5849,1,DME,GradCAM,CBAM1,6.356847286224365,6.4997583185032575,0.0,0.9780128598213196,0.9144443869590759
5849,1,DME,GradCAM++,CBAM1,71.05644047260284,72.65389103272707,0.0,0.9780128598213196,0.26744845509529114
5849,1,DME,GradCAM,CBAM2,20.824116468429565,21.292272434241152,0.0,0.9780128598213196,0.7697716951370239
5849,1,DME,GradCAM++,CBAM2,23.76837730407715,24.30272447071128,0.0,0.9780128598213196,0.7403290867805481
5849,1,DME,ScoreCAM,CBAM2,13.75037431716919,14.059502427285386,0.0,0.9780128598213196,0.8405091166496277
5852,1,DME,GradCAM,CBAM1,20.360136032104492,20.604240802906254,0.0,0.9881526827812195,0.7845513224601746
5852,1,DME,GradCAM++,CBAM1,10.09475588798523,10.215785436532979,0.0,0.9881526827812195,0.8872051239013672
5852,1,DME,GradCAM,CBAM2,21.878236532211304,22.14054233929535,0.0,0.9881526827812195,0.7693703174591064
5852,1,DME,GradCAM++,CBAM2,23.966705799102783,24.25405099251103,0.0,0.9881526827812195,0.7484856247901917
5852,1,DME,ScoreCAM,CBAM2,24.27079677581787,24.56178782198746,0.0,0.9881526827812195,0.7454447150230408
5951,1,DME,GradCAM,CBAM1,62.58626878261566,63.02919876334989,0.0,0.9929726123809814,0.36710992455482483
5951,1,DME,GradCAM++,CBAM1,45.960575342178345,46.2858434424633,0.0,0.9929726123809814,0.533366858959198
5951,1,DME,GradCAM,CBAM2,84.93739664554596,85.53850804252826,0.0,0.9929726123809814,0.14359864592552185
5951,1,DME,GradCAM++,CBAM2,90.76077789068222,91.40310200401409,0.0,0.9929726123809814,0.08536483347415924
5951,1,DME,ScoreCAM,CBAM2,91.68187007308006,92.33071285816757,0.0,0.9929726123809814,0.07615391165018082
5984,1,DME,GradCAM,CBAM1,10.791462659835815,10.872722092484977,0.0,0.9925262928009033,0.8846116662025452
5984,1,DME,GradCAM++,CBAM1,58.01129937171936,58.44812294446184,0.0,0.9925262928009033,0.4124132990837097
5984,1,DME,GradCAM,CBAM2,77.10234075784683,77.68291937479589,0.0,0.9925262928009033,0.221502885222435
5984,1,DME,GradCAM++,CBAM2,76.28789097070694,76.86233680197991,0.0,0.9925262928009033,0.22964738309383392
5984,1,DME,ScoreCAM,CBAM2,73.2541561126709,73.80575799950904,0.0,0.9925262928009033,0.25998473167419434
6019,1,DME,GradCAM,CBAM1,14.219599962234497,14.222810232410342,0.0,0.9997742772102356,0.8575782775878906
6019,1,DME,GradCAM++,CBAM1,36.15173697471619,36.15989872633531,0.0,0.9997742772102356,0.6382569074630737
6019,1,DME,GradCAM,CBAM2,71.23033404350281,71.24641527065427,0.0,0.9997742772102356,0.2874709367752075
6019,1,DME,GradCAM++,CBAM2,70.91197371482849,70.92798306775907,0.0,0.9997742772102356,0.2906545400619507
6019,1,DME,ScoreCAM,CBAM2,78.78770530223846,78.80549270984676,0.0,0.9997742772102356,0.21189722418785095
6032,1,DME,GradCAM,CBAM1,56.199127435684204,56.34510775480494,0.0,0.9974091649055481,0.43541789054870605
6032,1,DME,GradCAM++,CBAM1,44.576478004455566,44.692267853538475,0.0,0.9974091649055481,0.5516443848609924
6032,1,DME,GradCAM,CBAM2,91.50000140070915,91.73767767814442,0.0,0.9974091649055481,0.08240915089845657
6032,1,DME,GradCAM++,CBAM2,90.77587202191353,91.01166733352915,0.0,0.9974091649055481,0.08965044468641281
6032,1,DME,ScoreCAM,CBAM2,69.11661624908447,69.29615045463125,0.0,0.9974091649055481,0.30624300241470337
6083,1,DME,GradCAM,CBAM1,12.485945224761963,12.527489054606392,0.0,0.9966837763786316,0.871824324131012
6083,1,DME,GradCAM++,CBAM1,14.309394359588623,14.357005255980562,0.0,0.9966837763786316,0.8535898327827454
6083,1,DME,GradCAM,CBAM2,62.13638782501221,62.343130965117474,0.0,0.9966837763786316,0.3753198981285095
6083,1,DME,GradCAM++,CBAM2,65.13375341892242,65.35046953616106,0.0,0.9966837763786316,0.34534624218940735
6083,1,DME,ScoreCAM,CBAM2,46.770137548446655,46.92575337096843,0.0,0.9966837763786316,0.528982400894165
6091,1,DME,GradCAM,CBAM1,18.13601851463318,18.22740951959709,0.0,0.9949860572814941,0.8136258721351624
6091,1,DME,GradCAM++,CBAM1,10.356265306472778,10.408452587450011,0.0,0.9949860572814941,0.8914234042167664
6091,1,DME,GradCAM,CBAM2,34.03141498565674,34.20290605539587,0.0,0.9949860572814941,0.6546719074249268
6091,1,DME,GradCAM++,CBAM2,49.45517182350159,49.70438627208444,0.0,0.9949860572814941,0.5004343390464783
6091,1,DME,ScoreCAM,CBAM2,23.814016580581665,23.93402014728351,0.0,0.9949860572814941,0.7568458914756775
6137,1,DME,GradCAM,CBAM1,87.51726001501083,94.56285949490457,0.0,0.9254929423332214,0.0503203421831131
6137,1,DME,GradCAM++,CBAM1,22.7933406829834,24.628324424859276,0.0,0.9254929423332214,0.6975595355033875
6137,1,DME,GradCAM,CBAM2,89.7152142599225,96.93776061043494,0.0,0.9254929423332214,0.02834079973399639
6137,1,DME,GradCAM++,CBAM2,84.57565158605576,91.38443612437635,0.0,0.9254929423332214,0.07973642647266388
6137,1,DME,ScoreCAM,CBAM2,80.5710956454277,87.0574923799293,0.0,0.9254929423332214,0.1197819858789444
6213,1,DME,GradCAM,CBAM1,21.412646770477295,21.50639049582398,0.0,0.9956411123275757,0.7815146446228027
6213,1,DME,GradCAM++,CBAM1,60.86650490760803,61.13297607205737,0.0,0.9956411123275757,0.38697606325149536
6213,1,DME,GradCAM,CBAM2,7.596689462661743,7.629947470331944,0.0,0.9956411123275757,0.9196742177009583
6213,1,DME,GradCAM++,CBAM2,8.106285333633423,8.14177433198302,0.0,0.9956411123275757,0.9145782589912415
6213,1,DME,ScoreCAM,CBAM2,7.8109800815582275,7.845176245129355,0.0,0.9956411123275757,0.9175313115119934
6320,1,DME,GradCAM,CBAM1,3.6988794803619385,3.7007610124678423,0.0,0.9994915723800659,0.9625027775764465
6320,1,DME,GradCAM++,CBAM1,85.4823186993599,85.52580152381358,0.0,0.9994915723800659,0.14466838538646698
6320,1,DME,GradCAM,CBAM2,69.21015977859497,69.24536534243383,0.0,0.9994915723800659,0.3073899745941162
6320,1,DME,GradCAM++,CBAM2,58.055052161216736,58.08458338685715,0.0,0.9994915723800659,0.41894105076789856
6320,1,DME,ScoreCAM,CBAM2,84.24313962459564,84.28599210809702,0.0,0.9994915723800659,0.1570601761341095
6363,1,DME,GradCAM,CBAM1,7.408851385116577,7.548223729874795,0.0,0.9815357327461243,0.9074472188949585
6363,1,DME,GradCAM++,CBAM1,50.110527873039246,51.05318705240509,0.0,0.9815357327461243,0.4804304540157318
6363,1,DME,GradCAM,CBAM2,22.555041313171387,22.97933771628863,0.0,0.9815357327461243,0.7559853196144104
6363,1,DME,GradCAM++,CBAM2,22.439467906951904,22.86159018944245,0.0,0.9815357327461243,0.7571410536766052
6363,1,DME,ScoreCAM,CBAM2,17.8644061088562,18.20046416126983,0.0,0.9815357327461243,0.8028916716575623
6367,1,DME,GradCAM,CBAM1,12.487953901290894,14.105311117691633,0.0,0.8853369951248169,0.760457456111908
6367,1,DME,GradCAM++,CBAM1,18.60668659210205,21.016501608309973,0.0,0.8853369951248169,0.6992701292037964
6367,1,DME,GradCAM,CBAM2,10.320872068405151,11.657563174996948,0.0,0.8853369951248169,0.7821282744407654
6367,1,DME,GradCAM++,CBAM2,13.455432653427124,15.198091320638005,0.0,0.8853369951248169,0.7507826685905457
6367,1,DME,ScoreCAM,CBAM2,41.62999391555786,47.02163546150289,0.0,0.8853369951248169,0.4690370559692383
6393,1,DME,GradCAM,CBAM1,83.10933709144592,83.58599999703841,0.0,0.9942973256111145,0.16320395469665527
6393,1,DME,GradCAM++,CBAM1,39.14948105812073,39.37401786766198,0.0,0.9942973256111145,0.6028025150299072
6393,1,DME,GradCAM,CBAM2,48.47996234893799,48.75801293296362,0.0,0.9942973256111145,0.5094977021217346
6393,1,DME,GradCAM++,CBAM2,57.55150616168976,57.88158541762307,0.0,0.9942973256111145,0.4187822639942169
6393,1,DME,ScoreCAM,CBAM2,47.308170795440674,47.57950071983664,0.0,0.9942973256111145,0.5212156176567078
6412,1,DME,GradCAM,CBAM1,94.25896033644676,94.96679450591719,0.0,0.9925464987754822,0.04995689541101456
6412,1,DME,GradCAM++,CBAM1,83.79273116588593,84.42196957527172,0.0,0.9925464987754822,0.15461918711662292
6412,1,DME,GradCAM,CBAM2,73.60397577285767,74.15670210120821,0.0,0.9925464987754822,0.2565067410469055
6412,1,DME,GradCAM++,CBAM2,76.43012255430222,77.00407172717284,0.0,0.9925464987754822,0.22824527323246002
6412,1,DME,ScoreCAM,CBAM2,80.49275875091553,81.09721613974594,0.0,0.9925464987754822,0.1876189112663269
6419,1,DME,GradCAM,CBAM1,95.43875083327293,95.82905819751996,0.0,0.9959270358085632,0.04153952747583389
6419,1,DME,GradCAM++,CBAM1,39.109212160110474,39.269153623957344,0.0,0.9959270358085632,0.6048349142074585
6419,1,DME,GradCAM,CBAM2,84.22806560993195,84.57252563268798,0.0,0.9959270358085632,0.15364637970924377
6419,1,DME,GradCAM++,CBAM2,84.6053197979927,84.95132264362213,0.0,0.9959270358085632,0.14987383782863617
6419,1,DME,ScoreCAM,CBAM2,86.53515428304672,86.88904940099445,0.0,0.9959270358085632,0.130575492978096
6473,1,DME,GradCAM,CBAM1,15.772968530654907,15.800512727788893,0.0,0.9982567429542542,0.8405270576477051
6473,1,DME,GradCAM++,CBAM1,19.41285729408264,19.44675779716188,0.0,0.9982567429542542,0.8041281700134277
6473,1,DME,GradCAM,CBAM2,5.876582860946655,5.886845086252027,0.0,0.9982567429542542,0.9394909143447876
6473,1,DME,GradCAM++,CBAM2,5.144321918487549,5.153305402906992,0.0,0.9982567429542542,0.9468135237693787
6473,1,DME,ScoreCAM,CBAM2,5.875134468078613,5.885394164068174,0.0,0.9982567429542542,0.939505398273468
6557,1,DME,GradCAM,CBAM1,41.611167788505554,86.9244534102757,0.0,0.47870495915412903,0.06259328126907349
6557,1,DME,GradCAM++,CBAM1,31.914779543876648,66.66899572876801,0.0,0.47870495915412903,0.15955716371536255
6557,1,DME,GradCAM,CBAM2,43.45209673047066,90.77009751382036,0.0,0.47870495915412903,0.044183991849422455
6557,1,DME,GradCAM++,CBAM2,42.372944205999374,88.51578098483562,0.0,0.47870495915412903,0.054975517094135284
6557,1,DME,ScoreCAM,CBAM2,41.788460314273834,87.29481205953216,0.0,0.47870495915412903,0.060820356011390686
6564,1,DME,GradCAM,CBAM1,32.68973231315613,33.44571053056239,0.0,0.9773968458175659,0.6504995226860046
6564,1,DME,GradCAM++,CBAM1,63.58155012130737,65.05192823453798,0.0,0.9773968458175659,0.3415813446044922
6564,1,DME,GradCAM,CBAM2,2.4398505687713623,2.4962742147666246,0.0,0.9773968458175659,0.9529983401298523
6564,1,DME,GradCAM++,CBAM2,2.698153257369995,2.7605503755309946,0.0,0.9773968458175659,0.950415313243866
6564,1,DME,ScoreCAM,CBAM2,3.7283599376678467,3.814581472690717,0.0,0.9773968458175659,0.9401132464408875
6575,1,DME,GradCAM,CBAM1,12.516272068023682,12.793285673044629,0.0,0.9783469438552856,0.8531842231750488
6575,1,DME,GradCAM++,CBAM1,68.19127202033997,69.70050016676049,0.0,0.9783469438552856,0.296434223651886
6575,1,DME,GradCAM,CBAM2,6.3420116901397705,6.482374851936077,0.0,0.9783469438552856,0.9149268269538879
6575,1,DME,GradCAM++,CBAM2,5.073964595794678,5.186262987583446,0.0,0.9783469438552856,0.9276072978973389
6575,1,DME,ScoreCAM,CBAM2,14.336436986923218,14.653734986784475,0.0,0.9783469438552856,0.8349825739860535
6581,1,DME,GradCAM,CBAM1,72.07536995410919,72.42263251212651,0.0,0.9952050447463989,0.274451345205307
6581,1,DME,GradCAM++,CBAM1,68.24814677238464,68.57696958721318,0.0,0.9952050447463989,0.3127235770225525
6581,1,DME,GradCAM,CBAM2,88.51756528019905,88.94404711675762,0.0,0.9952050447463989,0.11002939194440842
6581,1,DME,GradCAM++,CBAM2,84.80600714683533,85.21460651990542,0.0,0.9952050447463989,0.14714497327804565
6581,1,DME,ScoreCAM,CBAM2,82.79459774494171,83.19350605191578,0.0,0.9952050447463989,0.1672590672969818
6584,1,DME,GradCAM,CBAM1,8.910059928894043,8.936077300828012,0.0,0.9970884919166565,0.9079878926277161
6584,1,DME,GradCAM++,CBAM1,6.173574924468994,6.191601761129348,0.0,0.9970884919166565,0.9353527426719666
6584,1,DME,GradCAM,CBAM2,27.22896933555603,27.30847791666944,0.0,0.9970884919166565,0.7247987985610962
6584,1,DME,GradCAM++,CBAM2,26.38847827911377,26.465532626630868,0.0,0.9970884919166565,0.7332037091255188
6584,1,DME,ScoreCAM,CBAM2,34.00084972381592,34.10013219333858,0.0,0.9970884919166565,0.6570799946784973
6598,1,DME,GradCAM,CBAM1,27.63192057609558,28.01871283677302,0.0,0.9861952066421509,0.7098760008811951
6598,1,DME,GradCAM++,CBAM1,88.0351185798645,89.26743619748135,0.0,0.9861952066421509,0.10584402084350586
6598,1,DME,GradCAM,CBAM2,60.77065467834473,61.62132370227857,0.0,0.9861952066421509,0.3784886598587036
6598,1,DME,GradCAM++,CBAM2,82.40281939506531,83.5562959589631,0.0,0.9861952066421509,0.1621670126914978
6598,1,DME,ScoreCAM,CBAM2,84.32396948337555,85.50433835045988,0.0,0.9861952066421509,0.14295551180839539
6652,1,DME,GradCAM,CBAM1,92.85584166646004,94.3529154517328,0.0,0.984133243560791,0.05557482689619064
6652,1,DME,GradCAM++,CBAM1,93.68910863995552,95.19961682116683,0.0,0.984133243560791,0.04724215716123581
6652,1,DME,GradCAM,CBAM2,84.75896418094635,86.12549558128583,0.0,0.984133243560791,0.13654360175132751
6652,1,DME,GradCAM++,CBAM2,86.66758015751839,88.06488333153843,0.0,0.984133243560791,0.11745744198560715
6652,1,DME,ScoreCAM,CBAM2,91.1316730082035,92.60094878256666,0.0,0.984133243560791,0.07281651347875595
6702,1,DME,GradCAM,CBAM1,39.646321535110474,40.303453306943396,0.0,0.983695387840271,0.5872321724891663
6702,1,DME,GradCAM++,CBAM1,68.36715936660767,69.5003346734259,0.0,0.983695387840271,0.30002379417419434
6702,1,DME,GradCAM,CBAM2,4.221701622009277,4.291675686679162,0.0,0.983695387840271,0.9414783716201782
6702,1,DME,GradCAM++,CBAM2,4.337507486343384,4.409401015666532,0.0,0.983695387840271,0.9403203129768372
6702,1,DME,ScoreCAM,CBAM2,5.626285076141357,5.7195398987267945,0.0,0.983695387840271,0.9274325370788574
6731,1,DME,GradCAM,CBAM1,19.684338569641113,19.85207005163038,0.0,0.9915509223937988,0.7947075366973877
6731,1,DME,GradCAM++,CBAM1,1.6473710536956787,1.6614084056364116,0.0,0.9915509223937988,0.975077211856842
6731,1,DME,GradCAM,CBAM2,7.7316343784332275,7.797516119285514,0.0,0.9915509223937988,0.9142345786094666
6731,1,DME,GradCAM++,CBAM2,8.059102296829224,8.127774412326925,0.0,0.9915509223937988,0.9109598994255066
6731,1,DME,ScoreCAM,CBAM2,7.965213060379028,8.033085139811668,0.0,0.9915509223937988,0.9118987917900085
6739,1,DME,GradCAM,CBAM1,45.642006397247314,47.00183092483976,0.0,0.9710686802864075,0.5146486163139343
6739,1,DME,GradCAM++,CBAM1,33.99360179901123,35.00638228690613,0.0,0.9710686802864075,0.6311326622962952
6739,1,DME,GradCAM,CBAM2,32.95266628265381,33.93443389976329,0.0,0.9710686802864075,0.6415420174598694
6739,1,DME,GradCAM++,CBAM2,34.06487703323364,35.07978104328184,0.0,0.9710686802864075,0.630419909954071
6739,1,DME,ScoreCAM,CBAM2,34.914588928222656,35.954808632461344,0.0,0.9710686802864075,0.6219227910041809
6754,1,DME,GradCAM,CBAM1,11.596143245697021,11.900608075037079,0.0,0.9744160175323486,0.8584545850753784
6754,1,DME,GradCAM++,CBAM1,17.2582745552063,17.711402591469955,0.0,0.9744160175323486,0.8018332719802856
6754,1,DME,GradCAM,CBAM2,9.439754486083984,9.687601824437975,0.0,0.9744160175323486,0.8800184726715088
6754,1,DME,GradCAM++,CBAM2,10.528731346130371,10.805170531516978,0.0,0.9744160175323486,0.8691287040710449
6754,1,DME,ScoreCAM,CBAM2,12.877237796783447,13.215338657138364,0.0,0.9744160175323486,0.8456436395645142
6809,1,DME,GradCAM,CBAM1,50.82379877567291,51.03680428925652,0.0,0.9958264231681824,0.48758843541145325
6809,1,DME,GradCAM++,CBAM1,92.35589802265167,92.74296699358044,0.0,0.9958264231681824,0.07226744294166565
6809,1,DME,GradCAM,CBAM2,93.01588162779808,93.40571662862145,0.0,0.9958264231681824,0.06566760689020157
6809,1,DME,GradCAM++,CBAM2,89.97621163725853,90.35330720334744,0.0,0.9958264231681824,0.09606430679559708
6809,1,DME,ScoreCAM,CBAM2,82.51175582408905,82.85756741923505,0.0,0.9958264231681824,0.17070886492729187
6924,1,DME,GradCAM,CBAM1,13.960181921720505,80.46285013226897,0.0,0.1734984666109085,0.03389664739370346
6924,1,DME,GradCAM++,CBAM1,6.963951140642166,40.13839934894458,0.0,0.1734984666109085,0.10385895520448685
6924,1,DME,GradCAM,CBAM2,0.0,0.0,1.0,0.1734984666109085,0.1764487773180008
6924,1,DME,GradCAM++,CBAM2,10.663842409849167,61.463608316078385,0.0,0.1734984666109085,0.06686004251241684
6924,1,DME,ScoreCAM,CBAM2,7.731179893016815,44.560505913576,0.0,0.1734984666109085,0.09618666768074036
6934,1,DME,GradCAM,CBAM1,7.093286514282227,7.334910867114935,0.0,0.9670583009719849,0.8961254358291626
6934,1,DME,GradCAM++,CBAM1,78.14322412014008,80.80507993525102,0.0,0.9670583009719849,0.1856260597705841
6934,1,DME,GradCAM,CBAM2,65.73813557624817,67.97742683186821,0.0,0.9670583009719849,0.3096769452095032
6934,1,DME,GradCAM++,CBAM2,64.67117369174957,66.87412016215333,0.0,0.9670583009719849,0.32034656405448914
6934,1,DME,ScoreCAM,CBAM2,30.950593948364258,32.0048890508536,0.0,0.9670583009719849,0.6575523614883423
6938,1,DME,GradCAM,CBAM1,92.27019846439362,92.51854462236356,0.0,0.9973157048225403,0.07461372017860413
6938,1,DME,GradCAM++,CBAM1,84.4216451048851,84.64886680333404,0.0,0.9973157048225403,0.15309925377368927
6938,1,DME,GradCAM,CBAM2,96.41799964010715,96.67750964624429,0.0,0.9973157048225403,0.033135708421468735
6938,1,DME,GradCAM++,CBAM2,96.54758311808109,96.80744189943955,0.0,0.9973157048225403,0.031839873641729355
6938,1,DME,ScoreCAM,CBAM2,97.32568953186274,97.58764259438206,0.0,0.9973157048225403,0.024058809503912926
6944,1,DME,GradCAM,CBAM1,25.379812717437744,26.675758725845622,0.0,0.9514185786247253,0.6976204514503479
6944,1,DME,GradCAM++,CBAM1,30.45448660850525,32.0095560173227,0.0,0.9514185786247253,0.6468737125396729
6944,1,DME,GradCAM,CBAM2,65.62680900096893,68.97785032330766,0.0,0.9514185786247253,0.295150488615036
6944,1,DME,GradCAM++,CBAM2,59.030067920684814,62.044265927169576,0.0,0.9514185786247253,0.3611178994178772
6944,1,DME,ScoreCAM,CBAM2,56.253162026405334,59.12556544403785,0.0,0.9514185786247253,0.388886958360672
6960,1,DME,GradCAM,CBAM1,16.747069358825684,16.856833625924008,0.0,0.9934884309768677,0.8260177373886108
6960,1,DME,GradCAM++,CBAM1,68.96703541278839,69.41906173057751,0.0,0.9934884309768677,0.30381807684898376
6960,1,DME,GradCAM,CBAM2,30.479490756988525,30.67926057299564,0.0,0.9934884309768677,0.6886935234069824
6960,1,DME,GradCAM++,CBAM2,31.041061878204346,31.244512364615524,0.0,0.9934884309768677,0.6830778121948242
6960,1,DME,ScoreCAM,CBAM2,32.14001655578613,32.35066985196507,0.0,0.9934884309768677,0.6720882654190063
6972,1,DME,GradCAM,CBAM1,88.79363015294075,89.07961803801666,0.0,0.9967895150184631,0.10885321348905563
6972,1,DME,GradCAM++,CBAM1,91.59242287278175,91.88742515235121,0.0,0.9967895150184631,0.0808652862906456
6972,1,DME,GradCAM,CBAM2,79.2138323187828,79.46896544414986,0.0,0.9967895150184631,0.20465119183063507
6972,1,DME,GradCAM++,CBAM2,76.94135755300522,77.18917145681287,0.0,0.9967895150184631,0.22737593948841095
6972,1,DME,ScoreCAM,CBAM2,74.26391541957855,74.50310577672151,0.0,0.9967895150184631,0.2541503608226776
6981,1,DME,GradCAM,CBAM1,77.40244120359421,77.97451886205535,0.0,0.9926632642745972,0.2186388522386551
6981,1,DME,GradCAM++,CBAM1,43.5577929019928,43.879726419639404,0.0,0.9926632642745972,0.5570853352546692
6981,1,DME,GradCAM,CBAM2,8.022481203079224,8.081774969404169,0.0,0.9926632642745972,0.9124384522438049
6981,1,DME,GradCAM++,CBAM2,8.086210489273071,8.145975275636328,0.0,0.9926632642745972,0.9118011593818665
6981,1,DME,ScoreCAM,CBAM2,8.093822002410889,8.153643045095594,0.0,0.9926632642745972,0.9117250442504883
7017,1,DME,GradCAM,CBAM1,13.191747665405273,14.100585232978604,0.0,0.9355461001396179,0.8036286234855652
7017,1,DME,GradCAM++,CBAM1,55.755025148391724,59.596234267994575,0.0,0.9355461001396179,0.3779958486557007
7017,1,DME,GradCAM,CBAM2,11.68171763420105,12.486522585677479,0.0,0.9355461001396179,0.8187289237976074
7017,1,DME,GradCAM++,CBAM2,8.853298425674438,9.463241126996081,0.0,0.9355461001396179,0.8470131158828735
7017,1,DME,ScoreCAM,CBAM2,2.6983261108398438,2.8842256748169834,0.0,0.9355461001396179,0.9085628390312195
7038,1,DME,GradCAM,CBAM1,15.782999992370605,15.818781859733203,0.0,0.9977380037307739,0.8399080038070679
7038,1,DME,GradCAM++,CBAM1,50.04794895648956,50.16141338481097,0.0,0.9977380037307739,0.4972585141658783
7038,1,DME,GradCAM,CBAM2,78.45298796892166,78.63084987166896,0.0,0.9977380037307739,0.2132081240415573
7038,1,DME,GradCAM++,CBAM2,72.8317141532898,72.99683198493672,0.0,0.9977380037307739,0.269420862197876
7038,1,DME,ScoreCAM,CBAM2,71.58929705619812,71.75159818609008,0.0,0.9977380037307739,0.2818450331687927
7076,1,DME,GradCAM,CBAM1,80.3879514336586,83.65130157153693,0.0,0.9609886407852173,0.1571091264486313
7076,1,DME,GradCAM++,CBAM1,47.338178753852844,49.25987285611868,0.0,0.9609886407852173,0.48760685324668884
7076,1,DME,GradCAM,CBAM2,93.84542424231768,97.65508069802615,0.0,0.9609886407852173,0.02253439836204052
7076,1,DME,GradCAM++,CBAM2,95.19261261448264,99.05695820309782,0.0,0.9609886407852173,0.009062514640390873
7076,1,DME,ScoreCAM,CBAM2,94.56195048987865,98.40069433974348,0.0,0.9609886407852173,0.01536913588643074
7091,1,DME,GradCAM,CBAM1,12.449347972869873,12.593963753709986,0.0,0.9885170459747314,0.8640235662460327
7091,1,DME,GradCAM++,CBAM1,21.66242003440857,21.91405793504316,0.0,0.9885170459747314,0.7718928456306458
7091,1,DME,GradCAM,CBAM2,38.374048471450806,38.81981422527092,0.0,0.9885170459747314,0.6047765612602234
7091,1,DME,GradCAM++,CBAM2,46.841686964035034,47.38581563253513,0.0,0.9885170459747314,0.5201001763343811
7091,1,DME,ScoreCAM,CBAM2,66.32727980613708,67.0977596241218,0.0,0.9885170459747314,0.3252442479133606
7310,1,DME,GradCAM,CBAM1,8.291471004486084,8.391444716578658,0.0,0.9880862236022949,0.9051715135574341
7310,1,DME,GradCAM++,CBAM1,6.465184688568115,6.543138107488657,0.0,0.9880862236022949,0.9234343767166138
7310,1,DME,GradCAM,CBAM2,77.43771076202393,78.37140942618642,0.0,0.9880862236022949,0.21370911598205566
7310,1,DME,GradCAM++,CBAM2,82.68614858388901,83.6831298442826,0.0,0.9880862236022949,0.16122473776340485
7310,1,DME,ScoreCAM,CBAM2,88.26566562056541,89.32992143688986,0.0,0.9880862236022949,0.10542956739664078
7324,1,DME,GradCAM,CBAM1,74.06425476074219,75.41778739603174,0.0,0.9820528626441956,0.24141031503677368
7324,1,DME,GradCAM++,CBAM1,80.15894442796707,81.62385820647073,0.0,0.9820528626441956,0.18046341836452484
7324,1,DME,GradCAM,CBAM2,76.99737250804901,78.40450820201987,0.0,0.9820528626441956,0.21207913756370544
7324,1,DME,GradCAM++,CBAM2,78.53545993566513,79.97070435139297,0.0,0.9820528626441956,0.19669826328754425
7324,1,DME,ScoreCAM,CBAM2,80.23454397916794,81.70083934802302,0.0,0.9820528626441956,0.17970742285251617
7331,1,DME,GradCAM,CBAM1,12.693500518798828,17.291010171062464,0.0,0.7341098189353943,0.607174813747406
7331,1,DME,GradCAM++,CBAM1,36.84055507183075,50.18398285888217,0.0,0.7341098189353943,0.3657042682170868
7331,1,DME,GradCAM,CBAM2,0.0,0.0,1.0,0.7341098189353943,0.8523385524749756
7331,1,DME,GradCAM++,CBAM2,0.0,0.0,1.0,0.7341098189353943,0.789740800857544
7331,1,DME,ScoreCAM,CBAM2,0.0,0.0,1.0,0.7341098189353943,0.9130356311798096
7373,2,DRUSEN,GradCAM,CBAM1,94.60943788290024,97.944788520942,0.0,0.965946614742279,0.019852235913276672
7373,2,DRUSEN,GradCAM++,CBAM1,90.48466607928276,93.67460246928722,0.0,0.965946614742279,0.06109995394945145
7373,2,DRUSEN,GradCAM,CBAM2,71.28181159496307,73.79477268113187,0.0,0.965946614742279,0.2531284987926483
7373,2,DRUSEN,GradCAM++,CBAM2,59.89682078361511,62.008416665461176,0.0,0.965946614742279,0.36697840690612793
7373,2,DRUSEN,ScoreCAM,CBAM2,53.58193814754486,55.47090985678518,0.0,0.965946614742279,0.43012723326683044
7450,2,DRUSEN,GradCAM,CBAM1,81.5796791575849,99.12401973958173,0.0,0.8230061531066895,0.007209361530840397
7450,2,DRUSEN,GradCAM++,CBAM1,81.69158389791846,99.25999045930408,0.0,0.8230061531066895,0.006090314127504826
7450,2,DRUSEN,GradCAM,CBAM2,81.14430634304881,98.59501663601729,0.0,0.8230061531066895,0.011563089676201344
7450,2,DRUSEN,GradCAM++,CBAM2,81.15863939747214,98.6124321245833,0.0,0.8230061531066895,0.011419759131968021
7450,2,DRUSEN,ScoreCAM,CBAM2,80.28226997703314,97.54759268628446,0.0,0.8230061531066895,0.02018345333635807
7459,2,DRUSEN,GradCAM,CBAM1,93.52040905505419,98.44198016865361,0.0,0.9500053524971008,0.014801261946558952
7459,2,DRUSEN,GradCAM++,CBAM1,93.36907751858234,98.28268471365315,0.0,0.9500053524971008,0.01631457731127739
7459,2,DRUSEN,GradCAM,CBAM2,93.6862550675869,98.61655393326562,0.0,0.9500053524971008,0.013142801821231842
7459,2,DRUSEN,GradCAM++,CBAM2,93.53424860164523,98.45654803020196,0.0,0.9500053524971008,0.014662866480648518
7459,2,DRUSEN,ScoreCAM,CBAM2,93.5403035953641,98.46292167182324,0.0,0.9500053524971008,0.014602316543459892
7472,2,DRUSEN,GradCAM,CBAM1,76.69327240437269,97.31247324028452,0.0,0.7881134748458862,0.02118075080215931
7472,2,DRUSEN,GradCAM++,CBAM1,76.49548687040806,97.061512512207,0.0,0.7881134748458862,0.02315860614180565
7472,2,DRUSEN,GradCAM,CBAM2,75.48654191195965,95.78130987914876,0.0,0.7881134748458862,0.03324805572628975
7472,2,DRUSEN,GradCAM++,CBAM2,75.41414275765419,95.68944600967112,0.0,0.7881134748458862,0.03397204726934433
7472,2,DRUSEN,ScoreCAM,CBAM2,75.0495832413435,95.22687364754235,0.0,0.7881134748458862,0.03761764243245125
7513,2,DRUSEN,GradCAM,CBAM1,95.84582624956965,99.14760421864307,0.0,0.9666983485221863,0.008240086026489735
7513,2,DRUSEN,GradCAM++,CBAM1,93.70903335511684,96.93720127793738,0.0,0.9666983485221863,0.029608014971017838
7513,2,DRUSEN,GradCAM,CBAM2,93.7134800478816,96.94180115412995,0.0,0.9666983485221863,0.029563548043370247
7513,2,DRUSEN,GradCAM++,CBAM2,92.73719526827335,95.9318844919141,0.0,0.9666983485221863,0.039326395839452744
7513,2,DRUSEN,ScoreCAM,CBAM2,91.31586737930775,94.46159349944938,0.0,0.9666983485221863,0.05353967472910881
7532,2,DRUSEN,GradCAM,CBAM1,95.80607246607542,98.32677246423803,0.0,0.9743640422821045,0.01630331762135029
7532,2,DRUSEN,GradCAM++,CBAM1,94.62767615914345,97.11737203103034,0.0,0.9743640422821045,0.028087280690670013
7532,2,DRUSEN,GradCAM,CBAM2,83.73926430940628,85.94248126588471,0.0,0.9743640422821045,0.1369713991880417
7532,2,DRUSEN,GradCAM++,CBAM2,86.1930288374424,88.46080542027961,0.0,0.9743640422821045,0.11243375390768051
7532,2,DRUSEN,ScoreCAM,CBAM2,89.44378420710564,91.7970895966606,0.0,0.9743640422821045,0.07992620021104813
7578,2,DRUSEN,GradCAM,CBAM1,92.08593629300594,96.39326313896672,0.0,0.9553150534629822,0.034455690532922745
7578,2,DRUSEN,GradCAM++,CBAM1,94.90511124022305,99.34430521402592,0.0,0.9553150534629822,0.0062639410607516766
7578,2,DRUSEN,GradCAM,CBAM2,93.99735163897276,98.3940850866894,0.0,0.9553150534629822,0.015341537073254585
7578,2,DRUSEN,GradCAM++,CBAM2,93.68036761879921,98.06227411427105,0.0,0.9553150534629822,0.018511377274990082
7578,2,DRUSEN,ScoreCAM,CBAM2,93.46478022634983,97.83660260474007,0.0,0.9553150534629822,0.02066725119948387
7610,2,DRUSEN,GradCAM,CBAM1,79.85909443814307,99.6850673670156,0.0,0.8011139035224915,0.00252295914106071
7610,2,DRUSEN,GradCAM++,CBAM1,79.95657925494015,99.80675395259546,0.0,0.8011139035224915,0.0015481109730899334
7610,2,DRUSEN,GradCAM,CBAM2,79.16567865759134,98.81950284635612,0.0,0.8011139035224915,0.009457116946578026
7610,2,DRUSEN,GradCAM++,CBAM2,79.11652140319347,98.75814171709834,0.0,0.8011139035224915,0.009948689490556717
7610,2,DRUSEN,ScoreCAM,CBAM2,77.58351434022188,96.84454736167018,0.0,0.8011139035224915,0.025278760120272636
7683,2,DRUSEN,GradCAM,CBAM1,91.67439136654139,98.798509161895,0.0,0.9278924465179443,0.01114853285253048
7683,2,DRUSEN,GradCAM++,CBAM1,92.66863587545231,99.870017505267,0.0,0.9278924465179443,0.0012060877634212375
7683,2,DRUSEN,GradCAM,CBAM2,90.21141156554222,97.22183959127555,0.0,0.9278924465179443,0.025778330862522125
7683,2,DRUSEN,GradCAM++,CBAM2,90.65478816628456,97.69967147537793,0.0,0.9278924465179443,0.021344564855098724
7683,2,DRUSEN,ScoreCAM,CBAM2,90.63915777951479,97.68282643405878,0.0,0.9278924465179443,0.02150086872279644
7685,2,DRUSEN,GradCAM,CBAM1,90.82221584394574,99.74785971349918,0.0,0.9105179309844971,0.0022957725450396538
7685,2,DRUSEN,GradCAM++,CBAM1,89.28057309240103,98.05471048254847,0.0,0.9105179309844971,0.017712200060486794
7685,2,DRUSEN,GradCAM,CBAM2,89.1675304621458,97.93055847502956,0.0,0.9105179309844971,0.018842626363039017
7685,2,DRUSEN,GradCAM++,CBAM2,89.44928701967001,98.24000493933487,0.0,0.9105179309844971,0.016025060787796974
7685,2,DRUSEN,ScoreCAM,CBAM2,89.21147771179676,97.9788246844833,0.0,0.9105179309844971,0.018403153866529465
7688,2,DRUSEN,GradCAM,CBAM1,84.48175489902496,98.06989101550889,0.0,0.861444354057312,0.016626805067062378
7688,2,DRUSEN,GradCAM++,CBAM1,83.2534359768033,96.6440079597113,0.0,0.861444354057312,0.028909994289278984
7688,2,DRUSEN,GradCAM,CBAM2,81.53979182243347,94.65473944061769,0.0,0.861444354057312,0.046046435832977295
7688,2,DRUSEN,GradCAM++,CBAM2,80.63888773322105,93.60893297092386,0.0,0.861444354057312,0.05505547672510147
7688,2,DRUSEN,ScoreCAM,CBAM2,80.64087815582752,93.6112435352383,0.0,0.861444354057312,0.05503557249903679
7698,2,DRUSEN,GradCAM,CBAM1,96.01238160394132,99.39862056652969,0.0,0.9659327268600464,0.005808910820633173
7698,2,DRUSEN,GradCAM++,CBAM1,93.93711611628532,97.25016300994862,0.0,0.9659327268600464,0.026561565697193146
7698,2,DRUSEN,GradCAM,CBAM2,94.117371737957,97.43677602635557,0.0,0.9659327268600464,0.02475900948047638
7698,2,DRUSEN,GradCAM++,CBAM2,94.56965643912554,97.90501225431362,0.0,0.9659327268600464,0.020236162468791008
7698,2,DRUSEN,ScoreCAM,CBAM2,93.76197140663862,97.06884116116643,0.0,0.9659327268600464,0.028313012793660164
7745,2,DRUSEN,GradCAM,CBAM1,79.35161832720041,97.16377117707808,0.0,0.816679060459137,0.023162877187132835
7745,2,DRUSEN,GradCAM++,CBAM1,80.23694641888142,98.24782992635308,0.0,0.816679060459137,0.0143095962703228
7745,2,DRUSEN,GradCAM,CBAM2,80.5188613012433,98.59302658016644,0.0,0.816679060459137,0.01149044744670391
7745,2,DRUSEN,GradCAM++,CBAM2,80.36596216261387,98.40580598867572,0.0,0.816679060459137,0.013019438832998276
7745,2,DRUSEN,ScoreCAM,CBAM2,80.69455018267035,98.80815255532859,0.0,0.816679060459137,0.009733558632433414
7752,2,DRUSEN,GradCAM,CBAM1,88.19521991536021,98.58672012417452,0.0,0.8945953249931335,0.012643125839531422
7752,2,DRUSEN,GradCAM++,CBAM1,88.21600936353207,98.60995906513324,0.0,0.8945953249931335,0.012435231357812881
7752,2,DRUSEN,GradCAM,CBAM2,83.26024487614632,93.07028733475944,0.0,0.8945953249931335,0.06199287623167038
7752,2,DRUSEN,GradCAM++,CBAM2,84.31824371218681,94.25294366511982,0.0,0.8945953249931335,0.05141288787126541
7752,2,DRUSEN,ScoreCAM,CBAM2,84.62435528635979,94.59512248295965,0.0,0.8945953249931335,0.048351772129535675
7779,2,DRUSEN,GradCAM,CBAM1,57.50026317546144,99.75907721583842,0.0,0.5763912796974182,0.0013886479428038
7779,2,DRUSEN,GradCAM++,CBAM1,56.62733633071184,98.2446080343075,0.0,0.5763912796974182,0.010117916390299797
7779,2,DRUSEN,GradCAM,CBAM2,57.587398192845285,99.91025059222581,0.0,0.5763912796974182,0.0005172977689653635
7779,2,DRUSEN,GradCAM++,CBAM2,57.46305541833863,99.69452426754118,0.0,0.5763912796974182,0.0017607255140319467
7779,2,DRUSEN,ScoreCAM,CBAM2,57.33016352169216,99.46396579273107,0.0,0.5763912796974182,0.003089644480496645
7814,2,DRUSEN,GradCAM,CBAM1,94.24747414886951,98.99317818210586,0.0,0.9520602822303772,0.009585540741682053
7814,2,DRUSEN,GradCAM++,CBAM1,94.3814585916698,99.1339092302272,0.0,0.9520602822303772,0.008245696313679218
7814,2,DRUSEN,GradCAM,CBAM2,94.09879436716437,98.83701183117358,0.0,0.9520602822303772,0.011072338558733463
7814,2,DRUSEN,GradCAM++,CBAM2,93.73624986037612,98.45621188630987,0.0,0.9520602822303772,0.014697783626616001
7814,2,DRUSEN,ScoreCAM,CBAM2,94.39861392602324,99.15192839822889,0.0,0.9520602822303772,0.008074142970144749
7897,2,DRUSEN,GradCAM,CBAM1,92.30629140511155,99.13736173771832,0.0,0.9310948848724365,0.00803197082132101
7897,2,DRUSEN,GradCAM++,CBAM1,92.18556638807058,99.00770254002987,0.0,0.9310948848724365,0.00923922099173069
7897,2,DRUSEN,GradCAM,CBAM2,91.03970620781183,97.7770436817663,0.0,0.9310948848724365,0.0206978227943182
7897,2,DRUSEN,GradCAM++,CBAM2,91.03165194392204,97.76839336703024,0.0,0.9310948848724365,0.020778365433216095
7897,2,DRUSEN,ScoreCAM,CBAM2,91.16202406585217,97.90841359767278,0.0,0.9310948848724365,0.01947464421391487
7914,2,DRUSEN,GradCAM,CBAM1,91.94843890145421,98.56773072169999,0.0,0.9328452348709106,0.013360845856368542
7914,2,DRUSEN,GradCAM++,CBAM1,92.61641683988273,99.28379583764637,0.0,0.9328452348709106,0.00668106647208333
7914,2,DRUSEN,GradCAM,CBAM2,92.8976244525984,99.58524735306314,0.0,0.9328452348709106,0.003868990344926715
7914,2,DRUSEN,GradCAM++,CBAM2,92.80021018348634,99.48082031154938,0.0,0.9328452348709106,0.00484313303604722
7914,2,DRUSEN,ScoreCAM,CBAM2,92.66132316552103,99.33193493240535,0.0,0.9328452348709106,0.006232003215700388
7925,2,DRUSEN,GradCAM,CBAM1,89.04959112405777,95.52299002829119,0.0,0.9322320222854614,0.04173611104488373
7925,2,DRUSEN,GradCAM++,CBAM1,89.87085185945034,96.40395174913999,0.0,0.9322320222854614,0.03352350369095802
7925,2,DRUSEN,GradCAM,CBAM2,87.29640133678913,93.64235331280469,0.0,0.9322320222854614,0.059268008917570114
7925,2,DRUSEN,GradCAM++,CBAM2,84.93921309709549,91.11381089197116,0.0,0.9322320222854614,0.08283989131450653
7925,2,DRUSEN,ScoreCAM,CBAM2,86.62051931023598,92.91733850624826,0.0,0.9322320222854614,0.06602682918310165
7926,2,DRUSEN,GradCAM,CBAM1,54.16251514106989,97.7030073377185,0.0,0.554358720779419,0.012733569368720055
7926,2,DRUSEN,GradCAM++,CBAM1,54.12716157734394,97.63923353609326,0.0,0.554358720779419,0.013087105005979538
7926,2,DRUSEN,GradCAM,CBAM2,53.340679965913296,96.22051030190721,0.0,0.554358720779419,0.020951921120285988
7926,2,DRUSEN,GradCAM++,CBAM2,54.2522756382823,97.8649250495334,0.0,0.554358720779419,0.011835964396595955
7926,2,DRUSEN,ScoreCAM,CBAM2,54.44581173360348,98.21404211863604,0.0,0.554358720779419,0.00990060344338417
7932,2,DRUSEN,GradCAM,CBAM1,83.49587712436914,97.39186886718305,0.0,0.8573187589645386,0.02235998772084713
7932,2,DRUSEN,GradCAM++,CBAM1,84.19060157611966,98.20221441996921,0.0,0.8573187589645386,0.015412743203341961
7932,2,DRUSEN,GradCAM,CBAM2,82.92373269796371,96.72450399997447,0.0,0.8573187589645386,0.028081431984901428
7932,2,DRUSEN,GradCAM++,CBAM2,82.21705742180347,95.9002186795752,0.0,0.8573187589645386,0.03514818474650383
7932,2,DRUSEN,ScoreCAM,CBAM2,82.85356406122446,96.6426573878631,0.0,0.8573187589645386,0.028783118352293968
7938,2,DRUSEN,GradCAM,CBAM1,37.802822166122496,99.56724821092266,0.0,0.37967124581336975,0.0016430241521447897
7938,2,DRUSEN,GradCAM++,CBAM1,37.20792010426521,98.00036092949593,0.0,0.37967124581336975,0.007592044770717621
7938,2,DRUSEN,GradCAM,CBAM2,37.21615085378289,98.02203955117626,0.0,0.37967124581336975,0.007509737275540829
7938,2,DRUSEN,GradCAM++,CBAM2,37.22939812578261,98.05693097842256,0.0,0.37967124581336975,0.007377264555543661
7938,2,DRUSEN,ScoreCAM,CBAM2,36.69173829257488,96.64081157255418,0.0,0.37967124581336975,0.012753862887620926
7952,2,DRUSEN,GradCAM,CBAM1,78.80256902426481,97.24700413843583,0.0,0.8103341460227966,0.022308455780148506
7952,2,DRUSEN,GradCAM++,CBAM1,79.15541231632233,97.68243350968349,0.0,0.8103341460227966,0.018780022859573364
7952,2,DRUSEN,GradCAM,CBAM2,80.45562873594463,99.28697703035144,0.0,0.8103341460227966,0.005777858663350344
7952,2,DRUSEN,GradCAM++,CBAM2,80.39522049948573,99.21242971427212,0.0,0.8103341460227966,0.00638194102793932
7952,2,DRUSEN,ScoreCAM,CBAM2,80.68459199275821,99.56953115337811,0.0,0.8103341460227966,0.003488226095214486
7979,2,DRUSEN,GradCAM,CBAM1,91.08998728916049,99.10028367356378,0.0,0.9191697835922241,0.00826991070061922
7979,2,DRUSEN,GradCAM++,CBAM1,91.44978416152298,99.4917204623603,0.0,0.9191697835922241,0.004671941976994276
7979,2,DRUSEN,GradCAM,CBAM2,89.19760249555111,97.0414858248946,0.0,0.9191697835922241,0.027193758636713028
7979,2,DRUSEN,GradCAM++,CBAM2,89.38947170972824,97.25022768686036,0.0,0.9191697835922241,0.02527506649494171
7979,2,DRUSEN,ScoreCAM,CBAM2,88.9164263382554,96.7355835212551,0.0,0.9191697835922241,0.030005520209670067
7992,2,DRUSEN,GradCAM,CBAM1,93.80642152391374,99.51739505942906,0.0,0.9426133036613464,0.004549088422209024
7992,2,DRUSEN,GradCAM++,CBAM1,94.19461527140811,99.92922220197867,0.0,0.9426133036613464,0.000667150947265327
7992,2,DRUSEN,GradCAM,CBAM2,93.6542394105345,99.35594803637767,0.0,0.9426133036613464,0.006070909556001425
7992,2,DRUSEN,GradCAM++,CBAM2,93.65217126905918,99.35375398559847,0.0,0.9426133036613464,0.006091590970754623
7992,2,DRUSEN,ScoreCAM,CBAM2,93.64154571667314,99.34248154521167,0.0,0.9426133036613464,0.006197846494615078
8060,2,DRUSEN,GradCAM,CBAM1,26.74234271980822,97.23562493755799,0.0,0.2750261723995209,0.007602745201438665
8060,2,DRUSEN,GradCAM++,CBAM1,25.70615578442812,93.46803115306925,0.0,0.2750261723995209,0.017964614555239677
8060,2,DRUSEN,GradCAM,CBAM2,26.923818374052644,97.895473584189,0.0,0.2750261723995209,0.005787988658994436
8060,2,DRUSEN,GradCAM++,CBAM2,0.0,0.0,1.0,0.2750261723995209,0.7541382908821106
8060,2,DRUSEN,ScoreCAM,CBAM2,0.0,0.0,1.0,0.2750261723995209,0.3667360842227936
8101,2,DRUSEN,GradCAM,CBAM1,94.39303912222385,96.94695690441391,0.0,0.9736565351486206,0.029726143926382065
8101,2,DRUSEN,GradCAM++,CBAM1,93.861198797822,96.40072699711052,0.0,0.9736565351486206,0.03504454717040062
8101,2,DRUSEN,GradCAM,CBAM2,87.33693137764931,89.699937634906,0.0,0.9736565351486206,0.10028722137212753
8101,2,DRUSEN,GradCAM++,CBAM2,90.18741399049759,92.62754350070253,0.0,0.9736565351486206,0.07178239524364471
8101,2,DRUSEN,ScoreCAM,CBAM2,88.30792382359505,90.69720145527864,0.0,0.9736565351486206,0.09057729691267014
8116,2,DRUSEN,GradCAM,CBAM1,76.26939947949722,99.79321902983564,0.0,0.7642743587493896,0.0015803639544174075
8116,2,DRUSEN,GradCAM++,CBAM1,75.345619302243,98.58451674303014,0.0,0.7642743587493896,0.010818165726959705
8116,2,DRUSEN,GradCAM,CBAM2,76.00329145789146,99.4450351413177,0.0,0.7642743587493896,0.004241444170475006
8116,2,DRUSEN,GradCAM++,CBAM2,75.58797439560294,98.90162157248625,0.0,0.7642743587493896,0.008394614793360233
8116,2,DRUSEN,ScoreCAM,CBAM2,76.34430605685338,99.89122909064501,0.0,0.7642743587493896,0.0008312981808558106
8171,2,DRUSEN,GradCAM,CBAM1,83.83203241974115,98.65890979416412,0.0,0.8497157692909241,0.011395445093512535
8171,2,DRUSEN,GradCAM++,CBAM1,76.63666978478432,90.19094578746854,0.0,0.8497157692909241,0.0833490714430809
8171,2,DRUSEN,GradCAM,CBAM2,83.87648668140173,98.71122641902153,0.0,0.8497157692909241,0.010950902476906776
8171,2,DRUSEN,GradCAM++,CBAM2,83.95771933719516,98.8068262157691,0.0,0.8497157692909241,0.010138575918972492
8171,2,DRUSEN,ScoreCAM,CBAM2,77.1748885512352,90.82435613427887,0.0,0.8497157692909241,0.07796688377857208
8176,2,DRUSEN,GradCAM,CBAM1,89.6139987744391,98.29683564700747,0.0,0.9116671681404114,0.015527180396020412
8176,2,DRUSEN,GradCAM++,CBAM1,89.34565018862486,98.00248635787148,0.0,0.9116671681404114,0.01821066625416279
8176,2,DRUSEN,GradCAM,CBAM2,89.65158304199576,98.33806151150917,0.0,0.9116671681404114,0.01515133772045374
8176,2,DRUSEN,GradCAM++,CBAM2,82.91430026292801,90.94799313939748,0.0,0.9116671681404114,0.08252416551113129
8176,2,DRUSEN,ScoreCAM,CBAM2,80.90244010090828,88.74120078111225,0.0,0.9116671681404114,0.10264276713132858
8203,2,DRUSEN,GradCAM,CBAM1,78.06360423564911,88.11895074707529,0.0,0.885888934135437,0.10525289177894592
8203,2,DRUSEN,GradCAM++,CBAM1,88.4692182764411,99.86490842007358,0.0,0.885888934135437,0.0011967513710260391
8203,2,DRUSEN,GradCAM,CBAM2,84.89141501486301,95.82624952804986,0.0,0.885888934135437,0.03697478398680687
8203,2,DRUSEN,GradCAM++,CBAM2,84.38437394797802,95.25389667248982,0.0,0.885888934135437,0.042045194655656815
8203,2,DRUSEN,ScoreCAM,CBAM2,84.06731598079205,94.8959985755727,0.0,0.885888934135437,0.045215774327516556
8216,2,DRUSEN,GradCAM,CBAM1,88.27489363029599,99.48929790516327,0.0,0.887280285358429,0.004531349055469036
8216,2,DRUSEN,GradCAM++,CBAM1,88.21339891292155,99.41999092551305,0.0,0.887280285358429,0.005146296229213476
8216,2,DRUSEN,GradCAM,CBAM2,27.142655849456787,30.590847099215857,0.0,0.887280285358429,0.6158537268638611
8216,2,DRUSEN,GradCAM++,CBAM2,24.745994806289673,27.88971527457757,0.0,0.887280285358429,0.6398203372955322
8216,2,DRUSEN,ScoreCAM,CBAM2,19.040250778198242,21.459115995026885,0.0,0.887280285358429,0.6968777775764465
8241,2,DRUSEN,GradCAM,CBAM1,86.99730448424816,98.85660207461987,0.0,0.8800353407859802,0.010062295943498611
8241,2,DRUSEN,GradCAM++,CBAM1,86.99660571292043,98.85580804819001,0.0,0.8800353407859802,0.010069283656775951
8241,2,DRUSEN,GradCAM,CBAM2,24.772000312805176,28.148869577433132,0.0,0.8800353407859802,0.6323153376579285
8241,2,DRUSEN,GradCAM++,CBAM2,19.617021083831787,22.29117394694584,0.0,0.8800353407859802,0.6838651299476624
8241,2,DRUSEN,ScoreCAM,CBAM2,24.470168352127075,27.805892490877998,0.0,0.8800353407859802,0.6353336572647095
8260,2,DRUSEN,GradCAM,CBAM1,71.14607756957412,98.20670724830713,0.0,0.7244523167610168,0.012991541065275669
8260,2,DRUSEN,GradCAM++,CBAM1,71.2030022405088,98.28528339311596,0.0,0.7244523167610168,0.012422294355928898
8260,2,DRUSEN,GradCAM,CBAM2,62.5347800552845,86.32007620829071,0.0,0.7244523167610168,0.09910451620817184
8260,2,DRUSEN,GradCAM++,CBAM2,61.91554665565491,85.46531547834985,0.0,0.7244523167610168,0.10529685020446777
8260,2,DRUSEN,ScoreCAM,CBAM2,64.24567177891731,88.6817108672366,0.0,0.7244523167610168,0.08199559897184372
8269,2,DRUSEN,GradCAM,CBAM1,93.5331670101732,99.49804978958447,0.0,0.9400502443313599,0.004718574229627848
8269,2,DRUSEN,GradCAM++,CBAM1,92.86173172295094,98.78379511635976,0.0,0.9400502443313599,0.01143292710185051
8269,2,DRUSEN,GradCAM,CBAM2,91.43229760229588,97.26320181396042,0.0,0.9400502443313599,0.025727268308401108
8269,2,DRUSEN,GradCAM++,CBAM2,91.86879768967628,97.72753878463746,0.0,0.9400502443313599,0.021362267434597015
8269,2,DRUSEN,ScoreCAM,CBAM2,89.77494947612286,95.50015976537136,0.0,0.9400502443313599,0.0423007495701313
8284,2,DRUSEN,GradCAM,CBAM1,91.19470808655024,98.16879107780436,0.0,0.9289582371711731,0.017011156305670738
8284,2,DRUSEN,GradCAM++,CBAM1,91.1145443096757,98.08249680449481,0.0,0.9289582371711731,0.01781279407441616
8284,2,DRUSEN,GradCAM,CBAM2,76.30320489406586,82.13846545463302,0.0,0.9289582371711731,0.16592618823051453
8284,2,DRUSEN,GradCAM++,CBAM2,79.29774820804596,85.36201540760344,0.0,0.9289582371711731,0.1359807550907135
8284,2,DRUSEN,ScoreCAM,CBAM2,73.43005388975143,79.04559124520152,0.0,0.9289582371711731,0.19465769827365875
8289,2,DRUSEN,GradCAM,CBAM1,96.4965844526887,97.93550528568446,0.0,0.9853074550628662,0.02034161053597927
8289,2,DRUSEN,GradCAM++,CBAM1,95.97439486533403,97.40552900328478,0.0,0.9853074550628662,0.02556350640952587
8289,2,DRUSEN,GradCAM,CBAM2,85.63452363014221,86.91147349084422,0.0,0.9853074550628662,0.1289622187614441
8289,2,DRUSEN,GradCAM++,CBAM2,92.02024564146996,93.39241699097319,0.0,0.9853074550628662,0.06510499864816666
8289,2,DRUSEN,ScoreCAM,CBAM2,94.52958144247532,95.93917106519028,0.0,0.9853074550628662,0.04001164063811302
8297,2,DRUSEN,GradCAM,CBAM1,92.60730063542724,99.21003670940765,0.0,0.9334468841552734,0.007373877801001072
8297,2,DRUSEN,GradCAM++,CBAM1,90.66284447908401,97.12694428227728,0.0,0.9334468841552734,0.02681843936443329
8297,2,DRUSEN,GradCAM,CBAM2,91.62435587495565,98.15700973312626,0.0,0.9334468841552734,0.017203325405716896
8297,2,DRUSEN,GradCAM++,CBAM2,92.0088934712112,98.56896417709441,0.0,0.9334468841552734,0.013357949443161488
8297,2,DRUSEN,ScoreCAM,CBAM2,91.89994456246495,98.45224740463696,0.0,0.9334468841552734,0.014447438530623913
8326,2,DRUSEN,GradCAM,CBAM1,77.48385397717357,98.48054910099916,0.0,0.7867934703826904,0.011954930610954762
8326,2,DRUSEN,GradCAM++,CBAM1,76.79649144411087,97.60692400089238,0.0,0.7867934703826904,0.018828555941581726
8326,2,DRUSEN,GradCAM,CBAM2,75.82125458866358,96.3674159473013,0.0,0.7867934703826904,0.02858092449605465
8326,2,DRUSEN,GradCAM++,CBAM2,76.43190212547779,97.14353770229754,0.0,0.7867934703826904,0.02247444912791252
8326,2,DRUSEN,ScoreCAM,CBAM2,76.25761199742556,96.92201816458167,0.0,0.7867934703826904,0.024217350408434868
8339,2,DRUSEN,GradCAM,CBAM1,84.70037542283535,98.29476974981574,0.0,0.8616976737976074,0.014693919569253922
8339,2,DRUSEN,GradCAM++,CBAM1,85.32093670219183,99.01493099780888,0.0,0.8616976737976074,0.008488306775689125
8339,2,DRUSEN,GradCAM,CBAM2,81.49934895336628,94.57997913396801,0.0,0.8616976737976074,0.046704184263944626
8339,2,DRUSEN,GradCAM++,CBAM2,82.31831453740597,95.53038854023495,0.0,0.8616976737976074,0.038514528423547745
8339,2,DRUSEN,ScoreCAM,CBAM2,82.51931369304657,95.76364802255685,0.0,0.8616976737976074,0.036504536867141724
8347,2,DRUSEN,GradCAM,CBAM1,93.60923022031784,99.44991757574013,0.0,0.9412700533866882,0.005177751183509827
8347,2,DRUSEN,GradCAM++,CBAM1,93.73876489698887,99.58753448475449,0.0,0.9412700533866882,0.0038824044167995453
8347,2,DRUSEN,GradCAM,CBAM2,91.43219590187073,97.13704860951152,0.0,0.9412700533866882,0.026948094367980957
8347,2,DRUSEN,GradCAM++,CBAM2,91.50497280061245,97.21436637576434,0.0,0.9412700533866882,0.026220325380563736
8347,2,DRUSEN,ScoreCAM,CBAM2,91.4500618353486,97.15602927634967,0.0,0.9412700533866882,0.02676943503320217
8362,2,DRUSEN,GradCAM,CBAM1,82.2102040052414,86.99263106732064,0.0,0.9450249075889587,0.1229228675365448
8362,2,DRUSEN,GradCAM++,CBAM1,86.58730462193489,91.62436144312998,0.0,0.9450249075889587,0.07915186136960983
8362,2,DRUSEN,GradCAM,CBAM2,71.25235348939896,75.39732779870506,0.0,0.9450249075889587,0.23250137269496918
8362,2,DRUSEN,GradCAM++,CBAM2,70.13378143310547,74.21368487514353,0.0,0.9450249075889587,0.24368709325790405
8362,2,DRUSEN,ScoreCAM,CBAM2,67.12932884693146,71.03445379852889,0.0,0.9450249075889587,0.27373161911964417
8399,2,DRUSEN,GradCAM,CBAM1,95.18535025417805,96.10788026375106,0.0,0.9904010891914368,0.038547586649656296
8399,2,DRUSEN,GradCAM++,CBAM1,97.89927490055561,98.84810808517938,0.0,0.9904010891914368,0.011408340185880661
8399,2,DRUSEN,GradCAM,CBAM2,95.71169912815094,96.6393304755921,0.0,0.9904010891914368,0.03328409790992737
8399,2,DRUSEN,GradCAM++,CBAM2,96.83961868286133,97.77818175072824,0.0,0.9904010891914368,0.022004902362823486
8399,2,DRUSEN,ScoreCAM,CBAM2,96.57810032367706,97.5141287732045,0.0,0.9904010891914368,0.024620085954666138
8465,2,DRUSEN,GradCAM,CBAM1,75.11362750083208,98.23584667848532,0.0,0.7646254301071167,0.01348915509879589
8465,2,DRUSEN,GradCAM++,CBAM1,76.26021043397486,99.73538210197601,0.0,0.7646254301071167,0.0020233257673680782
8465,2,DRUSEN,GradCAM,CBAM2,67.67243444919586,88.5040320391584,0.0,0.7646254301071167,0.08790108561515808
8465,2,DRUSEN,GradCAM++,CBAM2,66.15834832191467,86.52386495621506,0.0,0.7646254301071167,0.10304194688796997
8465,2,DRUSEN,ScoreCAM,CBAM2,65.64448773860931,85.8518227295879,0.0,0.7646254301071167,0.10818055272102356
8506,2,DRUSEN,GradCAM,CBAM1,71.11543007194996,94.61021466266493,0.0,0.7516675591468811,0.040513258427381516
8506,2,DRUSEN,GradCAM++,CBAM1,69.82108131051064,92.88824498542002,0.0,0.7516675591468811,0.05345674604177475
8506,2,DRUSEN,GradCAM,CBAM2,38.86217176914215,51.701275090595544,0.0,0.7516675591468811,0.3630458414554596
8506,2,DRUSEN,GradCAM++,CBAM2,44.729048013687134,59.50642258578907,0.0,0.7516675591468811,0.30437707901000977
8506,2,DRUSEN,ScoreCAM,CBAM2,71.89272344112396,95.64430659516138,0.0,0.7516675591468811,0.03274032473564148
8515,2,DRUSEN,GradCAM,CBAM1,88.47401002421975,98.53384635261624,0.0,0.8979047536849976,0.013164653442800045
8515,2,DRUSEN,GradCAM++,CBAM1,89.34832913801074,99.50757892332093,0.0,0.8979047536849976,0.004421462304890156
8515,2,DRUSEN,GradCAM,CBAM2,82.82100260257721,92.23807017425784,0.0,0.8979047536849976,0.06969472765922546
8515,2,DRUSEN,GradCAM++,CBAM2,82.53319188952446,91.91753427257538,0.0,0.8979047536849976,0.07257283478975296
8515,2,DRUSEN,ScoreCAM,CBAM2,76.67808681726456,85.39668116090397,0.0,0.8979047536849976,0.131123885512352
8572,2,DRUSEN,GradCAM,CBAM1,95.16369923949242,96.51359993987053,0.0,0.9860133528709412,0.034376360476017
8572,2,DRUSEN,GradCAM++,CBAM1,95.99411468952894,97.35579486471276,0.0,0.9860133528709412,0.02607220597565174
8572,2,DRUSEN,GradCAM,CBAM2,56.51309788227081,57.31473832943153,0.0,0.9860133528709412,0.42088237404823303
8572,2,DRUSEN,GradCAM++,CBAM2,48.6518532037735,49.34198159557957,0.0,0.9860133528709412,0.4994948208332062
8572,2,DRUSEN,ScoreCAM,CBAM2,57.67929553985596,58.49747854523303,0.0,0.9860133528709412,0.4092203974723816
8589,2,DRUSEN,GradCAM,CBAM1,94.6031617000699,98.0670207603294,0.0,0.9646786451339722,0.018647028133273125
8589,2,DRUSEN,GradCAM++,CBAM1,93.88955514878035,97.32728577449575,0.0,0.9646786451339722,0.02578309364616871
8589,2,DRUSEN,GradCAM,CBAM2,22.033578157424927,22.840329305684655,0.0,0.9646786451339722,0.7443428635597229
8589,2,DRUSEN,GradCAM++,CBAM2,19.57845687866211,20.29531468791864,0.0,0.9646786451339722,0.7688940763473511
8589,2,DRUSEN,ScoreCAM,CBAM2,25.78035593032837,26.72429393262366,0.0,0.9646786451339722,0.7068750858306885
8663,2,DRUSEN,GradCAM,CBAM1,88.80386240780354,97.57613179820396,0.0,0.9100981950759888,0.022059570997953415
8663,2,DRUSEN,GradCAM++,CBAM1,90.3923861682415,99.32157394013778,0.0,0.9100981950759888,0.006174333393573761
8663,2,DRUSEN,GradCAM,CBAM2,86.58908233046532,95.14257016168442,0.0,0.9100981950759888,0.0442073717713356
8663,2,DRUSEN,GradCAM++,CBAM2,88.03721517324448,96.73375321720779,0.0,0.9100981950759888,0.029726043343544006
8663,2,DRUSEN,ScoreCAM,CBAM2,86.85210980474949,95.43158015293278,0.0,0.9100981950759888,0.04157709702849388
8667,2,DRUSEN,GradCAM,CBAM1,92.9407138377428,96.03241660500333,0.0,0.9678056240081787,0.038398485630750656
8667,2,DRUSEN,GradCAM++,CBAM1,93.64690519869328,96.76209964892793,0.0,0.9678056240081787,0.031336572021245956
8667,2,DRUSEN,GradCAM,CBAM2,93.42676848173141,96.53464001320525,0.0,0.9678056240081787,0.03353793919086456
8667,2,DRUSEN,GradCAM++,CBAM2,93.85565835982561,96.97779705117159,0.0,0.9678056240081787,0.0292490404099226
8667,2,DRUSEN,ScoreCAM,CBAM2,93.07209625840187,96.16816950418304,0.0,0.9678056240081787,0.037084661424160004
8708,3,NORMAL,GradCAM,CBAM1,89.29581344127655,94.6099566372518,0.0,0.9438310265541077,0.05087289214134216
8708,3,NORMAL,GradCAM++,CBAM1,76.75538659095764,81.32322801249335,0.0,0.9438310265541077,0.17627716064453125
8708,3,NORMAL,GradCAM,CBAM2,9.352201223373413,9.908766358773233,0.0,0.9438310265541077,0.8503090143203735
8708,3,NORMAL,GradCAM++,CBAM2,9.49069857597351,10.055505920449175,0.0,0.9438310265541077,0.8489240407943726
8708,3,NORMAL,ScoreCAM,CBAM2,10.596543550491333,11.227161578812796,0.0,0.9438310265541077,0.8378655910491943
8754,3,NORMAL,GradCAM,CBAM1,86.79170683026314,89.02233486345035,0.0,0.9749430418014526,0.10702597349882126
8754,3,NORMAL,GradCAM++,CBAM1,91.10631868243217,93.44783627524737,0.0,0.9749430418014526,0.06387985497713089
8754,3,NORMAL,GradCAM,CBAM2,14.344793558120728,14.713468167822837,0.0,0.9749430418014526,0.8314951062202454
8754,3,NORMAL,GradCAM++,CBAM2,15.07461667060852,15.462048416832525,0.0,0.9749430418014526,0.8241968750953674
8754,3,NORMAL,ScoreCAM,CBAM2,31.70228600502014,32.51706440334355,0.0,0.9749430418014526,0.6579201817512512
8817,3,NORMAL,GradCAM,CBAM1,91.73664227128029,94.5853912481232,0.0,0.9698817133903503,0.052515290677547455
8817,3,NORMAL,GradCAM++,CBAM1,87.73441463708878,90.45888021314751,0.0,0.9698817133903503,0.09253756701946259
8817,3,NORMAL,GradCAM,CBAM2,35.97251772880554,37.089592329937744,0.0,0.9698817133903503,0.6101565361022949
8817,3,NORMAL,GradCAM++,CBAM2,35.423773527145386,36.523807669369084,0.0,0.9698817133903503,0.6156439781188965
8817,3,NORMAL,ScoreCAM,CBAM2,46.296221017837524,47.733883319300965,0.0,0.9698817133903503,0.5069195032119751
9095,3,NORMAL,GradCAM,CBAM1,56.45979046821594,57.597578903395785,0.0,0.9802458882331848,0.4156479835510254
9095,3,NORMAL,GradCAM++,CBAM1,34.012800455093384,34.698232878504,0.0,0.9802458882331848,0.640117883682251
9095,3,NORMAL,GradCAM,CBAM2,34.14701819419861,34.83515539901354,0.0,0.9802458882331848,0.6387757062911987
9095,3,NORMAL,GradCAM++,CBAM2,26.75623893737793,27.295435753012505,0.0,0.9802458882331848,0.7126834988594055
9095,3,NORMAL,ScoreCAM,CBAM2,21.84687852859497,22.287140979597293,0.0,0.9802458882331848,0.7617771029472351
9097,3,NORMAL,GradCAM,CBAM1,71.16519808769226,73.8295348475234,0.0,0.963912308216095,0.25226032733917236
9097,3,NORMAL,GradCAM++,CBAM1,72.91490137577057,75.64474485678699,0.0,0.963912308216095,0.23476329445838928
9097,3,NORMAL,GradCAM,CBAM2,30.58122992515564,31.726153247789263,0.0,0.963912308216095,0.6581000089645386
9097,3,NORMAL,GradCAM++,CBAM2,26.10129714012146,27.078497335138245,0.0,0.963912308216095,0.7028993368148804
9097,3,NORMAL,ScoreCAM,CBAM2,47.38800823688507,49.162156496335356,0.0,0.963912308216095,0.49003222584724426
9138,3,NORMAL,GradCAM,CBAM1,93.16340405493975,99.38613171103596,0.0,0.9373883605003357,0.005754319950938225
9138,3,NORMAL,GradCAM++,CBAM1,93.38804369326681,99.62577586003171,0.0,0.9373883605003357,0.0035079235676676035
9138,3,NORMAL,GradCAM,CBAM2,11.803770065307617,12.592187439883956,0.0,0.9373883605003357,0.8193506598472595
9138,3,NORMAL,GradCAM++,CBAM2,11.183476448059082,11.930462122214985,0.0,0.9373883605003357,0.8255535960197449
9138,3,NORMAL,ScoreCAM,CBAM2,10.603278875350952,11.311511011910035,0.0,0.9373883605003357,0.8313555717468262
9221,3,NORMAL,GradCAM,CBAM1,92.11941473186016,93.70334123310637,0.0,0.9830963611602783,0.06190221384167671
9221,3,NORMAL,GradCAM++,CBAM1,95.12101523578167,96.75655207995239,0.0,0.9830963611602783,0.031886208802461624
9221,3,NORMAL,GradCAM,CBAM2,36.6834282875061,37.314173222113794,0.0,0.9830963611602783,0.6162620782852173
9221,3,NORMAL,GradCAM++,CBAM2,18.27094554901123,18.585101201672973,0.0,0.9830963611602783,0.800386905670166
9221,3,NORMAL,ScoreCAM,CBAM2,16.491031646728516,16.77458297121505,0.0,0.9830963611602783,0.8181860446929932
9228,3,NORMAL,GradCAM,CBAM1,91.75202623009682,98.3096648322419,0.0,0.9332960844039917,0.01577582210302353
9228,3,NORMAL,GradCAM++,CBAM1,93.01159051246941,99.65925183890022,0.0,0.9332960844039917,0.0031801792792975903
9228,3,NORMAL,GradCAM,CBAM2,92.9416669998318,99.58433080038215,0.0,0.9332960844039917,0.0038794144056737423
9228,3,NORMAL,GradCAM++,CBAM2,93.04322339594364,99.69314556637204,0.0,0.9332960844039917,0.0028638504445552826
9228,3,NORMAL,ScoreCAM,CBAM2,93.0120223434642,99.65971453342705,0.0,0.9332960844039917,0.003175860969349742
9474,3,NORMAL,GradCAM,CBAM1,57.01313316822052,59.16346058729638,0.0,0.9636544585227966,0.39352312684059143
9474,3,NORMAL,GradCAM++,CBAM1,47.66019284725189,49.45776147368575,0.0,0.9636544585227966,0.4870525300502777
9474,3,NORMAL,GradCAM,CBAM2,13.347524404525757,13.8509443379497,0.0,0.9636544585227966,0.8301792144775391
9474,3,NORMAL,GradCAM++,CBAM2,13.505971431732178,14.01536740906284,0.0,0.9636544585227966,0.8285947442054749
9474,3,NORMAL,ScoreCAM,CBAM2,17.018067836761475,17.659927279586817,0.0,0.9636544585227966,0.7934737801551819
9580,3,NORMAL,GradCAM,CBAM1,93.92566662281752,98.68970464241113,0.0,0.9517270922660828,0.0124704260379076
9580,3,NORMAL,GradCAM++,CBAM1,59.32646095752716,62.335580037880156,0.0,0.9517270922660828,0.35846248269081116
9580,3,NORMAL,GradCAM,CBAM2,16.115260124206543,16.93264811502768,0.0,0.9517270922660828,0.7905744910240173
9580,3,NORMAL,GradCAM++,CBAM2,15.530401468276978,16.318124629737618,0.0,0.9517270922660828,0.796423077583313
9580,3,NORMAL,ScoreCAM,CBAM2,57.46757388114929,60.382407671608554,0.0,0.9517270922660828,0.37705135345458984
9605,3,NORMAL,GradCAM,CBAM1,45.389470929512754,99.80983810219675,0.0,0.45475947856903076,0.0008647692739032209
9605,3,NORMAL,GradCAM++,CBAM1,36.71957477927208,80.74504370390545,0.0,0.45475947856903076,0.08756373077630997
9605,3,NORMAL,GradCAM,CBAM2,44.62664928287268,98.13242033343197,0.0,0.45475947856903076,0.008492985740303993
9605,3,NORMAL,GradCAM++,CBAM2,44.89230695180595,98.71659213327546,0.0,0.45475947856903076,0.00583640905097127
9605,3,NORMAL,ScoreCAM,CBAM2,38.92569914460182,85.59623300458755,0.0,0.45475947856903076,0.06550248712301254
9632,3,NORMAL,GradCAM,CBAM1,27.907419204711914,28.12040178399513,0.0,0.9924260377883911,0.713351845741272
9632,3,NORMAL,GradCAM++,CBAM1,30.000227689743042,30.229182070138293,0.0,0.9924260377883911,0.6924237608909607
9632,3,NORMAL,GradCAM,CBAM2,12.848430871963501,12.946486945396149,0.0,0.9924260377883911,0.8639417290687561
9632,3,NORMAL,GradCAM++,CBAM2,12.191510200500488,12.284552816473443,0.0,0.9924260377883911,0.8705109357833862
9632,3,NORMAL,ScoreCAM,CBAM2,12.88338303565979,12.981705855434008,0.0,0.9924260377883911,0.8635922074317932
9687,3,NORMAL,GradCAM,CBAM1,91.87420606613159,93.81668942769939,0.0,0.9792948961257935,0.06055283546447754
9687,3,NORMAL,GradCAM++,CBAM1,89.73218575119972,91.6293806798106,0.0,0.9792948961257935,0.08197303861379623
9687,3,NORMAL,GradCAM,CBAM2,23.63455891609192,24.134261056858787,0.0,0.9792948961257935,0.7429493069648743
9687,3,NORMAL,GradCAM++,CBAM2,23.189878463745117,23.680178788519406,0.0,0.9792948961257935,0.7473961114883423
9687,3,NORMAL,ScoreCAM,CBAM2,22.564637660980225,23.0417186077773,0.0,0.9792948961257935,0.7536485195159912
9779,3,NORMAL,GradCAM,CBAM1,89.99370131641626,98.07345924265579,0.0,0.9176152348518372,0.017678221687674522
9779,3,NORMAL,GradCAM++,CBAM1,88.59466090798378,96.5488110676373,0.0,0.9176152348518372,0.03166862577199936
9779,3,NORMAL,GradCAM,CBAM2,43.782320618629456,47.713157409126055,0.0,0.9176152348518372,0.4797920286655426
9779,3,NORMAL,GradCAM++,CBAM2,23.656171560287476,25.780055086276516,0.0,0.9176152348518372,0.6810535192489624
9779,3,NORMAL,ScoreCAM,CBAM2,18.454355001449585,20.111212302743855,0.0,0.9176152348518372,0.7330716848373413
9788,3,NORMAL,GradCAM,CBAM1,93.0001974105835,94.5058318031662,0.0,0.9840683341026306,0.054066359996795654
9788,3,NORMAL,GradCAM++,CBAM1,53.12128961086273,53.98130112528302,0.0,0.9840683341026306,0.4528554379940033
9788,3,NORMAL,GradCAM,CBAM2,18.761062622070312,19.06479639803725,0.0,0.9840683341026306,0.7964577078819275
9788,3,NORMAL,GradCAM++,CBAM2,16.354256868362427,16.619025463394852,0.0,0.9840683341026306,0.8205257654190063
9788,3,NORMAL,ScoreCAM,CBAM2,16.882890462875366,17.15621741523535,0.0,0.9840683341026306,0.815239429473877
9825,3,NORMAL,GradCAM,CBAM1,88.96128050982952,93.51166691913988,0.0,0.9513388276100159,0.06172602251172066
9825,3,NORMAL,GradCAM++,CBAM1,77.33897119760513,81.29487427623431,0.0,0.9513388276100159,0.17794911563396454
9825,3,NORMAL,GradCAM,CBAM2,20.36493420600891,21.406604461950018,0.0,0.9513388276100159,0.7476894855499268
9825,3,NORMAL,GradCAM++,CBAM2,21.95981740951538,23.08306624449764,0.0,0.9513388276100159,0.7317406535148621
9825,3,NORMAL,ScoreCAM,CBAM2,22.161555290222168,23.295123056152256,0.0,0.9513388276100159,0.7297232747077942
9859,3,NORMAL,GradCAM,CBAM1,31.741327047348022,32.45294960008713,0.0,0.9780721664428711,0.6606588959693909
9859,3,NORMAL,GradCAM++,CBAM1,36.14146709442139,36.95173829181348,0.0,0.9780721664428711,0.6166574954986572
9859,3,NORMAL,GradCAM,CBAM2,46.36639952659607,47.40590791083025,0.0,0.9780721664428711,0.5144081711769104
9859,3,NORMAL,GradCAM++,CBAM2,57.74840712547302,59.043093665640214,0.0,0.9780721664428711,0.40058809518814087
9859,3,NORMAL,ScoreCAM,CBAM2,58.232226967811584,59.53776047448264,0.0,0.9780721664428711,0.39574989676475525
9898,3,NORMAL,GradCAM,CBAM1,67.98200160264969,73.78745079616009,0.0,0.9213219881057739,0.24150197207927704
9898,3,NORMAL,GradCAM++,CBAM1,83.00492912530899,90.09328909541512,0.0,0.9213219881057739,0.09127269685268402
9898,3,NORMAL,GradCAM,CBAM2,29.183202981948853,31.675356761207414,0.0,0.9213219881057739,0.6294899582862854
9898,3,NORMAL,GradCAM++,CBAM2,33.77035856246948,36.65424100575141,0.0,0.9213219881057739,0.5836184024810791
9898,3,NORMAL,ScoreCAM,CBAM2,35.82115173339844,38.88016546554436,0.0,0.9213219881057739,0.5631104707717896
9913,3,NORMAL,GradCAM,CBAM1,83.70947390794754,85.27387294163574,0.0,0.9816544055938721,0.14455966651439667
9913,3,NORMAL,GradCAM++,CBAM1,67.44245886802673,68.7028528540016,0.0,0.9816544055938721,0.30722981691360474
9913,3,NORMAL,GradCAM,CBAM2,83.31025540828705,84.86719367312863,0.0,0.9816544055938721,0.1485518515110016
9913,3,NORMAL,GradCAM++,CBAM2,74.1627648472786,75.54875083245288,0.0,0.9816544055938721,0.24002675712108612
9913,3,NORMAL,ScoreCAM,CBAM2,62.598106265068054,63.767966883944624,0.0,0.9816544055938721,0.35567334294319153
9928,3,NORMAL,GradCAM,CBAM1,85.87403409183025,95.52017085266168,0.0,0.8990146517753601,0.04027431085705757
9928,3,NORMAL,GradCAM++,CBAM1,64.9536669254303,72.24984161788953,0.0,0.8990146517753601,0.24947798252105713
9928,3,NORMAL,GradCAM,CBAM2,9.589570760726929,10.66675680437691,0.0,0.8990146517753601,0.8031189441680908
9928,3,NORMAL,GradCAM++,CBAM2,12.398219108581543,13.790897563447668,0.0,0.8990146517753601,0.7750324606895447
9928,3,NORMAL,ScoreCAM,CBAM2,36.51548624038696,40.61723105636203,0.0,0.8990146517753601,0.5338597893714905
9937,3,NORMAL,GradCAM,CBAM1,92.00797826051712,93.92007747808397,0.0,0.9796411991119385,0.05956141650676727
9937,3,NORMAL,GradCAM++,CBAM1,90.30236303806305,92.17901635632875,0.0,0.9796411991119385,0.07661756873130798
9937,3,NORMAL,GradCAM,CBAM2,29.547137022018433,30.161182223850524,0.0,0.9796411991119385,0.6841698288917542
9937,3,NORMAL,GradCAM++,CBAM2,31.65348768234253,32.311306821236066,0.0,0.9796411991119385,0.6631063222885132
9937,3,NORMAL,ScoreCAM,CBAM2,28.719550371170044,29.316396762448164,0.0,0.9796411991119385,0.692445695400238
10100,3,NORMAL,GradCAM,CBAM1,77.95275002717972,78.98377148238896,0.0,0.9869464039802551,0.20741890370845795
10100,3,NORMAL,GradCAM++,CBAM1,71.7848151922226,72.73425808674018,0.0,0.9869464039802551,0.2690982520580292
10100,3,NORMAL,GradCAM,CBAM2,28.59087586402893,28.969025530702137,0.0,0.9869464039802551,0.7010376453399658
10100,3,NORMAL,GradCAM++,CBAM2,49.48504567146301,50.13954655541512,0.0,0.9869464039802551,0.492095947265625
10100,3,NORMAL,ScoreCAM,CBAM2,42.49871373176575,43.060811741918926,0.0,0.9869464039802551,0.5619592666625977
10140,3,NORMAL,GradCAM,CBAM1,72.25635945796967,75.34058104935002,0.0,0.959062933921814,0.2364993393421173
10140,3,NORMAL,GradCAM++,CBAM1,84.15120542049408,87.74315174391137,0.0,0.959062933921814,0.11755087971687317
10140,3,NORMAL,GradCAM,CBAM2,19.04628872871399,19.859268726231495,0.0,0.959062933921814,0.7686000466346741
10140,3,NORMAL,GradCAM++,CBAM2,20.417577028274536,21.289089686629627,0.0,0.959062933921814,0.7548871636390686
10140,3,NORMAL,ScoreCAM,CBAM2,20.89490294456482,21.786789988070108,0.0,0.959062933921814,0.7501139044761658
10394,3,NORMAL,GradCAM,CBAM1,75.69972276687622,78.09736446174848,0.0,0.96929931640625,0.2123020887374878
10394,3,NORMAL,GradCAM++,CBAM1,55.98602890968323,57.75927763950443,0.0,0.96929931640625,0.4094390273094177
10394,3,NORMAL,GradCAM,CBAM2,67.99938380718231,70.1531322210809,0.0,0.96929931640625,0.2893054783344269
10394,3,NORMAL,GradCAM++,CBAM2,51.975929737091064,53.62216636402268,0.0,0.96929931640625,0.44954001903533936
10394,3,NORMAL,ScoreCAM,CBAM2,60.9527587890625,62.88331904144556,0.0,0.96929931640625,0.359771728515625
10494,3,NORMAL,GradCAM,CBAM1,97.51431941986084,99.53645403510153,0.0,0.9796844720840454,0.004541277885437012
10494,3,NORMAL,GradCAM++,CBAM1,94.2180797457695,96.17186090907857,0.0,0.9796844720840454,0.0375036746263504
10494,3,NORMAL,GradCAM,CBAM2,80.35313040018082,82.01939692792588,0.0,0.9796844720840454,0.17615316808223724
10494,3,NORMAL,GradCAM++,CBAM2,92.11505874991417,94.0252299944175,0.0,0.9796844720840454,0.05853388458490372
10494,3,NORMAL,ScoreCAM,CBAM2,94.51519399881363,96.47513635997895,0.0,0.9796844720840454,0.03453253209590912
10717,3,NORMAL,GradCAM,CBAM1,31.50458335876465,32.82476855962401,0.0,0.9597808122634888,0.6447349786758423
10717,3,NORMAL,GradCAM++,CBAM1,69.2483127117157,72.15013168152775,0.0,0.9597808122634888,0.2672976851463318
10717,3,NORMAL,GradCAM,CBAM2,23.57330322265625,24.561131745748373,0.0,0.9597808122634888,0.7240477800369263
10717,3,NORMAL,GradCAM++,CBAM2,23.745357990264893,24.74039638994378,0.0,0.9597808122634888,0.7223272323608398
10717,3,NORMAL,ScoreCAM,CBAM2,65.45715034008026,68.20010237932249,0.0,0.9597808122634888,0.30520930886268616
10807,3,NORMAL,GradCAM,CBAM1,79.32402640581131,83.63189240265689,0.0,0.9484901428222656,0.15524987876415253
10807,3,NORMAL,GradCAM++,CBAM1,70.41488736867905,74.238922944173,0.0,0.9484901428222656,0.24434126913547516
10807,3,NORMAL,GradCAM,CBAM2,59.92673337459564,63.18118664308907,0.0,0.9484901428222656,0.3492228090763092
10807,3,NORMAL,GradCAM++,CBAM2,67.09167957305908,70.73524102851826,0.0,0.9484901428222656,0.2775733470916748
10807,3,NORMAL,ScoreCAM,CBAM2,28.13163995742798,29.659390636498756,0.0,0.9484901428222656,0.6671737432479858
10837,3,NORMAL,GradCAM,CBAM1,71.1233139038086,75.21659062212836,0.0,0.9455801248550415,0.23434698581695557
10837,3,NORMAL,GradCAM++,CBAM1,82.75345638394356,87.51606906021746,0.0,0.9455801248550415,0.11804556101560593
10837,3,NORMAL,GradCAM,CBAM2,37.88336515426636,40.06362206421978,0.0,0.9455801248550415,0.5667464733123779
10837,3,NORMAL,GradCAM++,CBAM2,35.75199842453003,37.809591283356276,0.0,0.9455801248550415,0.5880601406097412
10837,3,NORMAL,ScoreCAM,CBAM2,35.78713536262512,37.84675041646399,0.0,0.9455801248550415,0.5877087712287903
10853,3,NORMAL,GradCAM,CBAM1,96.14219600334764,98.72625693855521,0.0,0.973825991153717,0.012404031120240688
10853,3,NORMAL,GradCAM++,CBAM1,94.4814994931221,97.02092507407627,0.0,0.973825991153717,0.029010996222496033
10853,3,NORMAL,GradCAM,CBAM2,71.73158824443817,73.65955330773247,0.0,0.973825991153717,0.2565101087093353
10853,3,NORMAL,GradCAM++,CBAM2,62.439170479774475,64.11737867524707,0.0,0.973825991153717,0.3494342863559723
10853,3,NORMAL,ScoreCAM,CBAM2,37.67261505126953,38.685160394811604,0.0,0.973825991153717,0.5970998406410217
10868,3,NORMAL,GradCAM,CBAM1,72.30324596166611,77.06678584788236,0.0,0.9381894469261169,0.21515698730945587
10868,3,NORMAL,GradCAM++,CBAM1,28.199821710586548,30.05770476570949,0.0,0.9381894469261169,0.6561912298202515
10868,3,NORMAL,GradCAM,CBAM2,29.668158292770386,31.62277946500818,0.0,0.9381894469261169,0.6415078639984131
10868,3,NORMAL,GradCAM++,CBAM2,33.4089994430542,35.610077683579405,0.0,0.9381894469261169,0.604099452495575
10868,3,NORMAL,ScoreCAM,CBAM2,25.52497386932373,27.20663047414083,0.0,0.9381894469261169,0.6829397082328796
11101,3,NORMAL,GradCAM,CBAM1,31.16806149482727,36.67419796585694,0.0,0.8498634696006775,0.5381828546524048
11101,3,NORMAL,GradCAM++,CBAM1,30.289804935455322,35.64078897670422,0.0,0.8498634696006775,0.5469654202461243
11101,3,NORMAL,GradCAM,CBAM2,10.014796257019043,11.784005899070591,0.0,0.8498634696006775,0.7497155070304871
11101,3,NORMAL,GradCAM++,CBAM2,17.890125513076782,21.050587467863373,0.0,0.8498634696006775,0.6709622144699097
11101,3,NORMAL,ScoreCAM,CBAM2,22.888314723968506,26.93175465631605,0.0,0.8498634696006775,0.6209803223609924
11142,3,NORMAL,GradCAM,CBAM1,96.18064258247614,97.13576388507582,0.0,0.9901671409606934,0.02836071513593197
11142,3,NORMAL,GradCAM++,CBAM1,91.3292147219181,92.23615894882742,0.0,0.9901671409606934,0.0768749937415123
11142,3,NORMAL,GradCAM,CBAM2,20.251095294952393,20.452198677065887,0.0,0.9901671409606934,0.7876561880111694
11142,3,NORMAL,GradCAM++,CBAM2,19.9166476726532,20.114429824630516,0.0,0.9901671409606934,0.7910006642341614
11142,3,NORMAL,ScoreCAM,CBAM2,28.32580804824829,28.607097317625254,0.0,0.9901671409606934,0.7069090604782104
11192,3,NORMAL,GradCAM,CBAM1,96.84823267161846,98.34875038767163,0.0,0.9847428798675537,0.016260553151369095
11192,3,NORMAL,GradCAM++,CBAM1,96.11256215721369,97.60168176501448,0.0,0.9847428798675537,0.023617258295416832
11192,3,NORMAL,GradCAM,CBAM2,24.710911512374878,25.09376992373964,0.0,0.9847428798675537,0.7376337647438049
11192,3,NORMAL,GradCAM++,CBAM2,22.012799978256226,22.3538552090657,0.0,0.9847428798675537,0.7646148800849915
11192,3,NORMAL,ScoreCAM,CBAM2,21.666687726974487,22.002380468965477,0.0,0.9847428798675537,0.7680760025978088
11273,3,NORMAL,GradCAM,CBAM1,85.48500835895538,86.76061569190566,0.0,0.9852973818778992,0.13044729828834534
11273,3,NORMAL,GradCAM++,CBAM1,73.74474257230759,74.84516165394076,0.0,0.9852973818778992,0.2478499561548233
11273,3,NORMAL,GradCAM,CBAM2,30.521434545516968,30.97687540545045,0.0,0.9852973818778992,0.6800830364227295
11273,3,NORMAL,GradCAM++,CBAM2,30.320298671722412,30.772738182057207,0.0,0.9852973818778992,0.682094395160675
11273,3,NORMAL,ScoreCAM,CBAM2,26.120036840438843,26.509800041849406,0.0,0.9852973818778992,0.7240970134735107
11296,3,NORMAL,GradCAM,CBAM1,89.69693332910538,92.65455564609978,0.0,0.9680790305137634,0.07110969722270966
11296,3,NORMAL,GradCAM++,CBAM1,78.20359766483307,80.78224441604489,0.0,0.9680790305137634,0.18604305386543274
11296,3,NORMAL,GradCAM,CBAM2,62.28974163532257,64.34365276854372,0.0,0.9680790305137634,0.3451816141605377
11296,3,NORMAL,GradCAM++,CBAM2,30.51782250404358,31.524102089688512,0.0,0.9680790305137634,0.6629008054733276
11296,3,NORMAL,ScoreCAM,CBAM2,21.564757823944092,22.27582348286312,0.0,0.9680790305137634,0.7524314522743225
11321,3,NORMAL,GradCAM,CBAM1,46.92908562719822,98.3490588292021,0.0,0.47716861963272095,0.007877763360738754
11321,3,NORMAL,GradCAM++,CBAM1,0.0,0.0,1.0,0.47716861963272095,0.5629487633705139
11321,3,NORMAL,GradCAM,CBAM2,40.434013307094574,84.73736703566794,0.0,0.47716861963272095,0.07282848656177521
11321,3,NORMAL,GradCAM++,CBAM2,15.493926405906677,32.47054698007375,0.0,0.47716861963272095,0.3222293555736542
11321,3,NORMAL,ScoreCAM,CBAM2,41.004229336977005,85.93236602443494,0.0,0.47716861963272095,0.0671263262629509
11542,3,NORMAL,GradCAM,CBAM1,93.4656199067831,96.56581540745309,0.0,0.9678955078125,0.03323930874466896
11542,3,NORMAL,GradCAM++,CBAM1,89.56223353743553,92.53295618090202,0.0,0.9678955078125,0.07227317243814468
11542,3,NORMAL,GradCAM,CBAM2,18.228864669799805,18.83350458218682,0.0,0.9678955078125,0.785606861114502
11542,3,NORMAL,GradCAM++,CBAM2,17.93602705001831,18.530953723760156,0.0,0.9678955078125,0.7885352373123169
11542,3,NORMAL,ScoreCAM,CBAM2,22.447937726974487,23.192521624346526,0.0,0.9678955078125,0.7434161305427551
11554,3,NORMAL,GradCAM,CBAM1,35.1965069770813,35.95996169099561,0.0,0.9787693023681641,0.6268042325973511
11554,3,NORMAL,GradCAM++,CBAM1,33.57003331184387,34.298207849018155,0.0,0.9787693023681641,0.6430689692497253
11554,3,NORMAL,GradCAM,CBAM2,13.157445192337036,13.44284605787463,0.0,0.9787693023681641,0.8471948504447937
11554,3,NORMAL,GradCAM++,CBAM2,12.754952907562256,13.031623229687527,0.0,0.9787693023681641,0.8512197732925415
11554,3,NORMAL,ScoreCAM,CBAM2,13.912546634674072,14.214326561804654,0.0,0.9787693023681641,0.8396438360214233
11708,3,NORMAL,GradCAM,CBAM1,94.17068790644407,98.20527553714342,0.0,0.9589167833328247,0.01720990426838398
11708,3,NORMAL,GradCAM++,CBAM1,76.03218704462051,79.28966055580482,0.0,0.9589167833328247,0.19859491288661957
11708,3,NORMAL,GradCAM,CBAM2,48.53852093219757,50.618073715756296,0.0,0.9589167833328247,0.473531574010849
11708,3,NORMAL,GradCAM++,CBAM2,52.07021236419678,54.30107463570516,0.0,0.9589167833328247,0.43821465969085693
11708,3,NORMAL,ScoreCAM,CBAM2,64.55690562725067,67.32273965385023,0.0,0.9589167833328247,0.313347727060318
11877,3,NORMAL,GradCAM,CBAM1,90.3411716222763,95.33806067165845,0.0,0.9475876688957214,0.044175952672958374
11877,3,NORMAL,GradCAM++,CBAM1,89.99616317451,94.97396935277558,0.0,0.9475876688957214,0.047626037150621414
11877,3,NORMAL,GradCAM,CBAM2,91.19694158434868,96.24116439612821,0.0,0.9475876688957214,0.03561825305223465
11877,3,NORMAL,GradCAM++,CBAM2,90.32868556678295,95.32488399600993,0.0,0.9475876688957214,0.04430081322789192
11877,3,NORMAL,ScoreCAM,CBAM2,87.9617229104042,92.82700152128515,0.0,0.9475876688957214,0.06797043979167938
11921,3,NORMAL,GradCAM,CBAM1,48.03802818059921,79.33831233881963,0.0,0.60548335313797,0.12510307133197784
11921,3,NORMAL,GradCAM++,CBAM1,3.5063743591308594,5.791033367058626,0.0,0.60548335313797,0.5704196095466614
11921,3,NORMAL,GradCAM,CBAM2,0.0,0.0,1.0,0.60548335313797,0.7853495478630066
11921,3,NORMAL,GradCAM++,CBAM2,0.0,0.0,1.0,0.60548335313797,0.839453399181366
11921,3,NORMAL,ScoreCAM,CBAM2,0.0,0.0,1.0,0.60548335313797,0.7452901005744934
11961,3,NORMAL,GradCAM,CBAM1,89.74833264946938,92.48125345887719,0.0,0.970448911190033,0.0729655846953392
11961,3,NORMAL,GradCAM++,CBAM1,82.92112946510315,85.44615554151929,0.0,0.970448911190033,0.14123761653900146
11961,3,NORMAL,GradCAM,CBAM2,65.1149570941925,67.09776854029982,0.0,0.970448911190033,0.3192993402481079
11961,3,NORMAL,GradCAM++,CBAM2,44.60126757621765,45.95941795836552,0.0,0.970448911190033,0.5244362354278564
11961,3,NORMAL,ScoreCAM,CBAM2,28.329968452453613,29.192642532605845,0.0,0.970448911190033,0.6871492266654968
12198,3,NORMAL,GradCAM,CBAM1,94.82632540166378,99.02577293612805,0.0,0.9575923681259155,0.009329114109277725
12198,3,NORMAL,GradCAM++,CBAM1,95.60231203213334,99.83612465591536,0.0,0.9575923681259155,0.001569247804582119
12198,3,NORMAL,GradCAM,CBAM2,10.921293497085571,11.404950317649156,0.0,0.9575923681259155,0.8483794331550598
12198,3,NORMAL,GradCAM++,CBAM2,11.267715692520142,11.766714052770508,0.0,0.9575923681259155,0.8449152112007141
12198,3,NORMAL,ScoreCAM,CBAM2,13.123118877410889,13.704285014354308,0.0,0.9575923681259155,0.8263611793518066
12272,3,NORMAL,GradCAM,CBAM1,69.39312815666199,70.27056205178634,0.0,0.9875134825706482,0.2935822010040283
12272,3,NORMAL,GradCAM++,CBAM1,66.76693856716156,67.61116589238395,0.0,0.9875134825706482,0.3198440968990326
12272,3,NORMAL,GradCAM,CBAM2,47.77253866195679,48.37659335428175,0.0,0.9875134825706482,0.5097880959510803
12272,3,NORMAL,GradCAM++,CBAM2,61.65034770965576,62.429878855802265,0.0,0.9875134825706482,0.3710100054740906
12272,3,NORMAL,ScoreCAM,CBAM2,23.97586703300476,24.279027287608923,0.0,0.9875134825706482,0.7477548122406006
12294,3,NORMAL,GradCAM,CBAM1,84.78658571839333,91.44695168487478,0.0,0.9271668791770935,0.07930102199316025
12294,3,NORMAL,GradCAM++,CBAM1,81.20928630232811,87.58863938120716,0.0,0.9271668791770935,0.11507401615381241
12294,3,NORMAL,GradCAM,CBAM2,76.93440169095993,82.9779434414909,0.0,0.9271668791770935,0.1578228622674942
12294,3,NORMAL,GradCAM++,CBAM2,78.67550700902939,84.85582037863517,0.0,0.9271668791770935,0.14041180908679962
12294,3,NORMAL,ScoreCAM,CBAM2,83.58226865530014,90.14803012377149,0.0,0.9271668791770935,0.0913441926240921
12379,3,NORMAL,GradCAM,CBAM1,81.85329139232635,85.58076246746207,0.0,0.9564449787139893,0.1379120647907257
12379,3,NORMAL,GradCAM++,CBAM1,93.03224831819534,97.26879163566328,0.0,0.9564449787139893,0.026122495532035828
12379,3,NORMAL,GradCAM,CBAM2,10.275280475616455,10.743200703505517,0.0,0.9564449787139893,0.8536921739578247
12379,3,NORMAL,GradCAM++,CBAM2,9.520316123962402,9.953856454162793,0.0,0.9564449787139893,0.8612418174743652
12379,3,NORMAL,ScoreCAM,CBAM2,7.218557596206665,7.547279437275893,0.0,0.9564449787139893,0.8842594027519226
12455,3,NORMAL,GradCAM,CBAM1,53.104907274246216,55.11086446179275,0.0,0.9636014103889465,0.4325523376464844
12455,3,NORMAL,GradCAM++,CBAM1,64.63620364665985,67.0777380346432,0.0,0.9636014103889465,0.317239373922348
12455,3,NORMAL,GradCAM,CBAM2,17.52680540084839,18.188853845580567,0.0,0.9636014103889465,0.7883333563804626
12455,3,NORMAL,GradCAM++,CBAM2,17.746394872665405,18.416737976063047,0.0,0.9636014103889465,0.7861374616622925
12455,3,NORMAL,ScoreCAM,CBAM2,19.068294763565063,19.78857062691789,0.0,0.9636014103889465,0.7729184627532959
12493,3,NORMAL,GradCAM,CBAM1,73.62895905971527,76.61336598261724,0.0,0.9610458612442017,0.22475627064704895
12493,3,NORMAL,GradCAM++,CBAM1,42.64679551124573,44.37540057898982,0.0,0.9610458612442017,0.5345779061317444
12493,3,NORMAL,GradCAM,CBAM2,14.513188600540161,15.101452526663381,0.0,0.9610458612442017,0.8159139752388
12493,3,NORMAL,GradCAM++,CBAM2,15.75382947921753,16.392380374957654,0.0,0.9610458612442017,0.8035075664520264
12493,3,NORMAL,ScoreCAM,CBAM2,24.598783254623413,25.595847181339032,0.0,0.9610458612442017,0.7150580286979675
12529,3,NORMAL,GradCAM,CBAM1,87.80132494866848,94.38587028546515,0.0,0.9302380084991455,0.05222475901246071
12529,3,NORMAL,GradCAM++,CBAM1,20.650780200958252,22.199458407727096,0.0,0.9302380084991455,0.723730206489563
12529,3,NORMAL,GradCAM,CBAM2,18.57472062110901,19.967707459514106,0.0,0.9302380084991455,0.7444908022880554
12529,3,NORMAL,GradCAM++,CBAM2,83.70722532272339,89.98473902171553,0.0,0.9302380084991455,0.09316575527191162
12529,3,NORMAL,ScoreCAM,CBAM2,28.79796028137207,30.957625584723964,0.0,0.9302380084991455,0.6422584056854248
12615,3,NORMAL,GradCAM,CBAM1,45.46486437320709,48.70589352764767,0.0,0.9334571361541748,0.4788084924221039
12615,3,NORMAL,GradCAM++,CBAM1,24.97084140777588,26.750924250411767,0.0,0.9334571361541748,0.683748722076416
12615,3,NORMAL,GradCAM,CBAM2,15.54725170135498,16.655560210138574,0.0,0.9334571361541748,0.777984619140625
12615,3,NORMAL,GradCAM++,CBAM2,16.002827882766724,17.14361280397077,0.0,0.9334571361541748,0.7734288573265076
12615,3,NORMAL,ScoreCAM,CBAM2,17.50137209892273,18.748982929776734,0.0,0.9334571361541748,0.7584434151649475
