global_idx,group,entropy,confidence,loc_score,centroid_row,centroid_col,dist_from_center
7348,Correct,0.5763844,0.74527246,0.8052915930747986,0.4491072261726054,0.5033591526694721,0.07212985976006277
7349,Correct,0.106999636,0.97855765,0.6995580196380615,0.6142974039907249,0.4781613867750251,0.16456501199592222
7350,Correct,0.329771,0.8984668,0.7396365404129028,0.42853218284123484,0.485169214527631,0.10322403874259249
7351,Correct,0.4936909,0.8051682,0.5736005306243896,0.4382337853518806,0.502778268056965,0.08743893921307495
7352,Correct,0.31358832,0.9067015,0.6345018744468689,0.5347792356313741,0.4856507596437979,0.05320706588231867
7353,Correct,0.5501685,0.7671767,0.5851428508758545,0.40509757805148655,0.48544637017000525,0.13578127877525825
7354,Correct,0.6053762,0.7157138,0.6971139311790466,0.5403442284979475,0.3883846849037972,0.16784299411723588
7355,Correct,0.08633202,0.9854452,0.6750625967979431,0.4619081341160111,0.5499686088855934,0.08885777535461035
7356,Correct,0.21383749,0.94538134,0.6272174119949341,0.6065664209205763,0.5047810661421523,0.15085927655452339
7357,Correct,0.64837205,0.6544254,0.2628220319747925,0.7034306396366822,0.48856597814260166,0.2881484409078942
7358,Correct,0.15805133,0.9657399,0.7774956226348877,0.4736409736211618,0.4427898057252421,0.08908203635521392
7359,Correct,0.303656,0.9096795,0.6833694577217102,0.4214291916500076,0.45508029397830263,0.12799337415543785
7360,Misclass_to_CNV,0.5279763,0.797896,0.5124245882034302,0.4280692087847629,0.5506123613496535,0.12438367936540495
7361,Correct,0.2728649,0.92269486,0.5848640203475952,0.5858180599950608,0.5373107251672973,0.13233918266201766
7362,Correct,0.17754166,0.9586185,0.7330269813537598,0.513894495954209,0.5506692801548356,0.07430252982544738
7363,Correct,0.25159,0.9318508,0.47777315974235535,0.5597712712888414,0.4280320657932735,0.1323025957830608
7364,Correct,0.26891497,0.9453167,0.692102313041687,0.518939998880487,0.4825020029282078,0.03646651776951836
7365,Correct,0.2048289,0.94862664,0.7470261454582214,0.5736813379004968,0.5191723371029556,0.1076709623324372
7366,Correct,0.19880655,0.95495194,0.2965136468410492,0.7565113259722096,0.48834641430150516,0.3631359701589842
7367,Correct,0.19287235,0.9525331,0.7224287986755371,0.5962831771280268,0.47777574705215553,0.13974525120344344
7368,Correct,0.42713848,0.8504154,0.6076554656028748,0.42064578937508473,0.5095588940542057,0.11303506712027861
7369,Correct,0.36123562,0.9129424,0.8770560622215271,0.49688915102608505,0.5187853558146543,0.026928311288369925
7370,Correct,0.37880877,0.88020766,0.3783144950866699,0.6787128694230935,0.4302304620533553,0.27131560265758387
7371,Correct,0.20806882,0.9479285,0.5241495966911316,0.3583765473704813,0.5237342453929441,0.20307888486535478
7372,Correct,0.17380607,0.9602945,0.7737697958946228,0.47403906846779725,0.49602976995626546,0.03714115487218703
7373,Correct,0.16400214,0.96215355,0.6522073149681091,0.5237091099506199,0.4508520092940897,0.07717054988891592
7374,Correct,0.15952952,0.9627255,0.4367087185382843,0.35432154826866047,0.4729212049066116,0.20954938531310432
7375,Correct,0.23761895,0.9490744,0.6012424230575562,0.4550747468696589,0.4666825413774071,0.0790990697529802
7376,Misclass_to_NORMAL,0.8012625,0.64407426,0.7976745367050171,0.5616396950518696,0.5204897844682184,0.091861670718984
7377,Correct,0.24018137,0.93740577,0.4902169704437256,0.4766384693205681,0.6340774562562672,0.19247090892827043
7378,Correct,0.56841785,0.75130844,0.5832563042640686,0.43085284591972955,0.52407211214775,0.10354511577717718
7379,Correct,0.5892447,0.73129654,0.55182945728302,0.54757234080916,0.5208369352384036,0.07344801536042059
7380,Correct,0.15855972,0.96309423,0.6882600784301758,0.4073848594439732,0.47033738760685334,0.13753134067694286
7381,Correct,0.71684986,0.5605516,0.4310922920703888,0.6033278078322578,0.5658084297806382,0.1732477145685517
7382,Correct,0.5165589,0.79904807,0.7506137490272522,0.564209688972247,0.4998330626859594,0.09080651987582739
7383,Correct,0.49044734,0.80865407,0.6753133535385132,0.43460515271184413,0.4950980142636422,0.09274174374035332
7384,Correct,0.52684975,0.79223007,0.6717807054519653,0.40759376112677337,0.4824432874285437,0.1330199318825006
7385,Correct,0.20344366,0.94856906,0.7178434133529663,0.43352724320390157,0.5091446893204797,0.09489207278631177
7386,Correct,0.42351595,0.8706965,0.594548761844635,0.572374564546955,0.4721584018645334,0.10966523770181846
7387,Correct,0.19715188,0.9526392,0.707476794719696,0.4874308366644384,0.5554974836046684,0.08047303341376498
7388,Correct,0.6655019,0.6453211,0.658768892288208,0.45484670980241904,0.5467956978903,0.09196365539393474
7389,Correct,0.12901141,0.97292566,0.715068519115448,0.42802421315055544,0.48582548025131433,0.10374421335865007
7390,Correct,0.46914202,0.8374742,0.6788109540939331,0.5310329330599715,0.4839162709920796,0.04943135185496931
7391,Correct,0.31930324,0.90315825,0.6948626041412354,0.4602598034840783,0.5159762870367202,0.060572683060992887
7392,Correct,0.15360829,0.96451294,0.6602012515068054,0.5406685956188614,0.5096181020037958,0.059100635457935494
7393,Correct,0.5900093,0.7306406,0.6981080770492554,0.40697771583571984,0.38923432738048236,0.20455893811806045
7394,Correct,0.24790801,0.93237704,0.7713964581489563,0.47781480288518186,0.45271905535885715,0.07386028292908374
7395,Correct,0.41975838,0.88468575,0.6837332248687744,0.5573755963015128,0.5680394627255376,0.12586760932768995
7396,Correct,0.4443301,0.83735603,0.6727113723754883,0.45917367164878753,0.5250545376552954,0.06774243786226815
7397,Correct,0.2510805,0.9319998,0.4391077160835266,0.5639315643434253,0.5077086309674151,0.09106775401632915
7398,Correct,0.71895874,0.55137765,0.5474249720573425,0.3598709763073297,0.45825629357557923,0.2067785303512392
7399,Correct,0.5729168,0.7421745,0.7847697734832764,0.48089687029802886,0.5003214056551682,0.02701972857026903
7400,Correct,0.2072347,0.94858795,0.6784611940383911,0.5429170089772984,0.5067021729210711,0.06142945191716191
7401,Correct,0.19950864,0.9497452,0.6018391847610474,0.4525283318855471,0.5442494270924714,0.0917776778043627
7402,Correct,0.44922078,0.8357723,0.1471303552389145,0.808244382409191,0.48831146413535753,0.43623668153304723
7403,Correct,0.27611172,0.92307544,0.5104328393936157,0.3948229842557297,0.4456410964676267,0.16743413650813477
7404,Correct,0.70978117,0.6635868,0.7386471033096313,0.483854242550723,0.5116190721554432,0.028131417360818464
7405,Correct,0.519464,0.7914436,0.6988077163696289,0.4667141594565211,0.5207310335951898,0.05545670265370617
7406,Correct,0.19956656,0.9506319,0.5856570601463318,0.5145345168267631,0.5019591619504962,0.020740804947529477
7407,Correct,0.25957745,0.9436206,0.7263779044151306,0.5215340832161475,0.4257818151935533,0.10928911835973279
7408,Correct,0.16902514,0.9601329,0.5945703387260437,0.4506582072452078,0.4316540472897214,0.11921226249117582
7409,Correct,0.5626403,0.7663825,0.5739485025405884,0.587473403441696,0.43161684017825624,0.15702135432405273
7410,Correct,0.31246993,0.90729874,0.6151131391525269,0.4068709071603602,0.5162130283753757,0.1336853785739861
7411,Misclass_to_CNV,0.31051648,0.9281897,0.33515462279319763,0.30799475054067177,0.6077399077622024,0.31136442810490333
7412,Correct,0.17603657,0.9578566,0.4336034953594208,0.3530196291742093,0.445334772265091,0.22177248040005507
7413,Correct,0.31174916,0.9060789,0.596953809261322,0.4629479070089576,0.47551399208319617,0.06280799596737079
7414,Misclass_to_NORMAL,0.402999,0.88208336,0.2581104040145874,0.560327092092051,0.5042212141248502,0.08552399299577443
7415,Correct,0.50895226,0.79469836,0.7565613389015198,0.48085099354910976,0.5078753301578449,0.029281573494308585
7416,Correct,0.11495462,0.97863984,0.5757158398628235,0.42116378815465005,0.5606111144641744,0.14063324994263732
7417,Correct,0.04858453,0.9917463,0.6879163980484009,0.48727298624126003,0.5352312210489953,0.05297576456868421
7418,Correct,0.46838143,0.8226555,0.5782003998756409,0.36825986798285953,0.543448004754503,0.1961794663110332
7419,Correct,0.3336017,0.8987993,0.6537331938743591,0.6022233266885697,0.46550281101021435,0.15257565053097452
7420,Correct,0.11716773,0.97530854,0.7679781317710876,0.555633031529832,0.5257091557871277,0.0866717357445446
7421,Correct,0.33058777,0.8977767,0.7039014101028442,0.4623422635093849,0.48600340842671896,0.056815661454670145
7422,Correct,0.43881774,0.8604934,0.5508063435554504,0.5666035565057908,0.5786222661564693,0.14572230079708978
7423,Correct,0.47447655,0.8188433,0.6857073903083801,0.5170013161733581,0.5581536263539405,0.08568417601564726
7424,Correct,0.55445826,0.772931,0.642978847026825,0.40874353771862354,0.46375072939660916,0.13886505339638291
7425,Correct,0.21736045,0.9452038,0.7226743698120117,0.5072299444735873,0.468254102965894,0.04604506652381374
7426,Correct,0.5000592,0.8162032,0.6717349290847778,0.5109805669468976,0.5487952819171885,0.0707326287911485
7427,Correct,0.26227656,0.92706317,0.6441120505332947,0.4935550135376127,0.4027162214108557,0.1378816262384659
7428,Correct,0.3644882,0.881531,0.6725525259971619,0.5337396113270154,0.5048717081122522,0.048209851948103954
7429,Correct,0.5583029,0.759291,0.6659015417098999,0.4894975361958259,0.5165254886776204,0.027690919883317205
7430,Correct,0.278458,0.920274,0.6018253564834595,0.49170983952206965,0.4365100903148798,0.09055048749260886
7431,Misclass_to_CNV,0.20581806,0.9565721,0.12898297607898712,0.6359813845943395,0.5881893772699166,0.22920865262659412
7432,Correct,0.63650805,0.71293014,0.44291049242019653,0.4266135447680774,0.48323127452282316,0.10645902465865352
7433,Correct,0.19869271,0.95881706,0.7237387299537659,0.5129537929926352,0.490008766220107,0.02313549244518131
7434,Misclass_to_CNV,0.14332065,0.9715328,0.20926901698112488,0.6011124929760608,0.6067987394225783,0.20798897556402232
7435,Correct,0.1983574,0.9507318,0.670244574546814,0.5684850981724355,0.5332775653070757,0.10768105705698493
7436,Correct,0.08248535,0.9850606,0.49675098061561584,0.3710954872485842,0.47181724533752695,0.18660461445551157
7437,Correct,0.40310004,0.8639308,0.7124326825141907,0.5584158393545002,0.4897543250861553,0.08387352552421967
7438,Correct,0.35881335,0.88408524,0.7697327136993408,0.5432975682199257,0.5290964099280557,0.07377371462059613
7439,Misclass_to_CNV,0.6355984,0.69457555,0.5370906591415405,0.5089035025199286,0.5066508550637563,0.015716630058728667
7440,Correct,0.24721582,0.9327232,0.4653802514076233,0.3584024130715461,0.44168869181174697,0.2165644720935846
7441,Correct,0.31351003,0.9061978,0.7453813552856445,0.4812722601348227,0.4585075263249166,0.0643794006206215
7442,Correct,0.21748674,0.94456327,0.6718530654907227,0.5193865203619643,0.5486615585077028,0.07407812697609789
7443,Correct,0.18240872,0.9583065,0.6112242937088013,0.47677338749660886,0.549517440071768,0.07734923916424538
7444,Correct,0.32062387,0.9024411,0.674994945526123,0.39465804033828517,0.4970351465303821,0.14903502153162967
7445,Correct,0.31224683,0.9071025,0.6461126208305359,0.5310232103373994,0.4248710328100188,0.11495043532472414
7446,Correct,0.4559186,0.8440609,0.6020919680595398,0.6425510162758138,0.4699375391742754,0.20603176353254637
7447,Misclass_to_NORMAL,0.5631162,0.7604727,0.49830862879753113,0.44007340206093054,0.6848712798303461,0.2748402708725962
7448,Correct,0.4800006,0.81577003,0.6624775528907776,0.4566636685186264,0.41490345818147534,0.13505153872307718
7449,Correct,0.71778846,0.55104023,0.5684789419174194,0.35198568991957807,0.633225919272194,0.2816287682553202
7450,Correct,0.46607354,0.8253874,0.7415036559104919,0.45483938156018466,0.5156014984793702,0.06757052926636552
7451,Correct,0.16330579,0.96411735,0.7883691787719727,0.5089219670447599,0.48001469086034393,0.030952029896451124
7452,Correct,0.6130455,0.706885,0.6030343770980835,0.484896073042192,0.4752151773405094,0.041046706172583394
7453,Correct,0.38150346,0.87689555,0.8284677863121033,0.5307183766647304,0.46957738968887053,0.061141702348873075
7454,Correct,0.3079632,0.92749995,0.4530726373195648,0.5822486866035245,0.5874402522985929,0.16976833727197987
7455,Correct,0.29741016,0.91422254,0.21839255094528198,0.7868668527014046,0.5351141343434853,0.4087189587222537
7456,Correct,0.47551042,0.81782824,0.6277114748954773,0.4143496512672459,0.5802293801929543,0.1659682842243542
7457,Correct,0.65761834,0.6452443,0.7823137044906616,0.5500201230061953,0.552452209319277,0.10250118992507505
7458,Correct,0.19777063,0.9586073,0.7474377155303955,0.523055302084425,0.5233270114754257,0.046383109395096246
7459,Correct,0.19793431,0.95020944,0.6243348717689514,0.46326755952577975,0.479297150866199,0.059630196133319206
7460,Correct,0.5817136,0.739591,0.61629319190979,0.5720802834435242,0.38730249794906585,0.18918929266646725
7461,Correct,0.3602206,0.8838414,0.8221265077590942,0.45139780475596114,0.4689516435666432,0.08156192518267873
7462,Correct,0.17673737,0.9591602,0.7737697958946228,0.47403906846779725,0.49602976995626546,0.03714115487218703
7463,Misclass_to_NORMAL,0.6102276,0.7157385,0.6362718939781189,0.4988794484415098,0.5824391551916662,0.11659734083169189
7464,Correct,0.24512282,0.9385991,0.7178128957748413,0.5939540576888802,0.4826660544984974,0.13511351244679037
7465,Correct,0.43517283,0.8581672,0.6428911685943604,0.5760366890862925,0.5436360866920312,0.12398133850705091
7466,Correct,0.58270425,0.7318515,0.4343280792236328,0.30615534164000613,0.50391286939542,0.27419358898999935
7467,Correct,0.59914565,0.7306543,0.647144079208374,0.41651326704861746,0.4696250502469626,0.12563974014136617
7468,Correct,0.6662443,0.6582916,0.47951194643974304,0.36262268534786635,0.4578789987750474,0.2032078016475932
7469,Correct,0.1704467,0.9598059,0.798488438129425,0.5424114882803645,0.480102988133212,0.06625142140939458
7470,Correct,0.10767045,0.98164254,0.7539784908294678,0.4896426811418277,0.5421106847326402,0.06132835922445132
7471,Correct,0.35198063,0.88905764,0.7811729907989502,0.49346343198785025,0.49766658623589394,0.00981545120429814
7472,Correct,0.51405966,0.79169214,0.6614783406257629,0.5326118920007803,0.5410893553890886,0.07418720410099555
7473,Correct,0.20489205,0.9478645,0.6460518836975098,0.5927675874233059,0.5325449449770082,0.13903236112428788
7474,Correct,0.41853142,0.8543704,0.7115755677223206,0.47479283265139866,0.4811687727626853,0.04449755959608966
7475,Correct,0.24125843,0.9356716,0.48795491456985474,0.33380949089849926,0.45194170815901064,0.24465847514480138
7476,Correct,0.23247224,0.93820596,0.5860239267349243,0.4573516174841949,0.4908767773481208,0.06167848446209087
7477,Correct,0.39024812,0.89032537,0.5393180251121521,0.4609582215896252,0.3774468301122769,0.18189854266031885
7478,Correct,0.20606865,0.94837785,0.6482475996017456,0.6221071111886454,0.47926922161565766,0.17515656867646678
7479,Correct,0.35939565,0.8844778,0.555783748626709,0.3736194262052007,0.5363322298668948,0.1859681712541347
7480,Correct,0.28958103,0.93695253,0.6041479110717773,0.5050417887275805,0.3677331896636283,0.18718936267924674
7481,Correct,0.59995586,0.7186182,0.5045338869094849,0.41208649010244985,0.5234395138364306,0.1286716443618785
7482,Correct,0.121449195,0.9746116,0.7235485911369324,0.5895991402926078,0.5065843427104464,0.12705400041008572
7483,Correct,0.294388,0.9308061,0.5886663794517517,0.6312924630201666,0.5458286238876187,0.19666201266810338
7484,Misclass_to_NORMAL,0.26178944,0.93310714,0.12422337383031845,0.8300368902685064,0.5285808945921818,0.4684895227724853
7485,Correct,0.591424,0.7398994,0.5137465596199036,0.4184936549209221,0.3960217081287361,0.18684094555859784
7486,Correct,0.5274517,0.78086853,0.6295596957206726,0.4909595031008534,0.4964248049313792,0.013748643857644273
7487,Correct,0.32043988,0.922139,0.7875338792800903,0.5314995351654913,0.515385885426818,0.04957713557698131
7488,Correct,0.7042712,0.6480761,0.4766087234020233,0.6327225708254239,0.6719225817743737,0.30715681639994863
7489,Correct,0.22734877,0.94549096,0.7878391742706299,0.5264588930985478,0.5212019021174695,0.04794984207271463
7490,Correct,0.42165193,0.8571524,0.8545958995819092,0.5655213490170199,0.5220601004531449,0.09777213518189093
7491,Correct,0.46173903,0.8279413,0.6811001300811768,0.4405792583281694,0.45527286063551176,0.1051792901341398
7492,Correct,0.38006595,0.874791,0.7033730149269104,0.5612070928026757,0.5190320966747056,0.0906479885401843
7493,Correct,0.34524372,0.89109385,0.716985285282135,0.49160402190162006,0.5012349979379884,0.012001472254295414
7494,Correct,0.17487472,0.95801044,0.7966057062149048,0.4886364394218981,0.4772980448946553,0.03590290446794733
7495,Correct,0.30413598,0.9094832,0.6718541979789734,0.431327082411825,0.4952004700997836,0.09735507277317754
7496,Correct,0.45479783,0.8318416,0.5440208315849304,0.400847507391543,0.5068308044880753,0.14055516127431553
7497,Correct,0.28445607,0.91798186,0.6843993663787842,0.4905149887690787,0.4293742766177387,0.10077656713064198
7498,Correct,0.6919347,0.61707836,0.7808442115783691,0.5271328240983743,0.4615327886360549,0.06657201354430772
7499,Correct,0.3547103,0.88718706,0.7243861556053162,0.540083960780853,0.4915007380752945,0.057947586060951795
7500,Correct,0.15060998,0.9659348,0.6037236452102661,0.6171804451582615,0.45473412866927265,0.17765278401881746
7501,Correct,0.22178425,0.9429619,0.7398061156272888,0.5250281363923193,0.4999179072784131,0.035395320325926516
7502,Correct,0.25995922,0.9315954,0.6510798931121826,0.44976061700144276,0.47885151785699925,0.07708766309894914
7503,Correct,0.5293124,0.79411095,0.5704749822616577,0.5884377594137983,0.5107773267163397,0.1259951432499173
7504,Correct,0.319712,0.903034,0.731848955154419,0.4468966296502198,0.46569669331985425,0.08940564626127419
7505,Correct,0.4725624,0.82071584,0.7157666087150574,0.4127815411252275,0.4823548962653685,0.12584442184138545
7506,Correct,0.18464664,0.9556973,0.6706485748291016,0.4734198992527493,0.5412791209458712,0.06943295444956749
7507,Correct,0.23325829,0.93781626,0.5254719853401184,0.41752871471826036,0.5279047572371329,0.12312748168045512
7508,Correct,0.21184033,0.9560782,0.7330825328826904,0.5563728049990877,0.46473333865806143,0.09403861489486275
7509,Correct,0.49090296,0.866438,0.7681869864463806,0.4690935585895746,0.5742496076532381,0.113738404748052
7510,Correct,0.27174556,0.9349542,0.7365420460700989,0.5827828772215107,0.5315284372660298,0.12527607207691088
7511,Correct,0.27054802,0.9236203,0.6163010597229004,0.5124164421850761,0.456486546617224,0.06399357251834528
7512,Correct,0.5727735,0.75162584,0.7281118035316467,0.4920111476478047,0.5120464885900036,0.02044209623567323
7513,Correct,0.1572761,0.9633933,0.5634821057319641,0.6223790372253355,0.5370315282540661,0.1808201473123598
7514,Correct,0.4939905,0.80731004,0.5664168000221252,0.6020346655126124,0.5536817232313301,0.16305091459636664
7515,Correct,0.14186378,0.9680288,0.45428624749183655,0.35155430347643263,0.45834208346212385,0.21804360493554362
7516,Misclass_to_CNV,0.5984833,0.80163926,0.6480283737182617,0.4126481837632383,0.6225409061532752,0.21282205468760412
7517,Misclass_to_CNV,0.8017268,0.49385086,0.6234947443008423,0.5166150964373967,0.5952091421252571,0.13668095824840706
7518,Correct,0.51645774,0.788377,0.579037606716156,0.5560249443269819,0.4695553893092669,0.0901739286817617
7519,Correct,0.17537463,0.96544844,0.7315647006034851,0.492936333971163,0.5116728807908565,0.019295156061793977
7520,Correct,0.34479445,0.8912957,0.7136510014533997,0.42765252280389854,0.4614998532254611,0.11590011870832108
7521,Correct,0.4223157,0.85230064,0.6193773150444031,0.4712576008559125,0.43605340697579564,0.09914930426343155
7522,Correct,0.7079784,0.5909096,0.7942892909049988,0.5405355580947823,0.4690749136957845,0.07210398647756784
7523,Correct,0.09268171,0.9816803,0.37835970520973206,0.704572463540002,0.41862940373903423,0.3113553172010735
7524,Correct,0.35359454,0.8949158,0.7403488755226135,0.46230862700692194,0.46995697700482536,0.06816484179974198
7525,Correct,0.35560426,0.8872539,0.713520348072052,0.4513536668118299,0.4468295291970436,0.10191726740903619
7526,Correct,0.265442,0.9300436,0.7339644432067871,0.528003327699212,0.4520570853600309,0.07852018118171677
7527,Correct,0.6809317,0.6275908,0.691002368927002,0.474468197439845,0.4474617646739927,0.08260918972053487
7528,Correct,0.6402305,0.67035437,0.7837070822715759,0.4696461320032908,0.4974117325194731,0.04308262830683382
7529,Correct,0.5746238,0.7633918,0.6699159145355225,0.4551590483475936,0.4810829618744354,0.06882681565403873
7530,Correct,0.45334342,0.8317233,0.3963949680328369,0.658055110985879,0.5028621738393407,0.22356032808995932
7531,Misclass_to_NORMAL,0.7046264,0.5726688,0.7145965099334717,0.6262082758274926,0.4555399757499164,0.1892364798006266
7532,Correct,0.14432201,0.9706617,0.48487213253974915,0.563128778148218,0.5574851830977549,0.12074592255036468
7533,Correct,0.43653125,0.8429192,0.6112383604049683,0.4613829222619259,0.4477576453406748,0.0918753755190059
7534,Correct,0.41504267,0.8548685,0.5210171937942505,0.3847415642966555,0.5256553504295843,0.16698924520128094
7535,Correct,0.6348134,0.69717824,0.5756657719612122,0.5047977063840424,0.44924151957964487,0.0721032776110914
7536,Correct,0.15432645,0.964254,0.5850664377212524,0.45927429982247,0.4257820851076955,0.11972369478020149
7537,Correct,0.32425892,0.91125154,0.7441587448120117,0.4799942242001221,0.4508747728828934,0.07501358549839202
7538,Correct,0.5014455,0.8127269,0.7127254605293274,0.3884648999492399,0.5362576333246935,0.16585954610839249
7539,Correct,0.34607464,0.8910115,0.799906849861145,0.5716569016058252,0.47727271750346795,0.10631313105561402
7540,Correct,0.5917468,0.7335124,0.6660553216934204,0.5939133812043123,0.49164482767389417,0.13333815713309818
7541,Correct,0.26296905,0.92767787,0.7939683198928833,0.5101468458149984,0.5165266168777248,0.02742581066865477
7542,Correct,0.49657276,0.8036725,0.4084736704826355,0.3367186775895869,0.47999628482739676,0.23264109210885298
7543,Correct,0.20217547,0.9583445,0.6430942416191101,0.38853553555938125,0.4916096406077593,0.15808051722944813
7544,Correct,0.6150518,0.71097875,0.44574975967407227,0.4146759945534712,0.531496308120373,0.12862506233742121
7545,Correct,0.33875316,0.9004446,0.6795449256896973,0.4301999920117701,0.4136453756228081,0.1570296931569495
7546,Misclass_to_NORMAL,0.08172222,0.9856128,0.0,0.49776785730391154,0.9203752792663668,0.5945088020867169
7547,Correct,0.4393017,0.84695977,0.7119972109794617,0.5092761270183599,0.4513770490341785,0.07000339839015568
7548,Correct,0.66555554,0.6851453,0.5928568840026855,0.46651849985034455,0.4673460943761132,0.06614058367999309
7549,Correct,0.3410384,0.89309686,0.67023104429245,0.3950367377915461,0.48294290941912477,0.15038770396894044
7550,Correct,0.56996894,0.7582886,0.8018225431442261,0.49142903717292613,0.47180434796846055,0.041676280958519725
7551,Correct,0.21904656,0.9428961,0.6865434646606445,0.5178015317654656,0.45579607224311436,0.06739260734431998
7552,Correct,0.2495196,0.93203706,0.7517728805541992,0.5516266497298424,0.4345522070517637,0.11788744262323322
7553,Correct,0.32229817,0.9055432,0.6384567022323608,0.4137131995123949,0.47160108066598505,0.12846719859736694
7554,Correct,0.24881957,0.9324401,0.6619001030921936,0.40293311819850447,0.5284618974189637,0.14305285140362017
7555,Correct,0.08161594,0.9860513,0.779671847820282,0.46489897053818147,0.5119660917901848,0.052445583646491746
7556,Correct,0.09728159,0.98335,0.6741518378257751,0.49134081681445085,0.5797542151621565,0.11345233615551911
7557,Correct,0.38431042,0.8730984,0.731082022190094,0.5282474471436334,0.4919756852133088,0.04152849378266135
7558,Correct,0.4681941,0.824382,0.6819771528244019,0.5564174675510067,0.4372153228879534,0.11937207650814192
7559,Misclass_to_CNV,0.40845716,0.87139666,0.1498510241508484,0.45948192873647636,0.6516921894486147,0.22204609628917327
7560,Correct,0.12582017,0.9768432,0.6590520143508911,0.5561729250912466,0.4434457482169925,0.1127278218368705
7561,Misclass_to_DME,0.10120216,0.9829262,0.0,0.0,0.0,1.0
7562,Correct,0.15325804,0.9653856,0.7273136377334595,0.5115533169607496,0.5092426853871622,0.020923975050721397
7563,Correct,0.308381,0.9088228,0.705963671207428,0.5467445539977492,0.5429122716583376,0.08973869162549065
7564,Misclass_to_NORMAL,0.34094948,0.8943094,0.9731049537658691,0.5524957557609053,0.5650523442803203,0.11821685048480975
7565,Correct,0.47484648,0.8198275,0.3856081962585449,0.6483560211122191,0.43523751739116995,0.22892657405337727
7566,Correct,0.6404107,0.6658616,0.6666415929794312,0.4807295719285699,0.5525010830943786,0.07909125266600611
7567,Correct,0.5754852,0.7425927,0.6404184103012085,0.5335272456167665,0.47001606364719467,0.06360994635834974
7568,Correct,0.44698045,0.8389287,0.7634310126304626,0.5612905614229561,0.4844065090141685,0.08943925179322959
7569,Correct,0.41556305,0.86016685,0.5066460371017456,0.4697884881383693,0.41945407492203507,0.12165838644031565
7570,Correct,0.1402321,0.9699528,0.6000682711601257,0.4330349440109354,0.5050475648555272,0.09497153925876224
7571,Correct,0.09818645,0.9815542,0.4080082178115845,0.6729122646410947,0.4066315129011088,0.27790763086481723
7572,Correct,0.19398709,0.9516656,0.6013088822364807,0.38682579337818407,0.4928928117317431,0.1603677846050006
7573,Misclass_to_DME,0.44386983,0.8651742,0.9741324782371521,0.5273858015795428,0.41584988424747804,0.1251497032303068
7574,Correct,0.2934606,0.9196352,0.7672731280326843,0.5258181840723418,0.42017202763229583,0.11865145427791658
7575,Correct,0.12434514,0.9779972,0.5507820248603821,0.5205623065387904,0.4159836839158653,0.12232374927661765
7576,Correct,0.05663299,0.99052763,0.6459216475486755,0.4930968280286638,0.48413226617857885,0.024471974170193728
7577,Misclass_to_NORMAL,0.69656,0.6427435,0.7444483041763306,0.43104192960827475,0.46653755967103777,0.10839695922782605
7578,Correct,0.19568947,0.95435655,0.8033682703971863,0.5538443468610167,0.4966286555715626,0.07629652222932096
7579,Correct,0.13528466,0.9749396,0.6180816292762756,0.410389573546127,0.40446276413578897,0.1852425003384422
7580,Correct,0.34584624,0.8940097,0.7034399509429932,0.5908248258199945,0.5415282260042131,0.1412355659194195
7581,Correct,0.08334662,0.9858549,0.6942490935325623,0.5669700250587878,0.5347964884811248,0.10673125003476457
7582,Correct,0.124472104,0.97444946,0.7520219683647156,0.44750913431690587,0.510868516292699,0.07580785746300041
7583,Correct,0.5080723,0.8102378,0.47084474563598633,0.4682409608819987,0.31700939868411104,0.26265641715232985
7584,Correct,0.6153709,0.70373017,0.7271515130996704,0.49914302534956795,0.4950313675853849,0.007130457716450878
7585,Correct,0.40989676,0.85847336,0.5470160245895386,0.37398584833487697,0.4257265625633923,0.20686280443100594
7586,Correct,0.5949567,0.7216053,0.635833203792572,0.5741342729408399,0.4740626365525142,0.1110732843403301
7587,Correct,0.49053445,0.8082607,0.6571933031082153,0.3877680276174295,0.5041867085007842,0.15883037589172042
7588,Correct,0.15116122,0.9654267,0.7079670429229736,0.47314696473697754,0.4705982593575698,0.056312482730596386
7589,Correct,0.074655905,0.9864086,0.5453218221664429,0.4655307311438763,0.5010776416880182,0.04877072497069313
7590,Correct,0.585208,0.7325129,0.5103020668029785,0.3456813767743126,0.4906287239538419,0.21864152528284722
7591,Correct,0.2230435,0.9417849,0.45350027084350586,0.3187796859878878,0.5247367297730728,0.258660812689184
7592,Correct,0.2923874,0.91869444,0.6559953689575195,0.410960391301031,0.48790522095751,0.12707742204933314
7593,Correct,0.15488084,0.96408796,0.5044367909431458,0.4040587583806747,0.4860899521495671,0.13710004576701712
7594,Misclass_to_CNV,0.6328497,0.72236824,0.45252805948257446,0.5431757172753388,0.4324555176716678,0.113370187044411
7595,Correct,0.28548592,0.92503875,0.7511390447616577,0.45567783768697895,0.49542486588636486,0.06301406072075552
7596,Correct,0.27776024,0.9341249,0.539617657661438,0.525304724880417,0.41146657791833646,0.1302190149460791
7597,Correct,0.18608941,0.9551381,0.5850997567176819,0.3856676277001024,0.48209417456209513,0.16366129622079323
7598,Correct,0.26018146,0.9307798,0.6988716721534729,0.5184022995336791,0.4486893294543569,0.07708994149655027
7599,Correct,0.12091634,0.9775382,0.7679055333137512,0.4928242449290337,0.5278327816176056,0.04064862097074938
7600,Correct,0.36277133,0.8822787,0.7503770589828491,0.4819805569390444,0.4571602849676932,0.06572581703221765
7601,Correct,0.19782296,0.95100665,0.6864904761314392,0.45650242594532264,0.46349911481386424,0.08030384259814229
7602,Correct,0.36493343,0.881572,0.6689773201942444,0.44897871977837717,0.49388242577816766,0.07267180677281924
7603,Correct,0.2694707,0.9373924,0.7618517875671387,0.4569212430120547,0.5268096506613783,0.0717570438662517
7604,Correct,0.12819572,0.97285897,0.617332935333252,0.3764330423041233,0.4879230478654813,0.175582720146796
7605,Correct,0.10860751,0.9777274,0.6435722708702087,0.4085009510724739,0.5684128976792499,0.16156980239830288
7606,Correct,0.056387965,0.9900712,0.6788685917854309,0.5628134326006272,0.4346527526443288,0.12818572504016829
7607,Correct,0.20065174,0.95154536,0.7127152681350708,0.511154231619048,0.5145904078086622,0.025972942961260324
7608,Correct,0.036558174,0.994451,0.7071278095245361,0.5714750453530765,0.52356495860733,0.10643297780659446
7609,Correct,0.39472026,0.86679244,0.6380327939987183,0.6158189336299039,0.47616815538820534,0.16722429371816053
7610,Correct,0.532858,0.7933344,0.7379167675971985,0.49659274309351353,0.516709774116035,0.024117460506268642
7611,Correct,0.5785205,0.75673693,0.7129375338554382,0.5202728046730685,0.515419049306611,0.03602037453531229
7612,Correct,0.12284125,0.9734985,0.7042161822319031,0.5002341981403413,0.440132100176802,0.08466664370352012
7613,Correct,0.2192919,0.95303994,0.702452540397644,0.44199965555400217,0.4537797713409487,0.10488421705051124
7614,Correct,0.1028987,0.98238516,0.547484278678894,0.4669722688344756,0.5832061178579838,0.12660244132668882
7615,Correct,0.03022411,0.99560267,0.6706676483154297,0.48822924796429074,0.46442768983103544,0.0529894301581584
7616,Correct,0.46195614,0.8284767,0.7265217900276184,0.5220216998611263,0.45326549241795805,0.07306256857939596
7617,Correct,0.1906103,0.9527661,0.6031380295753479,0.5000464088790401,0.5068734530921519,0.009720752151358106
7618,Correct,0.61361426,0.7057823,0.6193874478340149,0.5699774162163505,0.48464416730136833,0.10131772182777021
7619,Correct,0.23751165,0.9368168,0.652276337146759,0.42893273435995743,0.5508340196373308,0.12356903979590445
7620,Correct,0.48287305,0.81738114,0.5466649532318115,0.40915362586379933,0.47038070270671317,0.13513227938462857
7621,Correct,0.2294784,0.93917954,0.6010921597480774,0.5411071489514083,0.4862184698834439,0.061314407234626556
7622,Misclass_to_CNV,0.69976735,0.5828035,0.7883102297782898,0.46252650554971736,0.4896303129100854,0.05498714752845623
7623,Correct,0.14931569,0.9658137,0.6929426193237305,0.46033851727677416,0.5607357604044886,0.10258524069003477
7624,Correct,0.3323927,0.89719665,0.610364556312561,0.4187677721458477,0.4832211010098644,0.11730478501297456
7625,Correct,0.5901596,0.72460085,0.6847992539405823,0.479399439547528,0.4157120894072651,0.1227096977670862
7626,Correct,0.5047778,0.8639524,0.5464443564414978,0.4581209252054993,0.41554174060013177,0.13331957460552307
7627,Correct,0.29582262,0.9272537,0.5276790857315063,0.6199835465481671,0.47614556325106067,0.17300338490841924
7628,Correct,0.20898128,0.9488575,0.5288176536560059,0.40462382617330567,0.527752210937524,0.14047633071617893
7629,Correct,0.6152953,0.69857603,0.4459725320339203,0.6871204009477722,0.5139627684603452,0.26536391372578233
7630,Correct,0.29254916,0.9218457,0.6368070840835571,0.3946911094176059,0.5130019779826581,0.1500600804155201
7631,Correct,0.06481048,0.98814774,0.6820993423461914,0.5196002716453115,0.4956770783497158,0.02838514753051317
7632,Correct,0.21716268,0.9437307,0.5223703980445862,0.6569587775130996,0.544331587390594,0.23065709388170383
7633,Correct,0.22353597,0.9413728,0.507968544960022,0.3553083239314552,0.44766164649799106,0.21760047964481116
7634,Correct,0.44947124,0.8491145,0.4875934422016144,0.6429808093385471,0.4418933256380835,0.21826542302667987
7635,Correct,0.16971779,0.9594713,0.4094677269458771,0.336367320378261,0.45964973171358825,0.23834344123963672
7636,Correct,0.26146477,0.9272201,0.725985586643219,0.4131795515700354,0.5040632986724413,0.12291705058031295
7637,Correct,0.39901814,0.86445594,0.4802209734916687,0.3684615605759741,0.4709630918250314,0.19050198467454182
7638,Correct,0.42619237,0.8601068,0.6514983177185059,0.44571762868281484,0.512150111045355,0.07866639732733696
7639,Correct,0.483353,0.8143634,0.7872639298439026,0.49894737482202606,0.5197406448371896,0.027957148579687667
7640,Correct,0.5104126,0.8214629,0.6254559755325317,0.5523701311739193,0.5015203372598858,0.07409375229474226
7641,Misclass_to_CNV,0.34015515,0.92230636,0.2076076865196228,0.48344579996900183,0.5439300136956176,0.0663910783458658
7642,Correct,0.43927854,0.8414189,0.7979604601860046,0.5069040986955962,0.4911246456907962,0.01590210633296323
7643,Correct,0.20485693,0.9494635,0.7822225093841553,0.48888082210974176,0.4832829169706749,0.02839355497166769
7644,Correct,0.47599062,0.81807363,0.7759352922439575,0.4758530109690843,0.516301389618423,0.04120224223876153
7645,Correct,0.45261502,0.8328214,0.6214248538017273,0.4496217892748735,0.5640340727199918,0.11522436014119976
7646,Correct,0.54023504,0.76979285,0.4759325683116913,0.3337738864451568,0.46933889965188075,0.23904486567213717
7647,Correct,0.3904609,0.868649,0.7762197852134705,0.4648931951080955,0.5099870694063767,0.051618394106094284
7648,Correct,0.2825617,0.918674,0.6899573802947998,0.5690554279785224,0.5202623056914321,0.10177635447617418
7649,Correct,0.31731004,0.9291546,0.8114160299301147,0.5057181855791446,0.4270496715788061,0.10348379644251161
7650,Correct,0.20550111,0.9568654,0.49052125215530396,0.5776453089282817,0.41215973708829196,0.1657993111382933
7651,Correct,0.14931463,0.96648026,0.7544026970863342,0.4965395758719354,0.488373010409248,0.017155839943852728
7652,Correct,0.6876183,0.60175025,0.8176418542861938,0.48776681869148547,0.46407844963918565,0.05366578994576546
7653,Correct,0.2728668,0.92496496,0.3288170397281647,0.7022919103724268,0.5182258512231438,0.287242749795131
7654,Correct,0.19339763,0.9518495,0.5680719614028931,0.46035219951872,0.5389774593035802,0.07862811732154903
7655,Correct,0.25433135,0.9394308,0.6197266578674316,0.5519691741855206,0.5535376990457369,0.10551853187603473
7656,Correct,0.34417403,0.8916681,0.7779161334037781,0.5579227374714579,0.4681135458629518,0.09350710639969045
7657,Correct,0.57689476,0.7683546,0.7951532602310181,0.48221635828415366,0.5076797987685615,0.02739478862131223
7658,Correct,0.5033011,0.8003346,0.6483293771743774,0.5884442904898588,0.4502984736279313,0.14347567211181111
7659,Correct,0.62535936,0.6869002,0.7353953123092651,0.5603610098632894,0.4752717827280741,0.09224897008816625
7660,Correct,0.22368318,0.9414669,0.6198684573173523,0.5743974255803034,0.5826789351166727,0.1572945214875823
7661,Correct,0.65565246,0.64569795,0.6132335662841797,0.4133203768472706,0.5282910443010138,0.12894758824841288
7662,Correct,0.500035,0.8297932,0.5112025141716003,0.5766718555543567,0.5952654139362569,0.17293971508357764
7663,Correct,0.2649665,0.9267052,0.6584442257881165,0.41312255590581015,0.5571970058334164,0.14709988285955192
7664,Correct,0.659326,0.6477339,0.7863436341285706,0.5784457397812142,0.4955176120726358,0.11111998822312162
7665,Correct,0.5388218,0.78707725,0.5206567645072937,0.5803128520440827,0.4385802561945897,0.14298628698289184
7666,Correct,0.36933056,0.8791249,0.46477243304252625,0.34104772278816586,0.5227501703072349,0.22708323002738864
7667,Correct,0.12598284,0.97249776,0.5559009909629822,0.37367074195322403,0.5156520613772165,0.1800226011588826
7668,Correct,0.33369172,0.89735764,0.6823383569717407,0.5181968781551988,0.42798537252479557,0.10504506599538713
7669,Correct,0.2796218,0.9196722,0.7164027094841003,0.47524038175586664,0.46136709372566603,0.06489283693593145
7670,Correct,0.30145875,0.9107462,0.7102089524269104,0.4605108279273967,0.5175986545406845,0.06114094131794221
7671,Correct,0.1232779,0.97360265,0.6790774464607239,0.46089400166770206,0.569227968759556,0.11244368158451361
7672,Correct,0.3806041,0.8784736,0.7257217168807983,0.5026056629958362,0.4712692807862559,0.04079813001074618
7673,Correct,0.33086485,0.89932173,0.7440245151519775,0.518208976585126,0.49440155734188096,0.026941024051580283
7674,Correct,0.25466627,0.92997557,0.5221973657608032,0.5650606670086472,0.4888989175157576,0.09333942815265185
7675,Correct,0.38468337,0.87151074,0.5311681032180786,0.43949612071455846,0.5361934101874791,0.09970639246895255
7676,Correct,0.1242374,0.9762311,0.6888129711151123,0.5719627617466214,0.5036456836528979,0.10190122754410767
7677,Correct,0.52590156,0.7816994,0.5651219487190247,0.587822439117118,0.4782767569956152,0.12794280049387258
7678,Correct,0.7007388,0.5571003,0.5891405940055847,0.6474622994235043,0.5461774236893807,0.2185291019972206
7679,Correct,0.6078196,0.7072026,0.6593457460403442,0.4556788761736163,0.5400537162136444,0.08448268698090511
7680,Correct,0.52391833,0.7943722,0.7745073437690735,0.515366350699458,0.4754457360220382,0.040964292092459394
7681,Correct,0.2912792,0.91600317,0.7559364438056946,0.531344865218279,0.4863645499114821,0.04834099863818571
7682,Correct,0.3721129,0.8779128,0.7715513706207275,0.558093213394125,0.48079364291077237,0.08652982832635538
7683,Correct,0.28495654,0.9233591,0.6943199634552002,0.47335812646183584,0.43310752406076175,0.10182723371382628
7684,Correct,0.29771698,0.913198,0.3805414140224457,0.689365429794404,0.48436818251500974,0.26871404771281826
7685,Correct,0.29106304,0.9149625,0.620923638343811,0.4303928391856102,0.5284480731469752,0.10634330916814626
7686,Correct,0.35850224,0.8848173,0.619546115398407,0.4440082179443991,0.5380052982843008,0.09570248017100275
7687,Correct,0.1409355,0.97219175,0.20347318053245544,0.7733169705226736,0.4901503531571391,0.3867794770114389
7688,Correct,0.404607,0.8609875,0.6148881912231445,0.5477474712284908,0.5365056720402229,0.08499982470362945
7689,Misclass_to_CNV,0.64556736,0.72911,0.4595920145511627,0.4413285467058627,0.5806581802621514,0.14105375907679915
7690,Correct,0.7147721,0.5624905,0.6688286662101746,0.5652959867448765,0.5288756957736455,0.1009690218968096
7691,Correct,0.3412401,0.8928292,0.5287325382232666,0.4398411651667221,0.4247279065986917,0.13627159244327403
7692,Misclass_to_NORMAL,0.7220441,0.5336975,0.7039127945899963,0.48791181922994903,0.43992713479292783,0.08665879353552634
7693,Correct,0.61782044,0.6982964,0.6960180401802063,0.5442394782447254,0.49031036756661717,0.06404717655072074
7694,Correct,0.25782308,0.9286649,0.5009130239486694,0.37326738132804727,0.4475536839622779,0.19396789786652432
7695,Correct,0.70991623,0.55353296,0.8868643045425415,0.5684241829673616,0.49427727512453634,0.09710425731914367
7696,Correct,0.55320245,0.7629181,0.6781976819038391,0.5339900618839335,0.41740230405559975,0.12631471554967158
7697,Correct,0.38165796,0.88405424,0.7064058780670166,0.45724620165798296,0.5123026208790136,0.06291648040319164
7698,Correct,0.17178813,0.96097565,0.8080078363418579,0.5437671965034366,0.5190509657071636,0.06750565582447086
7699,Correct,0.34618706,0.8910188,0.5847498774528503,0.4886575111034684,0.5713935122607274,0.10223194850232074
7700,Correct,0.16612414,0.9652418,0.776637077331543,0.44643693205670587,0.44161477753019174,0.11205209904635384
7701,Correct,0.28179964,0.9286559,0.5210099816322327,0.47121229778926466,0.617747451619931,0.17142458494371207
7702,Correct,0.312845,0.9062171,0.778564989566803,0.4651194164573441,0.5046999269661068,0.04977437938865605
7703,Correct,0.31449816,0.90531385,0.7830234169960022,0.46069438367727467,0.4714132017406603,0.06873334720831627
7704,Correct,0.40103856,0.86466104,0.6899426579475403,0.4628455198252988,0.42723288917309105,0.11554659506145487
7705,Correct,0.63208103,0.72024816,0.5671147108078003,0.5277778091740558,0.4424767839371639,0.09033855288548721
7706,Correct,0.47984067,0.83841586,0.5816171169281006,0.38656731293341456,0.45675924725326267,0.17167840396072168
7707,Misclass_to_CNV,0.39069015,0.8997017,0.6508681774139404,0.49656986327003855,0.3746357801728368,0.17735813176090648
7708,Correct,0.3402973,0.90004206,0.7144074440002441,0.45951530095633253,0.5250241785387567,0.06730854876159345
7709,Correct,0.13003059,0.9713677,0.7182930111885071,0.47585486255964515,0.49190750588613447,0.036013223210275794
7710,Correct,0.20507206,0.9491084,0.7764225006103516,0.5500574607607619,0.4849631820198603,0.07391691650472265
7711,Correct,0.26508018,0.9269068,0.5923543572425842,0.453844006591593,0.5046788123154652,0.0656089477464813
7712,Misclass_to_NORMAL,0.3831243,0.8739872,0.39191094040870667,0.5931031411063615,0.38637032071884964,0.2077493629227688
7713,Correct,0.19135225,0.95877194,0.41326627135276794,0.5509129652953133,0.35751775617301634,0.21397812898113583
7714,Correct,0.26606834,0.92589194,0.4729308784008026,0.31976754536097224,0.44855817249680785,0.2650660269520686
7715,Correct,0.39323282,0.8681687,0.7153636813163757,0.5066907886177288,0.4976830282950829,0.010013491919257267
7716,Correct,0.19794159,0.9603603,0.7692054510116577,0.5070141019597845,0.4950248165485837,0.012161420696407042
7717,Correct,0.3503547,0.88836586,0.5458465814590454,0.5217110818716549,0.4557376002474255,0.06972131823042951
7718,Correct,0.07902924,0.98669726,0.6840510368347168,0.5998623159627173,0.4647469214072815,0.14976823227708855
7719,Correct,0.37854338,0.874313,0.652320921421051,0.441769550953791,0.49661007816581465,0.08248971773700076
7720,Correct,0.6075746,0.70768654,0.4513557553291321,0.32536827895464293,0.5164447587547442,0.24805913845599453
7721,Correct,0.37910438,0.8752573,0.7370408773422241,0.4422829972063315,0.46064306727454135,0.09879494486096554
7722,Correct,0.46990573,0.8463366,0.6769453883171082,0.5175890989846745,0.46667349523512236,0.05329225690353319
7723,Correct,0.38854018,0.88811904,0.6814754605293274,0.44024425840152903,0.47201446155623117,0.09331601165899554
7724,Correct,0.1986285,0.9544315,0.7826486229896545,0.4829416031923252,0.5052155109286605,0.02522659136288794
7725,Correct,0.20596297,0.94900566,0.7611886262893677,0.49896007281705584,0.5063290437580209,0.009070638724673088
7726,Correct,0.22098501,0.94441277,0.7222460508346558,0.5104188530297035,0.4889968273264426,0.021429993342914552
7727,Correct,0.6136766,0.70492554,0.49794596433639526,0.6244790412259901,0.5381841257948741,0.1841361407614513
7728,Correct,0.107720554,0.97832125,0.7340753078460693,0.44325402355341337,0.5130621058769481,0.08234955315989477
7729,Correct,0.5971907,0.72171104,0.5956002473831177,0.39783102191428027,0.4539871531160206,0.1584656566038762
7730,Correct,0.519992,0.80496323,0.6017323732376099,0.44919599553815764,0.47348397875031256,0.08104500295851402
7731,Correct,0.24855804,0.94851553,0.6298676133155823,0.44821232460802235,0.586108964454673,0.14210360362750116
7732,Correct,0.121381745,0.9790593,0.48074862360954285,0.6229833103191721,0.5968343843554499,0.22136753425270278
7733,Correct,0.42473552,0.84961426,0.5219196677207947,0.3638813202721085,0.47047176932911017,0.19697822913925067
7734,Misclass_to_CNV,0.3139587,0.92934245,0.11255718022584915,0.48516686231480943,0.6300889549175868,0.1851656456534945
7735,Correct,0.459316,0.82859147,0.32595136761665344,0.7052578964775987,0.4593050488250112,0.29592865058166756
7736,Correct,0.057532307,0.9912932,0.6698331236839294,0.5601539609297894,0.429912511796512,0.13061971534356287
7737,Correct,0.41631675,0.85482156,0.8257184624671936,0.5045080974464179,0.4679373527234382,0.04578943749310781
7738,Correct,0.24622977,0.93511003,0.6298245787620544,0.5541806552798534,0.4883469774679985,0.07837520450608902
7739,Correct,0.063661605,0.9897354,0.6603932976722717,0.399724382848665,0.4825172302035065,0.14395031528161578
7740,Correct,0.32092142,0.9242737,0.5418334603309631,0.3401753560871569,0.49676492011634926,0.22607247750984946
7741,Correct,0.5290471,0.7823419,0.7703267931938171,0.5751210367401965,0.5106590287068575,0.10730130524737871
7742,Correct,0.44315356,0.83935285,0.7516713738441467,0.5570980597233302,0.48157179789730215,0.08485030414685447
7743,Correct,0.31520784,0.9047233,0.5579284429550171,0.39523519908955157,0.45369477727358437,0.16198664859517806
7744,Correct,0.34437945,0.89153963,0.5216425657272339,0.37862091882648424,0.5171905688269505,0.17336895340931746
7745,Correct,0.4846495,0.814434,0.7666381001472473,0.4828931225023116,0.513074772536669,0.03044979259720998
7746,Correct,0.18769708,0.9536673,0.6647743582725525,0.42102980326894607,0.4719121355026073,0.11853455280014562
7747,Correct,0.07272979,0.98732024,0.7365613579750061,0.5597935539918505,0.44218186868072384,0.11762827388199999
7748,Correct,0.63522315,0.6776646,0.5178757905960083,0.6596985718330309,0.5060102828139666,0.22600777572912661
7749,Correct,0.15670744,0.96900594,0.7731176614761353,0.4706649903902612,0.5143821060750617,0.0462036311118032
7750,Misclass_to_NORMAL,0.44982183,0.84158444,0.6613723039627075,0.6401103312468992,0.5087529171716864,0.1985322063602287
7751,Correct,0.44029176,0.84263605,0.7888102531433105,0.4668726879494908,0.4986902141602378,0.046885698088817054
7752,Correct,0.34872222,0.88942796,0.8146612048149109,0.4505310923450551,0.49168151471259586,0.07094180744878471
7753,Correct,0.55958855,0.7562452,0.46023231744766235,0.7023009209876123,0.5272737817950321,0.2886850249176053
7754,Correct,0.3208199,0.9044151,0.7919573783874512,0.48796390675317014,0.48595504751852986,0.026158296230952716
7755,Correct,0.19425568,0.9613906,0.36934980750083923,0.7499228228854206,0.524275621069239,0.3551076545987556
7756,Correct,0.16173181,0.96708196,0.7980074286460876,0.4757539542496083,0.5314738322514173,0.05618670396313425
7757,Misclass_to_CNV,0.3850366,0.8765452,0.22689276933670044,0.37938865027104324,0.4554081182543371,0.1818545220832295
7758,Correct,0.58704484,0.7465695,0.6248189806938171,0.4253308087163902,0.43702798621459793,0.1381373421427905
7759,Correct,0.3826801,0.8780983,0.6995062828063965,0.5539274517814552,0.42571752413726666,0.12981568684822906
7760,Correct,0.22723094,0.9417279,0.8036719560623169,0.5099614767125158,0.4890763270293707,0.02090730252630652
7761,Correct,0.58315945,0.73739403,0.5645201802253723,0.5622200582054366,0.5011826618859627,0.0880083442887597
7762,Correct,0.39505938,0.867407,0.6180071830749512,0.6248983460282139,0.5330558834911482,0.182714467264986
7763,Correct,0.6838376,0.60500044,0.7748339176177979,0.46116908901645054,0.5384468905648975,0.07727875570842926
7764,Correct,0.3597473,0.8838822,0.5604679584503174,0.6515036987990209,0.5269176870678343,0.21761402816393202
7765,Correct,0.6684087,0.6350204,0.7459972500801086,0.4577270649975957,0.4948370164420935,0.060227193740646966
7766,Correct,0.4700308,0.8260929,0.5675856471061707,0.42399965603964607,0.4627596253187275,0.11969041556025838
7767,Correct,0.45209676,0.83301854,0.7207480072975159,0.5583999443341117,0.5340099754572326,0.09557438913044547
7768,Misclass_to_NORMAL,1.0046979,0.45542148,0.06182276830077171,0.7710292811000247,0.8416930798019829,0.616783644397548
7769,Correct,0.53276306,0.7803623,0.6884148120880127,0.5613129065378533,0.536760674047793,0.10110014505002071
7770,Correct,0.4376413,0.84556127,0.6692848801612854,0.4303922141837499,0.41165716980703576,0.15905784792171596
7771,Correct,0.34844348,0.9061039,0.6589357256889343,0.4307772555327017,0.5303992180397826,0.10691960352540712
7772,Correct,0.17376286,0.95833313,0.6180917024612427,0.46999951555449293,0.48952257245951875,0.04494008355201727
7773,Misclass_to_NORMAL,0.23898089,0.9403595,0.0,0.4977678598242216,0.920375286331778,0.5945088120596509
7774,Correct,0.32198888,0.92107826,0.3892282247543335,0.43380683058669156,0.3379604750146795,0.24754128275682521
7775,Correct,0.33520073,0.8965336,0.7711120247840881,0.5580035854170847,0.4987730672296377,0.0820478066161434
7776,Correct,0.34796503,0.89176476,0.5061964988708496,0.5321142999132574,0.4602804265308789,0.07223534834812598
7777,Correct,0.4250505,0.85012025,0.7352749109268188,0.4833189176796183,0.4893278714440553,0.02800545787142071
7778,Correct,0.70250154,0.56072485,0.5497969388961792,0.34715236249677167,0.5834687267949829,0.24629018917973072
7779,Correct,0.7161272,0.5720511,0.5125521421432495,0.44885663142337534,0.5537398685879382,0.10491537185001393
7780,Correct,0.44629464,0.8373851,0.6962644457817078,0.43421895814087147,0.4918530525832502,0.09373919372688999
7781,Correct,0.3735891,0.87817276,0.8037158250808716,0.4721959223933916,0.5182427841406272,0.047029052823883706
7782,Correct,0.19530955,0.9513179,0.6864904761314392,0.45650242594532264,0.46349911481386424,0.08030384259814229
7783,Correct,0.42352748,0.8535679,0.5676396489143372,0.571347314842524,0.4874045383726466,0.10246057767594692
7784,Correct,0.25323284,0.93530977,0.7506067156791687,0.4480887883862416,0.48531574685523493,0.07629418302371349
7785,Correct,0.4684034,0.82335496,0.6663312315940857,0.37865948218261575,0.540982305855693,0.1811246568385459
7786,Correct,0.6252263,0.6928572,0.703213632106781,0.4615279766617011,0.4879665053461165,0.05700704471076637
7787,Correct,0.29438233,0.9172377,0.8176616430282593,0.5306462850680728,0.46238198186827345,0.06861938613296517
7788,Correct,0.41147673,0.8613586,0.6870585083961487,0.5208373259863586,0.3861961912805298,0.16361846493180124
7789,Correct,0.42540002,0.84983766,0.6456815004348755,0.3936988453711639,0.4914361305089906,0.15081959644610354
7790,Correct,0.12450841,0.9734345,0.611439049243927,0.3854703362049956,0.536839200315392,0.17014212041040463
7791,Correct,0.38478225,0.8723193,0.5283368229866028,0.43803710908724003,0.5413723500659937,0.10536670442079625
7792,Correct,0.14602676,0.9687418,0.789227306842804,0.5143181852191023,0.4912326802343519,0.023743475897249927
7793,Correct,0.61244047,0.70883256,0.743594765663147,0.5205493216490902,0.46528700233014825,0.05704852018176982
7794,Correct,0.24699777,0.932825,0.589078426361084,0.49004938459803904,0.4489196455949046,0.0735964313404922
7795,Correct,0.27554524,0.9291595,0.6833321452140808,0.39573925452466546,0.4831728150689062,0.14935499455845272
7796,Correct,0.33797362,0.8943199,0.6180282831192017,0.4079901997749649,0.4791361200136421,0.1334249214017832
7797,Correct,0.2911314,0.9157621,0.7698786854743958,0.46613885827384466,0.5041085852689297,0.04823810510189728
7798,Misclass_to_NORMAL,0.7056098,0.582579,0.7201133966445923,0.4063358757081156,0.502274590094698,0.13250012784495319
7799,Correct,0.56956124,0.74675673,0.4255330562591553,0.6722468264816476,0.4724559882306963,0.24668863701981225
7800,Correct,0.19894786,0.9563617,0.6512193083763123,0.6382403616275497,0.5549226893211231,0.21036586883418293
7801,Correct,0.3820259,0.89980716,0.5158097147941589,0.5606853268304358,0.4501244149158958,0.11108809909255385
7802,Correct,0.50659484,0.79723066,0.7592336535453796,0.5318479285968424,0.5145306134380003,0.04950614674551365
7803,Correct,0.26496714,0.9260862,0.5744874477386475,0.5545926388511571,0.4756439580163435,0.08454079486073572
7804,Correct,0.4246232,0.84905463,0.6415187120437622,0.4438966977957231,0.48897449785673114,0.08085965886318895
7805,Correct,0.69651324,0.5359609,0.7833759188652039,0.470448653238491,0.4573970867989208,0.07332517042104485
7806,Correct,0.46904334,0.82256156,0.5364106893539429,0.3823758691163781,0.5243954936000349,0.16988570436688755
7807,Correct,0.19538721,0.96142405,0.7526496648788452,0.4364532257296504,0.49534971230854774,0.09010901947951758
7808,Correct,0.2987422,0.9118396,0.6737003922462463,0.5698104649600856,0.4749125755544915,0.10490833983294592
7809,Correct,0.18304002,0.9552716,0.5545075535774231,0.46305367977533035,0.4687929558335388,0.06839459311599555
7810,Correct,0.6937841,0.6162469,0.7355049252510071,0.5666036440509168,0.5285168803582567,0.10246226491961176
7811,Correct,0.48699936,0.82703155,0.6608022451400757,0.4359571611733079,0.41443123624991635,0.15115223144035478
7812,Correct,0.36911327,0.9078964,0.8429312705993652,0.5077679978601749,0.4709044042831552,0.042588624792865945
7813,Correct,0.31078312,0.91190773,0.6022754907608032,0.6166589331037241,0.564225751904802,0.18833084654743282
7814,Correct,0.20561655,0.9478678,0.6573755145072937,0.4894748558712996,0.45832295903129794,0.06079069670330793
7815,Correct,0.6487786,0.6565401,0.7282535433769226,0.5523522309469163,0.5128563858352673,0.07623703485661708
7816,Correct,0.14947878,0.96653396,0.6405125260353088,0.4400083476722384,0.4087782082240761,0.15440475150606628
7817,Correct,0.55907756,0.75728637,0.6840074062347412,0.5448351914708559,0.4473849178879887,0.09776033203587234
7818,Correct,0.71595085,0.50850534,0.7899554967880249,0.482602857683682,0.5535557622720801,0.07963517104041135
7819,Correct,0.5442993,0.7701548,0.5701186060905457,0.39795624042442906,0.5381183734778837,0.15405154504201737
7820,Misclass_to_NORMAL,0.54268146,0.83622247,0.5998618602752686,0.36993334935711975,0.6725624988693492,0.30559826447639127
7821,Correct,0.66593426,0.64261174,0.4005747139453888,0.5360053604490943,0.4290459539374729,0.1125243318905953
7822,Correct,0.46528587,0.8280109,0.758209764957428,0.5288260665418332,0.54722527305487,0.07824536442986542
7823,Correct,0.32520896,0.9079018,0.3911750614643097,0.4192463022606838,0.40882112448093505,0.17224835000367336
7824,Correct,0.34638578,0.8911247,0.7330833673477173,0.5209820208990539,0.5015514706895043,0.02975406736258842
7825,Correct,0.55935556,0.75772935,0.6117183566093445,0.3919349757522131,0.4781378988902696,0.1559230639168359
7826,Correct,0.30745536,0.9120105,0.6466976404190063,0.5541208653661331,0.40885941338248316,0.14990446689117837
7827,Correct,0.64482665,0.6629271,0.5339438319206238,0.506660434510832,0.4997683819313778,0.009424970536059401
7828,Correct,0.4770415,0.81824785,0.6020598411560059,0.5381057101609168,0.4608915652980184,0.077220655419479
7829,Correct,0.27492025,0.92274123,0.6653997302055359,0.5545296574823074,0.5775806963415916,0.13410628613144135
7830,Correct,0.38960865,0.8858357,0.6148980855941772,0.6009076859171386,0.4979636686894812,0.14273407247295997
7831,Correct,0.21035802,0.9472741,0.7107431888580322,0.4293574115996827,0.4735316173007158,0.10668599325696329
7832,Correct,0.08907973,0.9826915,0.5071878433227539,0.3515967526280051,0.39767813182556155,0.25492464979778107
7833,Correct,0.27985355,0.9223542,0.6584723591804504,0.44830307749730014,0.4514270658847114,0.1003185100050666
7834,Correct,0.18342516,0.9552688,0.5075459480285645,0.39405903046000823,0.47409061565823635,0.15423868012948433
7835,Correct,0.626696,0.6863306,0.7353953123092651,0.5603610098632894,0.4752717827280741,0.09224897008816625
7836,Correct,0.345225,0.9099018,0.7807820439338684,0.46388291746453386,0.5035045762489261,0.05131716487800568
7837,Correct,0.22951065,0.94084775,0.5593230128288269,0.4828738223539429,0.5202475603255448,0.03750385739896312
7838,Misclass_to_CNV,0.70234525,0.50720286,0.6348013281822205,0.3817366585778669,0.5614102097251155,0.18845387649401474
7839,Correct,0.557866,0.8452202,0.3247462809085846,0.7749132589383205,0.5942214636274729,0.4109865792168675
7840,Correct,0.30055442,0.9278515,0.795885443687439,0.4388368456997484,0.5417022539783262,0.10469010870974588
7841,Correct,0.104128905,0.9788943,0.6698892712593079,0.5680280648004462,0.486654487193032,0.09803999502830113
7842,Correct,0.6454882,0.6928964,0.7347745299339294,0.5309626182502798,0.47847514589053824,0.05332922413360562
7843,Correct,0.5729446,0.7437234,0.6884059906005859,0.5621909712906041,0.5038324191357655,0.08811815189279594
7844,Correct,0.30049062,0.93266326,0.6502535343170166,0.5692690761487518,0.40278568624745537,0.1688124859652257
7845,Correct,0.19587915,0.9567665,0.6392165422439575,0.589839011572156,0.6425123817336281,0.2382470438333006
7846,Correct,0.606921,0.71854395,0.5956514477729797,0.5783969871255524,0.5545677371112602,0.1350831264355962
7847,Correct,0.17223094,0.9586623,0.4981963038444519,0.5682700328789736,0.4783712016078274,0.1012778584803745
7848,Correct,0.33328423,0.8975892,0.5532666444778442,0.390736368548986,0.4223501470196566,0.1895681451390605
7849,Correct,0.63601804,0.6821409,0.6780506372451782,0.43565634498235656,0.5041984379444017,0.09118917503961206
7850,Correct,0.6800521,0.62044793,0.6127219796180725,0.48107146867492906,0.5187207559363999,0.037649860582861204
7851,Misclass_to_CNV,0.57027364,0.76388013,0.5214899778366089,0.468725862627518,0.531716377633764,0.06299206741488014
7852,Correct,0.30474368,0.9093368,0.6691219806671143,0.43315684079468664,0.5134163144902316,0.09641582263350416
7853,Correct,0.61809045,0.700561,0.5907978415489197,0.6052949154722665,0.5078478559868315,0.14932252387300318
7854,Correct,0.108571336,0.97858083,0.7848691344261169,0.5139925387949024,0.5387770076748322,0.058300042300856704
7855,Correct,0.44532397,0.836871,0.5287461876869202,0.4357789428330106,0.46952569461963856,0.10052887617059335
7856,Correct,0.062333494,0.9887579,0.690559446811676,0.4934494748649743,0.47900583343685105,0.03110191020583285
7857,Correct,0.30674842,0.9086344,0.7662941813468933,0.5083336068199117,0.5081747200386219,0.016509091455239093
7858,Misclass_to_NORMAL,0.4362408,0.85655427,0.24738933145999908,0.7944627742141738,0.41851681234494265,0.43208294404740566
7859,Correct,0.52612793,0.7908017,0.6627870202064514,0.45581035673650216,0.5293776068834114,0.07504356545302816
7860,Correct,0.34157348,0.89267087,0.694990336894989,0.507618329803981,0.5221158108228262,0.03308014623163756
7861,Correct,0.31378433,0.90616137,0.5163177251815796,0.6291912407577628,0.5002819968266249,0.18270444007051634
7862,Correct,0.34574464,0.89063454,0.6339115500450134,0.4476142775440799,0.5320226608856131,0.08682988802737993
7863,Correct,0.4711857,0.860367,0.6276547312736511,0.559638099262637,0.4792159914749453,0.08931604440445945
7864,Correct,0.59133124,0.737202,0.6751388311386108,0.39936333357132664,0.4990643803131684,0.14232788914386707
7865,Correct,0.44582522,0.8420132,0.4236660599708557,0.6392003975335931,0.42020164201173843,0.22691200325735575
7866,Correct,0.62805367,0.7042999,0.5003021359443665,0.43209995158573455,0.41350337899956,0.15551258482292257
7867,Correct,0.078409344,0.9875134,0.7375515699386597,0.4295604794383241,0.42369506314876026,0.14686163178196301
7868,Correct,0.4194932,0.85241616,0.6685421466827393,0.4214384376157029,0.5154978878477033,0.11324401628343811
7869,Correct,0.20440263,0.9487062,0.7014426589012146,0.5334132914769684,0.5685576920056564,0.10785736118102734
7870,Correct,0.16381037,0.9664336,0.6601210236549377,0.45466317218826874,0.4403484452564094,0.10595976537684623
7871,Correct,0.20165798,0.9506427,0.7818520069122314,0.5383176207110651,0.4617940881728303,0.07652361407438248
7872,Misclass_to_CNV,0.7098639,0.5619286,0.6959328651428223,0.5366632301286296,0.6353932782800628,0.1983710273547393
7873,Correct,0.23892815,0.93561053,0.5754833221435547,0.49880450985527586,0.43071161758738663,0.09800315437824114
7874,Correct,0.30611393,0.90988487,0.7561755776405334,0.5070368850398242,0.45542132531261575,0.06382438386615784
7875,Correct,0.25681365,0.9296437,0.5029322504997253,0.3319688269847993,0.5108019684734232,0.23812247952583196
7876,Correct,0.05254378,0.9914139,0.7350803017616272,0.5106898955629208,0.5000475095080745,0.015117944589097463
7877,Correct,0.6595016,0.6477662,0.6091541051864624,0.41119336089040737,0.4744566379775919,0.13068345337761186
7878,Correct,0.15706742,0.96341985,0.6926575303077698,0.58747768981046,0.504538817506379,0.1238785459951098
7879,Correct,0.657301,0.6634423,0.5738149881362915,0.42628734213704683,0.43467697660385296,0.13928857322001947
7880,Correct,0.19267635,0.9567507,0.6565160751342773,0.5641729185953402,0.4973643213232658,0.09083072479212258
7881,Correct,0.15182857,0.9660118,0.5507463216781616,0.3744459876932428,0.5126623499889572,0.17846089271080195
7882,Correct,0.3883515,0.86931664,0.5517144799232483,0.39034229587240976,0.5139799857086733,0.1563345903819678
7883,Correct,0.56692916,0.749408,0.6988547444343567,0.4887265636324978,0.4613672859641373,0.056913565365541194
7884,Correct,0.47024012,0.82531554,0.5069026947021484,0.5610368519348249,0.49657289728547427,0.08645510195621361
7885,Correct,0.45122465,0.8354747,0.7703580856323242,0.4989764278545013,0.5041170833363635,0.005999679180690069
7886,Correct,0.24023207,0.93519765,0.5940998792648315,0.5848155382726736,0.5681224100681787,0.15384627578190155
7887,Correct,0.05722028,0.9902054,0.2593466341495514,0.7523346115381699,0.4620601159952428,0.3608661551833686
7888,Correct,0.40910202,0.8659531,0.6205381751060486,0.6145801502599182,0.5399654181458334,0.1716149497051859
7889,Misclass_to_NORMAL,0.7337981,0.5488102,0.7936623692512512,0.5445472517334571,0.4601423220873352,0.08453510661960181
7890,Correct,0.5512666,0.7646533,0.44665616750717163,0.4325638481011561,0.42727435514197953,0.14026156995370373
7891,Correct,0.13803367,0.96915984,0.6366777420043945,0.6002812018301075,0.5229982576903421,0.14550078554621024
7892,Correct,0.70594394,0.5288202,0.43674781918525696,0.5831843616534461,0.5259613369488092,0.12323659391480213
7893,Correct,0.068388134,0.9886711,0.670566201210022,0.4504139007750423,0.5377060156597503,0.08809682007065506
7894,Correct,0.17731328,0.95710284,0.7333224415779114,0.49320960117363805,0.5157944626579446,0.024313558640160597
7895,Correct,0.52315867,0.81234056,0.5010469555854797,0.44206565207264026,0.47919955975295025,0.08705224849754839
7896,Correct,0.49580714,0.80799043,0.8051368594169617,0.503762987870566,0.5195337899711306,0.028132864352933225
7897,Correct,0.2520721,0.9312233,0.6459128260612488,0.5038775857307136,0.5755446186616496,0.10697686740443557
7898,Correct,0.53027946,0.7779674,0.5630794763565063,0.649404230609843,0.4960390111245752,0.21136373178476187
7899,Correct,0.5487134,0.764056,0.5662963390350342,0.3726949807994517,0.5235868050241494,0.18310054770480189
7900,Correct,0.3108093,0.9093072,0.6467780470848083,0.6416183444374807,0.47954817463380317,0.2023562830357502
7901,Correct,0.2559822,0.93199706,0.6057347059249878,0.4656298424864022,0.46577463077674114,0.06859567954292628
7902,Correct,0.38896316,0.872546,0.7221400141716003,0.502453099762091,0.4996428044713253,0.003505791519322253
7903,Correct,0.1338861,0.975665,0.5854827761650085,0.6303815613286172,0.4510665366950756,0.196945857359338
7904,Correct,0.2694247,0.9242948,0.45688843727111816,0.7028241887973622,0.4815894819256533,0.28801596739442714
7905,Correct,0.199303,0.95043856,0.548040509223938,0.4050903072902793,0.5201345260787592,0.1372096855959509
7906,Correct,0.7143351,0.5475622,0.549496591091156,0.34868068535441366,0.4732990983753795,0.21730381097614293
7907,Correct,0.6296792,0.6983319,0.7058627605438232,0.46562177250725234,0.47257050275759005,0.062197103542118194
7908,Correct,0.54896283,0.77678216,0.5618253946304321,0.557626314654718,0.5493359811343109,0.10728309442936153
7909,Correct,0.1900513,0.9533182,0.7299099564552307,0.4163631113984483,0.5067438422387343,0.11866430417854654
7910,Correct,0.5467839,0.7844399,0.5899906158447266,0.40512572768982935,0.5063535077813832,0.13447300552536565
7911,Correct,0.6143844,0.70075166,0.5535198450088501,0.45376326803012074,0.46118501068523304,0.08537492347006735
7912,Correct,0.33237228,0.8969244,0.7149590849876404,0.4831193600632198,0.46327879135805483,0.05715598251802669
7913,Misclass_to_NORMAL,0.46451458,0.82761925,0.8730278611183167,0.4240756981750189,0.5324303286759563,0.11675809030333943
7914,Correct,0.25441885,0.93240553,0.6837589740753174,0.4445515851922048,0.48632310772136017,0.08076613259403773
7915,Correct,0.5605955,0.7564321,0.5364760160446167,0.41489103955985385,0.5388429770626961,0.13230504158417772
7916,Correct,0.051832005,0.9921582,0.5441903471946716,0.4304341423316957,0.5614457344355752,0.1312629942783114
7917,Correct,0.4141975,0.8609674,0.6317336559295654,0.44880402988695106,0.4775791851863622,0.07904075268775772
7918,Correct,0.6754517,0.62747854,0.5437189936637878,0.5370042917951002,0.5251268297530219,0.0632562279098947
7919,Misclass_to_CNV,0.36305836,0.8995621,0.30174964666366577,0.5138592727277865,0.4868843204875423,0.026985199262435308
7920,Correct,0.41489607,0.90026015,0.7385265827178955,0.49830908777374633,0.4818606416243572,0.02576414199762516
7921,Correct,0.32941052,0.8984387,0.37133142352104187,0.6502534955913498,0.44953991095902257,0.22415322225407847
7922,Misclass_to_NORMAL,0.4449879,0.8640685,0.9062310457229614,0.4621618382755827,0.49573141785957814,0.053850669005550626
7923,Correct,0.34113342,0.8936449,0.5984798073768616,0.443222700868204,0.4658202935118359,0.09372207885358168
7924,Correct,0.24948423,0.9319162,0.4866347014904022,0.5848493777717658,0.5055459893566931,0.12025119464022285
7925,Correct,0.28013942,0.92572546,0.7501009106636047,0.5346084555220326,0.4997530184337972,0.04894499348277726
7926,Correct,0.7165853,0.5530545,0.861703634262085,0.4997767690053216,0.5106982314910143,0.015132877394092378
7927,Correct,0.22358151,0.94935817,0.5675943493843079,0.5495240701566397,0.46326903612240977,0.08719859210166885
7928,Correct,0.6877479,0.5826506,0.5477468967437744,0.4391109774807019,0.5566064330092163,0.11757347763320167
7929,Correct,0.20062533,0.9501239,0.20114898681640625,0.7902525423694408,0.45259285714778985,0.4159182024036309
7930,Correct,0.14799061,0.9720604,0.756374716758728,0.4843457072165713,0.5328592167627334,0.05147397417743472
7931,Correct,0.20497105,0.94786555,0.4973304271697998,0.3724258976330953,0.5003192927138703,0.18041759084168377
7932,Correct,0.41726142,0.8537909,0.5297918319702148,0.36307998993015594,0.482551068409289,0.19520017608180332
7933,Correct,0.304975,0.90897995,0.6495783925056458,0.4220047776114065,0.4233611985337432,0.15463997287655273
7934,Correct,0.19119582,0.9563508,0.689878523349762,0.4332706096791421,0.4806056815808998,0.09827462662900177
7935,Misclass_to_CNV,0.10840663,0.9819935,0.45743685960769653,0.3014277068241366,0.6110939724165692,0.32178510321148945
7936,Correct,0.22149184,0.9518485,0.7263059616088867,0.5475107958571626,0.5538277638698791,0.10153525384035275
7937,Correct,0.19487447,0.9512516,0.4194808602333069,0.34365263247314565,0.4668873942339653,0.22601302614315882
7938,Misclass_to_NORMAL,0.7394833,0.609783,0.8441287279129028,0.4393695819415798,0.5313661351751079,0.09653892510031323
7939,Correct,0.25024486,0.93163854,0.6678552627563477,0.6159680726543827,0.5323379114073651,0.17026059079753467
7940,Correct,0.40972593,0.8574927,0.23788031935691833,0.7508205374962807,0.5101267943561452,0.3550027999716476
7941,Correct,0.19277756,0.95219994,0.8215140700340271,0.45498263041523546,0.4991015615410066,0.06367685224625794
7942,Correct,0.29088813,0.93022805,0.6679093837738037,0.4525381050719508,0.5621731950735616,0.11061769890769128
7943,Correct,0.4115134,0.86030877,0.7223805785179138,0.570862540826368,0.49188976189631844,0.10086898090559933
7944,Correct,0.46804023,0.83413196,0.6358090043067932,0.5731207611433806,0.48451278202820613,0.10570240896680808
7945,Correct,0.391138,0.89004344,0.8608638048171997,0.5225758450488176,0.48217525549775136,0.04067899448704859
7946,Correct,0.56685996,0.7586679,0.4152904450893402,0.34405652670437725,0.5979419190482217,0.2604265208090413
7947,Correct,0.053459182,0.9908545,0.6328606009483337,0.6536165549552791,0.5318771286884252,0.22187472722122598
7948,Correct,0.6917948,0.62744665,0.606673538684845,0.4810485817657852,0.5674632268703157,0.09910038579989298
7949,Correct,0.56382567,0.74909955,0.5648386478424072,0.43484651123168516,0.5120768051573586,0.09371047242962477
7950,Misclass_to_NORMAL,0.32376826,0.91065574,0.36427414417266846,0.5034011833427058,0.7566784025369977,0.36302994470725336
7951,Correct,0.45633096,0.830128,0.46434280276298523,0.321161599817839,0.4831699253250007,0.2540331663121208
7952,Correct,0.49273634,0.81118095,0.6678956747055054,0.591032587227055,0.549121113469922,0.14628612870519422
7953,Correct,0.3233873,0.9145553,0.7789369225502014,0.48955465415390037,0.45056081800750086,0.07146100987156677
7954,Correct,0.35282648,0.91094095,0.5552829504013062,0.6317412339113273,0.4981301687650945,0.18632900461992535
7955,Correct,0.54894143,0.76410186,0.7250407934188843,0.4792965967858332,0.5177302867401206,0.03854851417461553
7956,Correct,0.33197188,0.8970369,0.6681467294692993,0.4414362616059414,0.556119532487638,0.11470931419304005
7957,Correct,0.2545216,0.9365732,0.41389888525009155,0.35108069677675385,0.5385427537414617,0.21754311176625235
7958,Correct,0.06538043,0.9885887,0.6761699914932251,0.48539906516953535,0.5692154333827454,0.10003962731122842
7959,Correct,0.41451648,0.8583137,0.4791901707649231,0.3354418551096505,0.541959138044249,0.24016641028740715
7960,Correct,0.1506654,0.96553266,0.6709757447242737,0.41808752892600304,0.512100689518935,0.11709892915208106
7961,Correct,0.4639672,0.8382087,0.5690014362335205,0.44674878497806303,0.49766218925921457,0.07538112841251844
7962,Correct,0.6784317,0.61720645,0.6330164670944214,0.40597928458737426,0.5663616738871526,0.16274991052413365
7963,Correct,0.3356474,0.8960662,0.49798616766929626,0.37021508733578223,0.5703811724609574,0.20879479395922526
7964,Correct,0.4308657,0.84658086,0.785912036895752,0.49373201177819154,0.4713624691930746,0.04145831272655291
7965,Correct,0.58908296,0.75299144,0.792256236076355,0.48599437440214627,0.4967420728156426,0.020335763468620042
7966,Correct,0.63077426,0.7164836,0.4275735318660736,0.3170629741377654,0.4288064359734062,0.2776129643591185
7967,Correct,0.27654222,0.9236176,0.7642109394073486,0.41078632699473255,0.48822308641306744,0.12726173929916926
7968,Correct,0.23984675,0.9352938,0.5266585350036621,0.6304150631293997,0.5041913926381985,0.1845299783953428
7969,Correct,0.11197236,0.97983897,0.5362204313278198,0.42518627810493254,0.6300387912845932,0.21216587954970742
7970,Correct,0.4269227,0.85212344,0.7499479651451111,0.4589238036248803,0.4886759253803361,0.06025758997236969
7971,Correct,0.1992183,0.9538267,0.801338255405426,0.48657858916577107,0.4910742713495398,0.02279486348819856
7972,Correct,0.4034394,0.87401927,0.5490683913230896,0.40404480274749593,0.4913457892808624,0.13625193754907267
7973,Correct,0.19497456,0.9515823,0.6692849397659302,0.46635788852836185,0.5346973989271985,0.06834765770065981
7974,Correct,0.42742926,0.8478243,0.7788320779800415,0.443098475774684,0.4918524618509736,0.08129164578299626
7975,Correct,0.21740444,0.9435025,0.5498971343040466,0.4609113793740832,0.47091252792595784,0.06890575148846473
7976,Correct,0.28292194,0.93063486,0.5138989686965942,0.36611393321259056,0.4141109952595335,0.22495510669958366
7977,Correct,0.24298553,0.9385626,0.6166868209838867,0.3930024969395866,0.4820168496113687,0.1534396256451592
7978,Correct,0.7123051,0.5576199,0.7047412395477295,0.41786937272063973,0.5161535000293381,0.11837546621237885
7979,Correct,0.28586105,0.9174626,0.7642602920532227,0.43071556017887486,0.48279518647640474,0.10095879565158052
7980,Misclass_to_NORMAL,0.71747863,0.5980975,0.751872718334198,0.5614681890094472,0.6301056988794282,0.20349855597033398
7981,Correct,0.2359162,0.93866694,0.7843999266624451,0.5414144111804925,0.5324467372618675,0.0744035511567501
7982,Misclass_to_CNV,0.66794366,0.6422173,0.7636814117431641,0.47699446467666823,0.482857002084687,0.04057430302636118
7983,Correct,0.45234808,0.832722,0.6003507375717163,0.4939743318826573,0.4818788532798672,0.02700683745694562
7984,Correct,0.4659784,0.8588147,0.4644145667552948,0.56741312730517,0.6160016716787597,0.1897414955423817
7985,Correct,0.41937461,0.87715995,0.7106969952583313,0.528384996594513,0.44247102113724096,0.09072255993590887
7986,Correct,0.41214406,0.89398223,0.41888687014579773,0.5196794701409388,0.5607690603943792,0.09033449226340749
7987,Correct,0.44988012,0.8343286,0.6566436290740967,0.5694568486069895,0.5045651835150775,0.09843875983514418
7988,Misclass_to_CNV,0.19925173,0.95267904,0.23319120705127716,0.48842478797497246,0.5802428625632332,0.11465515710831566
7989,Correct,0.62857664,0.6873575,0.5334702730178833,0.4742854713563676,0.5194590176348225,0.04560461272013004
7990,Correct,0.11868245,0.9756732,0.6631394028663635,0.45064730591589036,0.47143184427396695,0.08064524703845337
7991,Correct,0.66530687,0.6338943,0.6466172933578491,0.4048891149699732,0.49594369154345397,0.13462937338849662
7992,Correct,0.24323113,0.9344673,0.8285713791847229,0.5464211510253547,0.4609865667461164,0.08575513088759207
7993,Correct,0.45205548,0.848805,0.6224678754806519,0.5829879702834965,0.46332121088629613,0.1283147441459636
7994,Misclass_to_NORMAL,0.20839575,0.95035964,0.15153400599956512,0.6706016375602825,0.6852776156275256,0.35618173336338044
7995,Correct,0.37017572,0.8792781,0.5988927483558655,0.36723174111770457,0.4337441347355809,0.20984399085307676
7996,Correct,0.7191253,0.5387399,0.7396592497825623,0.5097964008008091,0.536618989552923,0.05360820579961943
7997,Correct,0.6886458,0.61059386,0.6121606230735779,0.48635086969040703,0.5586167141286505,0.0851142518436036
7998,Correct,0.14066802,0.9683042,0.44898098707199097,0.6645446176855783,0.5039139334286593,0.2327670512945382
7999,Correct,0.58371764,0.74819094,0.7312982082366943,0.46466836374293335,0.4224049091905557,0.12057630478935383
8000,Correct,0.2859756,0.9208968,0.8299383521080017,0.5732605873518452,0.4940700647384238,0.10394496420071363
8001,Correct,0.16690278,0.9605298,0.6520774364471436,0.5536851841417962,0.5089926572718789,0.07698008679065058
8002,Correct,0.37946984,0.87386346,0.7327297329902649,0.41708726328183005,0.5195411571035454,0.12046890661944276
8003,Correct,0.40102592,0.87633723,0.7486636638641357,0.5426522926703017,0.5785067945959695,0.12635295697186372
8004,Correct,0.28587863,0.9171685,0.7554596662521362,0.4585400216656969,0.5514831814699612,0.09348206007304119
8005,Correct,0.23799792,0.9376464,0.663786768913269,0.4780811661944487,0.3800496348800845,0.17244434097874262
8006,Correct,0.3137635,0.9054461,0.6682526469230652,0.5405326800917932,0.48128773091088384,0.06313552359626304
8007,Misclass_to_NORMAL,0.15029208,0.9710483,0.6664465069770813,0.36475872211796234,0.6852902694674642,0.32441543490559144
8008,Correct,0.26554325,0.9254313,0.5448563098907471,0.4647591288481469,0.49120505709574724,0.05136672113792309
8009,Correct,0.19803306,0.9505689,0.5512279272079468,0.6245116435814978,0.550844141454451,0.19020134651261628
8010,Correct,0.3099413,0.9102449,0.6118588447570801,0.3952614230168375,0.49753809342529604,0.14816362908919606
8011,Correct,0.19881378,0.9547895,0.6657930612564087,0.4336625172091923,0.5344500280891455,0.10571155148197973
8012,Correct,0.45498255,0.84259397,0.8103452920913696,0.4508844997708016,0.524029669241093,0.07732732203562616
8013,Correct,0.6894828,0.60951567,0.553193986415863,0.4379801472401074,0.44924796990400795,0.11333340809508234
8014,Correct,0.21877232,0.9443605,0.7652957439422607,0.5026774075229579,0.5131365557009439,0.01895983157773253
8015,Correct,0.22462527,0.9409868,0.6945596933364868,0.4764043869021295,0.43880281583734465,0.0927561136195599
8016,Correct,0.69531614,0.59108424,0.7142223119735718,0.5056424444818454,0.42158060116504653,0.11118848225752709
8017,Correct,0.3913428,0.87301046,0.7118331789970398,0.5513593097526976,0.5285527153058281,0.08310278274052219
8018,Misclass_to_CNV,0.6588522,0.6870052,0.3370029032230377,0.5395118364686068,0.3854968734606737,0.17130178754702413
8019,Misclass_to_CNV,0.44822076,0.85870135,0.34429940581321716,0.5133162526655378,0.49212472072828156,0.021878876052485015
8020,Correct,0.45159012,0.83318156,0.6774189472198486,0.499309970085618,0.5167303791832126,0.023680444628292625
8021,Correct,0.35392174,0.8879454,0.6256647109985352,0.47013938501532815,0.48041144525956847,0.05050480777275945
8022,Correct,0.07570461,0.9867671,0.5430170893669128,0.37427082931723765,0.503313140059935,0.17786962223849206
8023,Correct,0.06481773,0.98933744,0.7742581367492676,0.530326184524366,0.5353023475327735,0.06581691589752005
8024,Correct,0.33230427,0.89679754,0.5539813041687012,0.3932743412548915,0.5102800045088773,0.1516314263421662
8025,Correct,0.56538683,0.7650414,0.5882372260093689,0.5014700620300003,0.4167702525803176,0.11772299637637654
8026,Correct,0.30042517,0.9241602,0.41445422172546387,0.41496977201661744,0.5726551148718075,0.15817019559918083
8027,Correct,0.5132182,0.8092125,0.7017161846160889,0.475390901695989,0.5223134900856203,0.04697870920188321
8028,Correct,0.1622422,0.9661604,0.7604222893714905,0.44545171344013984,0.47752589027673087,0.08343382017467689
8029,Correct,0.14994383,0.9671231,0.6922507882118225,0.403169989548558,0.4118372231504691,0.18519571348088243
8030,Correct,0.5198439,0.78678274,0.6003506183624268,0.44109036084963815,0.4941193542338787,0.08372487777778413
8031,Correct,0.559539,0.7610234,0.6550093293190002,0.5495313876591991,0.5720418330117284,0.12363967055225937
8032,Correct,0.34116754,0.8930085,0.7149590849876404,0.4831193600632198,0.46327879135805483,0.05715598251802669
8033,Correct,0.26183337,0.92915106,0.6298245787620544,0.5541806552798534,0.4883469774679985,0.07837520450608902
8034,Correct,0.22931288,0.9393563,0.5318395495414734,0.34639077520313094,0.5221212971065053,0.2194773142188929
8035,Correct,0.6299314,0.7098102,0.6762737035751343,0.41543557224523997,0.47446617773763233,0.12492492562188066
8036,Correct,0.11964048,0.9750087,0.6813463568687439,0.4300275716103486,0.5246625181352668,0.10492264327129062
8037,Correct,0.49607635,0.80527097,0.20345818996429443,0.7749325704719621,0.4767387323435138,0.3902025240290151
8038,Correct,0.519904,0.79023474,0.6069273352622986,0.3836722521183212,0.4703804320831249,0.1697613838940164
8039,Correct,0.30565834,0.9095702,0.7694005370140076,0.4442218868972569,0.5027500899357967,0.07897798295673766
8040,Correct,0.50488883,0.79811805,0.5210156440734863,0.38848464736670013,0.5290480773086861,0.16296910546640808
8041,Correct,0.5281977,0.78581285,0.5329717397689819,0.6181133694859356,0.49457118061338884,0.16721387580732408
8042,Correct,0.19371061,0.95508575,0.5465750098228455,0.5512171981189417,0.433648837333649,0.11853841715099363
8043,Correct,0.4149609,0.8748352,0.7283865213394165,0.5251824500791219,0.49279193252054626,0.037043542724092285
8044,Correct,0.15233475,0.9688178,0.5905573964118958,0.4637255185811996,0.5228283699646953,0.06061307577491671
8045,Correct,0.41058978,0.86051196,0.691261351108551,0.4101012042262454,0.5114153862895154,0.1281569703583078
8046,Misclass_to_NORMAL,0.71474934,0.6016623,0.6952577233314514,0.5281079451718965,0.5072716229270362,0.04105930057317926
8047,Misclass_to_DME,0.3775304,0.894243,0.24426645040512085,0.44134510869619675,0.24368911635618826,0.37184853192699996
8048,Correct,0.34310597,0.89179665,0.691421389579773,0.4608354763792741,0.4555087038757747,0.08382523893496402
8049,Correct,0.6319888,0.68837845,0.4487210810184479,0.6275895769366385,0.4548003070563876,0.19142681309088988
8050,Correct,0.13919766,0.97007936,0.7338215112686157,0.5295473726430191,0.5394639886709969,0.06972020699811501
8051,Correct,0.4019791,0.8723155,0.7403374910354614,0.4133685626578102,0.4803615388974844,0.12562384399825358
8052,Correct,0.21357709,0.9450746,0.6553131341934204,0.5330206587227184,0.4802138583080872,0.05443997254838928
8053,Correct,0.55352736,0.769919,0.46170881390571594,0.45294850587480884,0.3282227091461004,0.2518780687257948
8054,Misclass_to_NORMAL,0.39761055,0.8820244,0.7147788405418396,0.6069384258424869,0.6232009610298792,0.23071325805143875
8055,Correct,0.3126043,0.9066055,0.5061704516410828,0.42218050463998924,0.4702143085457049,0.11783939301860989
8056,Misclass_to_CNV,0.69741786,0.54063094,0.7144712209701538,0.5264747931460272,0.5550983396159169,0.08644931116620708
8057,Correct,0.370589,0.87892073,0.6332993507385254,0.4283620975333772,0.4519652373509992,0.12197809223432876
8058,Correct,0.25609884,0.9291468,0.7080302238464355,0.4487115643309463,0.5171882269256882,0.07649756568973441
8059,Correct,0.3387017,0.89417785,0.7562813758850098,0.47147946790951156,0.466206472831105,0.06253676085694597
8060,Misclass_to_CNV,0.60194385,0.7256969,0.619270384311676,0.5292757362593817,0.38499807571351086,0.16782438036902897
8061,Correct,0.53946555,0.77324706,0.7556095719337463,0.5090258343044439,0.5093373165371015,0.018365792387223866
8062,Correct,0.122275986,0.97407454,0.7083669304847717,0.4728241358568669,0.5310807408061216,0.058387328094087976
8063,Correct,0.275454,0.92199653,0.697972297668457,0.4514116237040268,0.48527216375462573,0.07180166392987906
8064,Correct,0.12787098,0.9743299,0.8076383471488953,0.4917443475380532,0.5334592204661482,0.048737567271556786
8065,Correct,0.2597333,0.9445698,0.7946650385856628,0.5429109912694903,0.5411433496521406,0.0840729253960937
8066,Correct,0.20989048,0.9547049,0.7636500000953674,0.4351621482752381,0.46638055943938916,0.10328808062783097
8067,Correct,0.12157908,0.9762412,0.4790234863758087,0.38031204045503975,0.39698562554728295,0.22332563222308646
8068,Correct,0.45400992,0.8315654,0.6937808990478516,0.47501939551640054,0.48412196918847217,0.04186030250291692
8069,Correct,0.5475216,0.76641655,0.5934009552001953,0.49746407850848134,0.5172693538624039,0.02468446801679433
8070,Correct,0.47625566,0.8178046,0.5184957385063171,0.6479353812650365,0.4729152005568504,0.21268974301036397
8071,Correct,0.16961055,0.9655826,0.6444571018218994,0.4032868249008065,0.5182027502400478,0.1391745548156618
8072,Correct,0.24563658,0.933127,0.6716349720954895,0.4687638930068346,0.5444645460366566,0.07684777465007601
8073,Correct,0.5816534,0.7344393,0.605697512626648,0.39627987809591464,0.4528120471592461,0.16114941254065768
8074,Correct,0.6163576,0.7038158,0.6193874478340149,0.5699774162163505,0.48464416730136833,0.10131772182777021
8075,Correct,0.60503876,0.71609735,0.5714974999427795,0.4317550862287657,0.47939442452797065,0.10081624865245388
8076,Misclass_to_NORMAL,0.61491406,0.7159186,0.6334652900695801,0.566238954811637,0.5273362553311148,0.10133972557754428
8077,Correct,0.20703205,0.9479422,0.44582003355026245,0.3346988605766339,0.551041572449123,0.24466184341961536
8078,Correct,0.22452632,0.94106567,0.5540032386779785,0.558541488460701,0.5130656397939316,0.08482708075159903
8079,Correct,0.30416763,0.9098386,0.745094895362854,0.5351950898240337,0.45862707799856345,0.07681683438750592
8080,Correct,0.48817432,0.8243623,0.6840177178382874,0.5724408076032413,0.5290119398573695,0.11035726764012828
8081,Correct,0.72324,0.5365565,0.5559605360031128,0.4032107838339654,0.4051494955219868,0.1916495268231517
8082,Correct,0.40479496,0.8617398,0.3141131103038788,0.7137970588455104,0.49902522459348414,0.30235784282232125
8083,Correct,0.088921376,0.9832998,0.49807533621788025,0.5751898827098997,0.470418581314523,0.11426792019962521
8084,Correct,0.48493135,0.81175905,0.6737780570983887,0.46698155387055923,0.43736390239055495,0.10013489410333151
8085,Correct,0.32362574,0.9009354,0.5614690184593201,0.5185319588153733,0.5050531751655735,0.02716498027934716
8086,Correct,0.73929596,0.73048097,0.5473337769508362,0.6868923320361437,0.5710344270252882,0.2827530144727698
8087,Correct,0.5684071,0.74718016,0.6444020867347717,0.5452592781816396,0.5089440468956685,0.0652441297956368
8088,Misclass_to_CNV,0.39894897,0.8639891,0.5966070294380188,0.4926418336148112,0.6262632217689348,0.1788661163218083
8089,Correct,0.7289214,0.5475439,0.7027509212493896,0.462559880292906,0.42628544874937785,0.1169238866080163
8090,Correct,0.12248277,0.9735064,0.47223350405693054,0.6809923932031289,0.5142447310974287,0.25675341774330507
8091,Correct,0.35147423,0.8880988,0.38959890604019165,0.6759279983336258,0.488975479710405,0.249287788089557
8092,Correct,0.24997729,0.9320481,0.4844580590724945,0.3933545482672501,0.49876132599088535,0.1508296170424307
8093,Correct,0.5470451,0.7697499,0.6124023199081421,0.4603848253148374,0.5098469383011014,0.05772909594375521
8094,Correct,0.37080944,0.8789164,0.719832718372345,0.4353387192749948,0.4787300286961452,0.09626518482052311
8095,Correct,0.4279561,0.8580472,0.7155450582504272,0.5341581627255668,0.5248476410743251,0.05973584096243714
8096,Correct,0.6828664,0.6161512,0.587103545665741,0.5400307263172227,0.5416653935687039,0.08171247237379836
8097,Correct,0.076148584,0.98598886,0.649531364440918,0.4688209331014284,0.5980335520172396,0.14548341165770362
8098,Correct,0.5581508,0.7662154,0.6410990357398987,0.4771934423022177,0.5044916826346386,0.03287291550540007
8099,Correct,0.49753156,0.8703275,0.7991630434989929,0.49166921846137995,0.5152928030453168,0.024628103703982673
8100,Correct,0.5394702,0.78380793,0.7117955088615417,0.5202790048284729,0.551927904646926,0.07883838301047863
8101,Correct,0.14880037,0.96755564,0.2890404164791107,0.7419522678696436,0.5055667785650408,0.3422627322711486
8102,Misclass_to_NORMAL,0.72959805,0.508473,0.8144030570983887,0.5394163671443252,0.5893046753533623,0.1380505345069382
8103,Correct,0.21856016,0.9479569,0.7253556251525879,0.5163792385888679,0.42997271355400507,0.10170644329382957
8104,Correct,0.5251953,0.7820348,0.613667368888855,0.4590508510904371,0.5422460179912896,0.08320527426236776
8105,Correct,0.5502405,0.7713833,0.593403160572052,0.520809984705872,0.4270464705155725,0.10728721198440998
8106,Correct,0.13191903,0.9757224,0.7239949107170105,0.5038941519725567,0.5552134709881149,0.078277605969278
8107,Correct,0.6339511,0.7062447,0.7408053874969482,0.4551406494463493,0.4669799761078384,0.0787741494391941
8108,Correct,0.3997849,0.86358637,0.6404989957809448,0.4685036622940743,0.4562526216196946,0.07623453815739069
8109,Correct,0.28946036,0.9361602,0.408269464969635,0.722626437145153,0.5387920542166343,0.31958521238095805
8110,Correct,0.18510692,0.9549743,0.7224287986755371,0.5962831771280268,0.47777574705215553,0.13974525120344344
8111,Misclass_to_NORMAL,0.6389812,0.708189,0.8087853789329529,0.46986958711863375,0.39656541778678184,0.15235848895302545
8112,Correct,0.21911457,0.95445406,0.43753182888031006,0.3420315013104324,0.5227974147902936,0.22571561177444774
8113,Correct,0.5594681,0.7569823,0.7020168304443359,0.5465536634102812,0.49423040158457493,0.06634051315437697
8114,Correct,0.45418718,0.83321273,0.8320856094360352,0.5507836960361326,0.47264298074805206,0.08157683844623748
8115,Correct,0.17154625,0.95891863,0.5130801200866699,0.6045135588472477,0.5221460489956141,0.15108627647164544
8116,Correct,0.5780603,0.7580996,0.5163846611976624,0.6684164437446215,0.5131805067991115,0.23890510368372914
8117,Correct,0.14849325,0.9672178,0.5895592570304871,0.4510598688081603,0.5245090729503904,0.07740582791963459
8118,Correct,0.56365347,0.76175797,0.30695638060569763,0.7625327883251634,0.5717346646590892,0.38488784615660965
8119,Correct,0.28525484,0.9175566,0.6376973986625671,0.41016468223208774,0.5187784241715693,0.12979224578401552
8120,Misclass_to_DME,1.1334379,0.4449148,0.33306458592414856,0.24676390556976907,0.31199737968248814,0.4460347627002348
8121,Correct,0.42485783,0.8500874,0.7279735803604126,0.4824811037053531,0.5112673520909399,0.02945725549075476
8122,Misclass_to_CNV,0.7102843,0.56017977,0.7482894659042358,0.46444996190921634,0.534284812026716,0.06984631048184888
8123,Correct,0.21746723,0.9434939,0.5319825410842896,0.4343936760311943,0.5066603140313501,0.09325823853897404
8124,Correct,0.22230236,0.94218415,0.7117866277694702,0.45159209657228644,0.43454751378111295,0.11512908465284034
8125,Correct,0.60171115,0.7256469,0.4573734700679779,0.3506768592719757,0.4345040088728171,0.2305954258462789
8126,Correct,0.42352235,0.85186964,0.7470663189888,0.43527056159430216,0.5036519523535303,0.09168682514199611
8127,Correct,0.3187938,0.9061456,0.6279433965682983,0.3872362022083621,0.5311235872286936,0.16543489217438684
8128,Correct,0.21424626,0.9527449,0.7593936920166016,0.5819264548337676,0.5175575667395057,0.11849229638623396
8129,Correct,0.34652045,0.91767824,0.7685357928276062,0.46651745936002614,0.43681869940810963,0.10112326411059235
8130,Correct,0.21108823,0.9461065,0.6759384870529175,0.4046804118230668,0.516783135341954,0.13687583805863246
8131,Correct,0.718014,0.583529,0.6980136036872864,0.44613559115750023,0.44643197669117335,0.10743284098605009
8132,Correct,0.5183411,0.78708196,0.42693284153938293,0.3438918618970607,0.508966252646756,0.22113409718309754
8133,Correct,0.6049754,0.70953804,0.5791207551956177,0.37351767904867395,0.42499218183357146,0.20796129591499596
8134,Correct,0.4475959,0.8361146,0.5316171646118164,0.42636292103914847,0.3922162529268897,0.1846063678804547
8135,Correct,0.43942222,0.8407685,0.8142327070236206,0.4792338706664328,0.49952326223549354,0.029375479788236535
8136,Correct,0.40149575,0.88720405,0.6306129097938538,0.4684534573959115,0.44575348553201216,0.08874535122694804
8137,Correct,0.20636308,0.9484683,0.7145353555679321,0.5095598343902479,0.48172121828865594,0.029172051502077533
8138,Correct,0.4930332,0.8064621,0.5264097452163696,0.45481115408483924,0.47888655581429446,0.07053806519216477
8139,Correct,0.33479533,0.89589304,0.6610246300697327,0.3962338679965864,0.47891928700737896,0.14974516093167833
8140,Correct,0.37772202,0.8746199,0.7326428890228271,0.417793491417876,0.5207022504857104,0.11988739073343725
8141,Correct,0.59434545,0.732712,0.5963197350502014,0.37115898854806184,0.527032804027192,0.18617614629984708
8142,Correct,0.25664842,0.92900103,0.7713964581489563,0.47781480288518186,0.45271905535885715,0.07386028292908374
8143,Correct,0.39736697,0.8677337,0.6962684392929077,0.48964987179044395,0.5227875971744101,0.035394907513297255
8144,Correct,0.4902807,0.854818,0.41635048389434814,0.6728737926767666,0.47782396697077095,0.24648377080596254
8145,Correct,0.18462843,0.9579541,0.7057226300239563,0.5162891033997716,0.5311314385729454,0.04968906030887535
8146,Correct,0.33306262,0.8965199,0.7845386266708374,0.41559643164079335,0.48825654849818806,0.12051448879651508
8147,Correct,0.70163816,0.54252315,0.6588655710220337,0.3935754093329618,0.5179223128615069,0.15262635943343708
8148,Correct,0.33504584,0.8967201,0.6697371602058411,0.4231856149249807,0.5163787616118041,0.11107397162602636
8149,Correct,0.34669146,0.8918307,0.7577570080757141,0.4421035387266135,0.41566387189654685,0.1446691586445625
8150,Misclass_to_NORMAL,0.7046598,0.55271304,0.7259860634803772,0.4733217839445856,0.5376970186296248,0.06531144502247141
8151,Correct,0.30166736,0.9106555,0.5990468263626099,0.40043021641025417,0.5241835823224993,0.14490678009022157
8152,Correct,0.23413315,0.9414335,0.5925808548927307,0.36627874958648093,0.46421625958661056,0.19576439354554703
8153,Correct,0.16480581,0.96914464,0.8147825002670288,0.4311385263324263,0.5169948909866932,0.10030681806656547
8154,Correct,0.18049213,0.9588258,0.7055362462997437,0.4289919006098928,0.5259948452714305,0.10693813313950225
8155,Correct,0.29326972,0.9328439,0.7194557785987854,0.601221163550825,0.4794269479294389,0.14607514793475912
8156,Correct,0.33423588,0.8961271,0.5483335852622986,0.3701611827006418,0.4147230153785922,0.21968287408815435
8157,Correct,0.38254768,0.87302804,0.7930521965026855,0.557841469159651,0.48207143547866843,0.08563958174048274
8158,Correct,0.17078981,0.96464944,0.4885435402393341,0.5318620917870722,0.4449916311554429,0.08990120728874175
8159,Correct,0.331128,0.8979404,0.7738445997238159,0.4661572134727356,0.48636746776024253,0.051598064599324193
8160,Correct,0.36142325,0.8834431,0.6540666818618774,0.42288339402045666,0.5164103259091501,0.11150129787808448
8161,Correct,0.5496025,0.7654542,0.6173487901687622,0.4201080877759803,0.4866870762128804,0.11454214576802832
8162,Correct,0.13507935,0.970751,0.44399943947792053,0.3653007610176187,0.5016453944997836,0.19050770223533
8163,Correct,0.45041722,0.83457464,0.689454972743988,0.43330290005954264,0.46360713030476736,0.10745179482094785
8164,Correct,0.3786656,0.8749283,0.5595194101333618,0.5938450812377655,0.5317788931530847,0.14011992950724728
8165,Correct,0.55740774,0.7566979,0.7063032984733582,0.4641823757526066,0.5069272540206233,0.0515924229900807
8166,Correct,0.42451456,0.8499872,0.7180521488189697,0.43475274417309573,0.5184604460594635,0.09589569814810105
8167,Correct,0.20599246,0.95064604,0.5361442565917969,0.42536299993084353,0.3663203120569462,0.2165222424965874
8168,Correct,0.30707362,0.909656,0.7770808339118958,0.49746386801136894,0.4674208163058046,0.04621331357182438
8169,Correct,0.4610628,0.83837855,0.6567218899726868,0.5476396641141014,0.48875575648671316,0.06922384862300694
8170,Correct,0.22505604,0.94581634,0.7180898189544678,0.5223879266061668,0.5267793636869499,0.04936301403279673
8171,Correct,0.46662825,0.83828074,0.5931570529937744,0.4285290171425145,0.5275961236017199,0.10834802654830762
8172,Correct,0.29666972,0.9193006,0.8537304997444153,0.48300684462802185,0.5438366026095128,0.06648932332097442
8173,Correct,0.4012579,0.86377525,0.7230556011199951,0.43067504188463085,0.5089639146468149,0.098856477617737
8174,Correct,0.2886824,0.9165366,0.5456725358963013,0.4635741919633269,0.44784379830366866,0.08996787055958316
8175,Correct,0.48755524,0.8095995,0.5941398739814758,0.4571247171843697,0.5475726729120939,0.09056985242917592
8176,Correct,0.32673073,0.9117946,0.5827035307884216,0.4501916892120992,0.4685341852510518,0.08331824915778348
8177,Correct,0.27427512,0.9239349,0.6334502100944519,0.43479896269925866,0.48324615114501157,0.09520364191088973
8178,Misclass_to_NORMAL,0.3204686,0.92042196,0.8301249742507935,0.5242907364080964,0.43979242708913036,0.09181494117043593
8179,Correct,0.55350393,0.7695307,0.5676226615905762,0.48341865570438985,0.4679634106661593,0.051015370914945186
8180,Correct,0.40051886,0.86799294,0.6189810633659363,0.4359929079217055,0.5113388541354137,0.0919290753725225
8181,Correct,0.20568937,0.9489843,0.6731976866722107,0.6089765513548749,0.4745923542334591,0.15824940574043062
8182,Correct,0.4454015,0.8658559,0.74360591173172,0.541550266052093,0.4871015859446361,0.061527127255273685
8183,Correct,0.47989824,0.81917936,0.6962933540344238,0.4686971515568342,0.5089114011699024,0.04602784790682145
8184,Correct,0.7113529,0.5404168,0.6679760813713074,0.49230956843133616,0.4645991280444082,0.05123210854392985
8185,Correct,0.6220895,0.71550995,0.6550970077514648,0.37959687254609914,0.4493152811755868,0.18474768644283543
8186,Correct,0.19403195,0.9530664,0.7893491387367249,0.5156742972618826,0.44493349595579595,0.08096917268077032
8187,Misclass_to_CNV,0.61738646,0.7069936,0.7743712067604065,0.4412533352240353,0.5042050258860923,0.08329289123331325
8188,Correct,0.12946351,0.9715297,0.6519002914428711,0.5336276645842765,0.5074641680872631,0.04871413820704455
8189,Correct,0.7064581,0.59063566,0.7687925696372986,0.4811833273301729,0.5424133357749844,0.06561948219736256
8190,Correct,0.5418686,0.78106916,0.6483936309814453,0.567782489365426,0.4662563655586101,0.10708033180643622
8191,Correct,0.5503422,0.76265913,0.762040913105011,0.555739595124067,0.48267241456945376,0.08254874537444881
8192,Correct,0.24413931,0.9344657,0.7219464778900146,0.52416210025403,0.5395534191856889,0.06554815112517846
8193,Misclass_to_NORMAL,0.42964965,0.8526565,0.5822746753692627,0.39941804046819923,0.557128177372428,0.16358703636384153
8194,Correct,0.047845103,0.9917419,0.5768460631370544,0.4256246901575262,0.5330158463418264,0.11508025741916877
8195,Correct,0.41788858,0.8539266,0.6502193212509155,0.4777910364452338,0.4719167904399565,0.05063407392991902
8196,Correct,0.15078896,0.9730214,0.722652792930603,0.5243083343240077,0.504430718613628,0.034943565503276285
8197,Correct,0.18589774,0.9542686,0.5272249579429626,0.35156458881206126,0.5109353965997816,0.2104882618738012
8198,Correct,0.31624448,0.9073096,0.591399610042572,0.5569793651436946,0.5453406934231612,0.10297986727775067
8199,Correct,0.067911096,0.9873718,0.6642179489135742,0.4432378085178091,0.5558373010517376,0.11260329098745986
8200,Correct,0.33308834,0.8982492,0.4225896894931793,0.6540452867781358,0.4944735864509341,0.21799308074007023
8201,Misclass_to_NORMAL,0.69186354,0.59773165,0.7518602609634399,0.5143204529903933,0.5134501390150247,0.02778422622185306
8202,Correct,0.09968339,0.9807937,0.7267089486122131,0.44459610073715383,0.46398797949977816,0.09345006874300313
8203,Correct,0.36007136,0.88489807,0.6205583214759827,0.5613414094580126,0.46740817351614394,0.09823436942179999
8204,Misclass_to_DME,0.23280153,0.95219004,0.0,0.0,0.0,1.0
8205,Correct,0.27302283,0.92815554,0.7579134702682495,0.5025836723217619,0.45460393776791086,0.06430362087543669
8206,Correct,0.5305214,0.80743647,0.5201187133789062,0.3725974354509288,0.5615579065659302,0.20010391957410548
8207,Correct,0.40331045,0.8610662,0.6702529191970825,0.5216685875524943,0.5204427570519056,0.04212918234201437
8208,Correct,0.45610976,0.8312313,0.7498228549957275,0.5418429543945217,0.4858415384590577,0.062470710987923984
8209,Correct,0.20469359,0.9561977,0.8106487393379211,0.5101599310944392,0.5045598710780258,0.015749071343540838
8210,Correct,0.19544066,0.95390856,0.8033682703971863,0.5538443468610167,0.4966286555715626,0.07629652222932096
8211,Correct,0.3957663,0.89524674,0.48262083530426025,0.6747971492061422,0.5239507957791425,0.24951025625832912
8212,Correct,0.6090812,0.7324756,0.6554163098335266,0.5593763931323028,0.5167661173598442,0.08725432657153279
8213,Correct,0.42190856,0.8512542,0.44944071769714355,0.380479680086725,0.43874845594686623,0.18993082172762055
8214,Correct,0.38092762,0.8929715,0.6341786980628967,0.5616638941000548,0.5721811338493111,0.1342576025359826
8215,Correct,0.66950184,0.6251044,0.8466367721557617,0.4808135428794929,0.48052299772880763,0.038664551059312456
8216,Correct,0.36371303,0.8816719,0.5933911800384521,0.45879114184103004,0.5662436868354022,0.11033037692596666
8217,Correct,0.5462545,0.7694222,0.7732405662536621,0.5572514178237753,0.4786845643950866,0.08639528503176205
8218,Correct,0.12862113,0.972689,0.634531557559967,0.6199543863985931,0.4752151459285909,0.17322438516331368
8219,Correct,0.52998936,0.7834312,0.4734054505825043,0.3967074450659007,0.6250918836295217,0.22942245424018862
8220,Correct,0.21303748,0.9451664,0.6545533537864685,0.5562216672658172,0.4996059305521431,0.07951139743304728
8221,Correct,0.7145418,0.5964077,0.6150807738304138,0.4109394422568376,0.36508379733407453,0.2286226790470107
8222,Correct,0.27833837,0.9202023,0.7309240698814392,0.5872566775875162,0.5271547810830691,0.12923706836106397
8223,Correct,0.29956642,0.9114424,0.47078055143356323,0.3242581696239272,0.49339562320779,0.24871191662944434
8224,Correct,0.5452741,0.7691109,0.5159809589385986,0.39997690652070206,0.48861777639864196,0.1423669501203119
8225,Correct,0.43170598,0.8594628,0.18306350708007812,0.7703774947494245,0.5572815595687438,0.39085845707519906
8226,Misclass_to_CNV,0.6817736,0.6825308,0.5114055871963501,0.3915320790416338,0.6108894228812137,0.21937070900172168
8227,Correct,0.42272264,0.85019034,0.7263907194137573,0.5005953765717314,0.5333669401084157,0.047195490578248366
8228,Correct,0.074036725,0.9861171,0.6898410320281982,0.4281373898895759,0.5091261000058467,0.10244530670752605
8229,Correct,0.124042414,0.9756157,0.6398736238479614,0.4261135424313604,0.48197873775788863,0.10755440023394047
8230,Correct,0.4568011,0.83579093,0.5375463366508484,0.39422499047549653,0.3434569260018584,0.2671856532701426
8231,Correct,0.38888085,0.8721548,0.835446834564209,0.5276289347521618,0.5322133345619886,0.0600176134004314
8232,Correct,0.21362258,0.9453651,0.45350027084350586,0.3187796859878878,0.5247367297730728,0.258660812689184
8233,Correct,0.42292386,0.8502687,0.76522296667099,0.5638270123213616,0.520813664228768,0.09494310001784369
8234,Correct,0.29273796,0.9143437,0.5933660864830017,0.4147982659487718,0.5221153031672862,0.12448632149370627
8235,Correct,0.17551796,0.9618441,0.419918417930603,0.6596194810995648,0.5640166060306356,0.24321391651867263
8236,Misclass_to_NORMAL,0.7109337,0.5083116,0.36667177081108093,0.397320696254591,0.36918018475336967,0.23518870499581587
8237,Misclass_to_CNV,0.6993514,0.6307859,0.4239993691444397,0.4852908915386292,0.5471595563187461,0.06986245950307443
8238,Correct,0.32400838,0.9008405,0.7865502834320068,0.4635596398942257,0.479767879437731,0.05894469521652806
8239,Correct,0.42760217,0.84765166,0.5701190829277039,0.39921889536869165,0.490647976603777,0.1431383344342823
8240,Correct,0.401257,0.86644346,0.7128623127937317,0.4380062662461874,0.5199484085913526,0.09209953344144753
8241,Correct,0.37988088,0.8737769,0.6391931176185608,0.5101102429898519,0.49401277135245314,0.016617094823816493
8242,Correct,0.362235,0.88379496,0.569298267364502,0.39803205008701853,0.524840938334434,0.1484219325220599
8243,Correct,0.13887091,0.9731631,0.6374562382698059,0.4276464827551223,0.5493063003312092,0.12382360606973306
8244,Correct,0.293537,0.9204145,0.6004147529602051,0.40881245165571256,0.4348528074992924,0.15848864731434875
8245,Correct,0.53852415,0.7779143,0.7231845855712891,0.4315227854475622,0.5414757866725302,0.11321987275179064
8246,Misclass_to_CNV,0.54018456,0.81828743,0.7030555009841919,0.3295041545270618,0.5273148541534958,0.24419227907924843
8247,Correct,0.18401492,0.9571024,0.6049053072929382,0.4590981014496425,0.4796517702148599,0.06460674516507696
8248,Correct,0.40213573,0.8684708,0.6284199357032776,0.47299347807813763,0.46631527422650537,0.061057562623340375
8249,Correct,0.6444879,0.6627802,0.6129549145698547,0.4958883448480217,0.42356295410991823,0.1082545859766805
8250,Correct,0.15919517,0.96273965,0.7398863434791565,0.4511210865326201,0.4488764641415758,0.10002763718512196
8251,Correct,0.33273166,0.8999452,0.6518803238868713,0.5067675825382701,0.4216563915274927,0.11120720446001525
8252,Correct,0.13572028,0.97010714,0.6841751337051392,0.5306162742127113,0.5167144486946,0.04933009308388434
8253,Correct,0.24470474,0.9335828,0.5272148847579956,0.38724524644558456,0.4721839049012284,0.1642398830714444
8254,Correct,0.25458935,0.9297602,0.5844665765762329,0.4855127089753604,0.48010131960202873,0.034809167838752146
8255,Correct,0.05039574,0.99162096,0.6328606009483337,0.6536165549552791,0.5318771286884252,0.22187472722122598
8256,Correct,0.14414194,0.9675391,0.7443118095397949,0.5662016099878713,0.48789312407693913,0.09517593823653758
8257,Correct,0.19275211,0.95196146,0.5326988697052002,0.43060991027212026,0.48647557913351214,0.09997894290516472
8258,Misclass_to_NORMAL,0.49621412,0.8189188,0.5848879218101501,0.4238817008989416,0.7043943856095213,0.308451164130505
8259,Correct,0.3826634,0.8737149,0.5962006449699402,0.5351451633482674,0.537298551119934,0.07247571210305875
8260,Correct,0.604658,0.7232158,0.6166280508041382,0.56586061690922,0.5002901869084597,0.09314188175149642
8261,Correct,0.12684144,0.97312135,0.7610448002815247,0.5099677541294676,0.46764660755981374,0.047876886381096655
8262,Correct,0.5905697,0.75261825,0.7290661931037903,0.5340600780916348,0.5087919929054662,0.049747121702828766
8263,Correct,0.080276005,0.9845793,0.7409612536430359,0.4385581577961122,0.47775212993620125,0.09241285295653547
8264,Correct,0.04451432,0.9930196,0.5253757238388062,0.515024480513779,0.4400308647445842,0.08743034024858053
8265,Correct,0.44559956,0.8380288,0.20439569652080536,0.7962060729419788,0.47032486791229033,0.4209956083194499
8266,Correct,0.3264535,0.8996721,0.6866028904914856,0.5915642482821596,0.5169257344167253,0.13168517038013416
8267,Correct,0.13192171,0.9723072,0.7986049652099609,0.4999418188715188,0.5097080705094564,0.013729531533179786
8268,Correct,0.18734668,0.96335006,0.7318110466003418,0.5823227121825222,0.48405456104295536,0.11858571553622488
8269,Correct,0.2250197,0.9407544,0.43888285756111145,0.7059882826119225,0.5339502692821673,0.29524157348768115
8270,Correct,0.69137937,0.6169536,0.7352142333984375,0.46858151858102914,0.6081055165912603,0.15921007312439422
8271,Correct,0.58304095,0.74818945,0.6666432023048401,0.4255921441286818,0.5380636679094735,0.11819790040512176
8272,Correct,0.29398277,0.91379094,0.7352609038352966,0.5709358634507328,0.4935233706082229,0.1007357280390571
8273,Correct,0.18962903,0.95866036,0.7348672747612,0.5320354799147095,0.4436177395632742,0.09170857392109558
8274,Correct,0.20695567,0.94824135,0.47719714045524597,0.6553423147997679,0.44347085007325765,0.2337810067511486
8275,Correct,0.30166462,0.9106434,0.5025817155838013,0.4186342381185603,0.44207135941523484,0.1412523600266278
8276,Correct,0.24124596,0.9370443,0.6260683536529541,0.3839925858381771,0.5140453761803653,0.16525733104803964
8277,Correct,0.53884226,0.7721524,0.3336663842201233,0.31821150320915365,0.4622881705268239,0.2625613819573985
8278,Correct,0.4956774,0.8100491,0.4585946798324585,0.44034168907007987,0.5445189410424787,0.10527155527068763
8279,Correct,0.16812721,0.9678331,0.5332174897193909,0.42805153986316824,0.36494818892417447,0.21640504888251447
8280,Correct,0.3127723,0.9095591,0.6447556614875793,0.4528204293114224,0.5737108452728121,0.12376752886917425
8281,Correct,0.38946962,0.89747983,0.4200965166091919,0.36496063693564934,0.4320761973025324,0.21377218036830714
8282,Correct,0.54599667,0.7786028,0.7079930305480957,0.5412271201635405,0.4914116480678116,0.0595556080632232
8283,Correct,0.2063268,0.95361084,0.6696940660476685,0.4187182780120988,0.5373109755419245,0.12648183446810493
8284,Correct,0.32434118,0.9251693,0.3071655035018921,0.6541476582968623,0.6485153161298893,0.3027153768263752
8285,Correct,0.6021791,0.71809995,0.21409498155117035,0.7870400945979286,0.41805824006906683,0.42215273995881264
8286,Correct,0.39753017,0.86487955,0.6754994988441467,0.45389271308501267,0.572910483288225,0.12199852851558088
8287,Misclass_to_NORMAL,0.62591946,0.70097643,0.8119089007377625,0.4641906097919596,0.5629135230705671,0.10237601098130827
8288,Correct,0.43338364,0.8549622,0.7014527916908264,0.605934452207509,0.5206423279665191,0.15263167343891854
8289,Correct,0.097608194,0.9828483,0.6708967089653015,0.5146191638905245,0.50742967864682,0.023191381056462727
8290,Correct,0.11500478,0.97993386,0.7221730947494507,0.5611071531740507,0.5085794811327783,0.08726616372391525
8291,Correct,0.23287384,0.9468225,0.6577184200286865,0.40921712579688924,0.5450033076607276,0.1432956939268165
8292,Correct,0.33233657,0.89680076,0.4983570873737335,0.6604316960808561,0.5446516969184348,0.23550839961698147
8293,Correct,0.46554714,0.82874227,0.6285090446472168,0.3878371096250204,0.468588882667782,0.16472505740978244
8294,Correct,0.686568,0.6165817,0.6639178991317749,0.4212551167235829,0.491366157144392,0.11202945938164555
8295,Correct,0.2348045,0.9378087,0.5450468063354492,0.4377833026068396,0.5878955023863497,0.1522927232290558
8296,Correct,0.4621559,0.83285975,0.6240367889404297,0.47491359421718443,0.5930092024530912,0.1362353808381669
8297,Correct,0.25661072,0.9292001,0.6794100403785706,0.6350028089612066,0.4934459285655,0.19114766166388003
8298,Misclass_to_NORMAL,0.7158828,0.5024636,0.8574520945549011,0.531029995167301,0.5440861570159068,0.0762423745762671
8299,Correct,0.38262308,0.8730618,0.7747668027877808,0.5201217911999504,0.5031459066769871,0.028802194705081517
8300,Correct,0.6050192,0.8077118,0.7593164443969727,0.5565494321077105,0.5894118181460487,0.14961491567278068
8301,Correct,0.16499975,0.9612133,0.7304815649986267,0.4702386398209066,0.48392488142481954,0.04783613690330437
8302,Correct,0.1939135,0.9608843,0.5090945959091187,0.3847945074491805,0.5017161526905437,0.1629432459105574
8303,Correct,0.31876844,0.9282987,0.6349673867225647,0.45299968318622247,0.4385228424269854,0.10943921311717042
8304,Correct,0.1902782,0.9529163,0.43852487206459045,0.31026863223527407,0.47194399673627957,0.271238386785527
8305,Correct,0.5638158,0.75399643,0.6244097948074341,0.445110254735665,0.4555211401146204,0.0999124928313453
8306,Correct,0.34218234,0.89293325,0.5311591625213623,0.5514040199553462,0.46388802340983787,0.08884197342267948
8307,Correct,0.09913727,0.9827752,0.5717934966087341,0.47520966588810903,0.5769293673906093,0.11430387773385928
8308,Correct,0.4124161,0.8562102,0.6259121298789978,0.6284915360972699,0.4897009442038383,0.18229725943594693
8309,Correct,0.6052141,0.71939224,0.5601743459701538,0.47567546852358916,0.5247136313575986,0.04903970649231465
8310,Misclass_to_CNV,0.67375326,0.6674375,0.5881054997444153,0.4033362657026845,0.4589064135620083,0.1485433295347772
8311,Correct,0.5203871,0.7863459,0.7364835739135742,0.5934786586554538,0.5004469573864879,0.1322002979945823
8312,Correct,0.36629453,0.88091004,0.7507331371307373,0.4563329851183788,0.4933530601382716,0.06246583063078827
8313,Correct,0.22407019,0.9421759,0.77373206615448,0.49547441505032347,0.48024208171651506,0.02866552821887667
8314,Correct,0.5621489,0.7523807,0.757820725440979,0.485510137457248,0.4987194658963963,0.020571625317331577
8315,Correct,0.34500483,0.8938032,0.5771235227584839,0.36090341193337044,0.4932973512712942,0.1969405306774512
8316,Correct,0.5672037,0.748539,0.8480553030967712,0.5098124351954193,0.4934815731761767,0.016659758264863427
8317,Correct,0.24963841,0.93522245,0.5811040997505188,0.5779726870137412,0.4696520834592642,0.11832781548314247
8318,Correct,0.085221514,0.98331726,0.63563072681427,0.5514197162897131,0.45228084125241397,0.09920791636650678
8319,Correct,0.3871759,0.87131673,0.537597119808197,0.380994753437761,0.5565103876844357,0.18630980986295123
8320,Correct,0.15206228,0.9650749,0.7171996235847473,0.49876253171950047,0.4433797333584675,0.08009227081689571
8321,Correct,0.55687046,0.7555416,0.6533627510070801,0.5712573509280787,0.5039422271080451,0.10092721353390043
8322,Correct,0.51137686,0.7933436,0.761570155620575,0.47216237461852684,0.5044745469243745,0.03987367444963327
8323,Correct,0.14543115,0.97113115,0.5394896864891052,0.4778096214965421,0.6213842822898663,0.174508205452653
8324,Correct,0.32622036,0.9012934,0.49350547790527344,0.3697280969260551,0.5407836581310203,0.19304960761967488
8325,Correct,0.36669576,0.8840705,0.7187490463256836,0.520117184763791,0.5812058209495605,0.11831387474774534
8326,Correct,0.5313484,0.78136545,0.6773421168327332,0.447755854274264,0.5191337234470502,0.07868354511027241
8327,Correct,0.27203298,0.9233376,0.6496539115905762,0.4231204208070588,0.49988936860697464,0.10872425613623518
8328,Correct,0.21186389,0.9456476,0.44437161087989807,0.6811378862355074,0.472812081697436,0.2590371275763168
8329,Correct,0.5036444,0.80007666,0.22686390578746796,0.7665162142785539,0.49787945615865326,0.3769227750602373
8330,Correct,0.58300763,0.732277,0.748489260673523,0.49698069362146713,0.4564562726805629,0.061727990407544356
8331,Correct,0.24702562,0.93255675,0.6527128219604492,0.5731639186831564,0.47768820281324953,0.1081737055922391
8332,Correct,0.68376946,0.6050845,0.5994426012039185,0.6084844282600052,0.550027852464608,0.16894766762001057
8333,Misclass_to_NORMAL,0.70986736,0.5683255,0.5355878472328186,0.4358643560282825,0.7004570805809578,0.29764550049583316
8334,Correct,0.37728167,0.8759967,0.5148173570632935,0.6337304632876001,0.48212530037183177,0.19080535473572743
8335,Misclass_to_DME,0.7858435,0.7605746,0.2606925070285797,0.48424049109340844,0.6443379601879239,0.20533781372259535
8336,Correct,0.3786184,0.87425786,0.7391688227653503,0.4191561259856615,0.5196279252544037,0.1176519223424649
8337,Correct,0.49096134,0.8072115,0.6005251407623291,0.4954326390944049,0.4666656217382831,0.047582382448489995
8338,Misclass_to_CNV,0.74234307,0.55176353,0.5902729034423828,0.5977340699163325,0.5784248111981956,0.1772139917381423
8339,Correct,0.41370928,0.8559773,0.6742908358573914,0.5999723031941568,0.5208255758112449,0.14441721513596867
8340,Correct,0.09448614,0.9810064,0.5901620388031006,0.40047747908304016,0.49852940518626515,0.14076146360970312
8341,Correct,0.15968823,0.9702517,0.7365688681602478,0.49045995989023083,0.5351427545384287,0.051498069125827585
8342,Correct,0.20199797,0.9489171,0.5588822364807129,0.4112366350748236,0.47657141487035787,0.1298293769068998
8343,Correct,0.1682347,0.9618356,0.5992978811264038,0.4109296398923688,0.5522232726071052,0.14601917169672704
8344,Correct,0.2726074,0.9311181,0.7410058975219727,0.48534447080534365,0.5348806543356812,0.05350597317796773
8345,Correct,0.054387096,0.99054754,0.7760820984840393,0.46490870233006926,0.5048270486049559,0.05009390322972034
8346,Correct,0.27614233,0.9224712,0.7316747307777405,0.45442189760751034,0.4914232832176949,0.06558846679812153
8347,Correct,0.29197502,0.9345145,0.7469791173934937,0.46856026434206555,0.43596750484392705,0.10088228203359895
8348,Correct,0.269965,0.94059557,0.6636846661567688,0.4606164675664644,0.568550680730181,0.11180571054749
8349,Correct,0.40795344,0.8588562,0.2529674470424652,0.7600718722043011,0.509390290526601,0.3680368358412627
8350,Correct,0.15350313,0.9649593,0.6261848211288452,0.41486198280029807,0.568778327760874,0.1547833346473641
8351,Correct,0.39777386,0.88041043,0.6719236373901367,0.5704998073669082,0.5287103695995731,0.1076522936245694
8352,Correct,0.38370517,0.87374204,0.46828311681747437,0.32536530685868753,0.5222880857774862,0.24897403405248886
8353,Correct,0.35503528,0.8872495,0.7591848969459534,0.4609845506754292,0.4891616160648332,0.05726562410948182
8354,Correct,0.28382486,0.93116677,0.643537163734436,0.5207156622803756,0.4984461346444619,0.02937867121766119
8355,Correct,0.34355772,0.91701734,0.6508963108062744,0.4634741084215565,0.4814411321293979,0.057940872141152254
8356,Correct,0.19089648,0.9574012,0.7160050868988037,0.5667110724282368,0.5089961241958516,0.09519766210440933
8357,Correct,0.60679746,0.71422064,0.6730114221572876,0.4595056717403509,0.5083609952669107,0.0584755823066948
8358,Correct,0.36606225,0.880596,0.6856051087379456,0.46756994197427265,0.49786301909182573,0.04596249233786053
8359,Correct,0.18465321,0.95472383,0.6043709516525269,0.43486497793831874,0.479390961171548,0.09661577076656114
8360,Correct,0.30451986,0.90961856,0.7215777039527893,0.5056841584691684,0.49173478318207514,0.014186152864672395
8361,Misclass_to_NORMAL,0.50026035,0.8628351,0.47081372141838074,0.33767643724984164,0.6011132818957681,0.270454561062067
8362,Correct,0.21679352,0.94506,0.5774447917938232,0.3769226412664655,0.494931591213775,0.17420519510305896
8363,Correct,0.5484842,0.76400864,0.5667079091072083,0.42317067678474374,0.5412654754450424,0.12333356695903766
8364,Correct,0.6600729,0.65178853,0.5633349418640137,0.5234915694092289,0.4925393467635328,0.03485728560927912
8365,Correct,0.61553335,0.7225816,0.702800989151001,0.469901075587984,0.5803225419682467,0.12130668571023617
8366,Correct,0.098788105,0.9818156,0.5489319562911987,0.575614131770161,0.536257050894568,0.1185923324918315
8367,Misclass_to_NORMAL,0.7878283,0.70010453,0.8652802109718323,0.49710753185158435,0.5585756044214192,0.08293934898857334
8368,Correct,0.32154948,0.9019453,0.49712586402893066,0.38608942488178805,0.4334435273647,0.18657643566868373
8369,Correct,0.05605538,0.9901202,0.5740898847579956,0.35771807976575454,0.49556170801048377,0.20131489394144877
8370,Correct,0.582731,0.7388921,0.6247173547744751,0.5546116757223267,0.5252302606804613,0.08507645008114292
8371,Correct,0.265159,0.9352637,0.7408040165901184,0.5113657991830737,0.41461327822688615,0.12182014321309191
8372,Correct,0.2017742,0.94960546,0.7342419624328613,0.4856928013900684,0.501803835776222,0.020393614469809314
8373,Correct,0.5669207,0.74754995,0.4903275966644287,0.35243296811468505,0.4336245901244883,0.22883060955905235
8374,Misclass_to_CNV,0.62685525,0.69851226,0.7085459232330322,0.45413770649768315,0.4307163835990608,0.11750378263600833
8375,Correct,0.16474663,0.9615123,0.6359440684318542,0.36976679234365023,0.46072689414208634,0.19236977527766055
8376,Correct,0.31433636,0.90516686,0.6006209254264832,0.44095496691575203,0.4430202742169317,0.11604313923910879
8377,Correct,0.25816214,0.92936957,0.6377103328704834,0.44091848454400984,0.5132567025419922,0.08563136844478507
8378,Correct,0.50263554,0.8014853,0.7526456117630005,0.5318947176820437,0.4957807585070612,0.04549890141075946
8379,Correct,0.5533463,0.7888197,0.6823918223381042,0.5703572759038116,0.4579757048394174,0.11589812471605249
8380,Correct,0.6989861,0.54943013,0.7299133539199829,0.5900262473169553,0.5152428171963693,0.12912837551874903
8381,Correct,0.28401917,0.9369191,0.6489154696464539,0.52294355705914,0.4205859890688611,0.11690159915670156
8382,Correct,0.39984632,0.86481506,0.5016642808914185,0.4524607559462664,0.490106156760703,0.06867121462802632
8383,Correct,0.4938458,0.80513877,0.5378108620643616,0.3389112669526635,0.4624007642428139,0.2339370960079675
8384,Correct,0.69148374,0.6245887,0.5976288318634033,0.3838066181031746,0.40469717010221784,0.2125254402802032
8385,Correct,0.2039841,0.94851995,0.739004373550415,0.5022214432876273,0.40446785924633877,0.13513937048290173
8386,Correct,0.34339583,0.8916111,0.6540918350219727,0.4071721684355614,0.5267088596667564,0.13660431543442736
8387,Correct,0.6594564,0.64068776,0.7705997824668884,0.4777260668551211,0.47755135694257345,0.044722917455422805
8388,Correct,0.49619493,0.8045382,0.6669716835021973,0.4616628645808459,0.5325355114123457,0.07110971037783007
8389,Correct,0.7264462,0.50972563,0.5981703996658325,0.5635191808201175,0.5969503363478103,0.16391494166190174
8390,Correct,0.2335494,0.93882805,0.7155544757843018,0.5728441925651443,0.5241086327729307,0.108512695705598
8391,Correct,0.38311008,0.8725858,0.7660250067710876,0.46027342149096784,0.478813229216786,0.06367229061773648
8392,Correct,0.024349816,0.9964118,0.7746574878692627,0.4695566801011308,0.5001310106079926,0.043053754545783654
8393,Correct,0.5414769,0.77030617,0.5479037165641785,0.3967787095043245,0.4319058978261872,0.17487962467051607
8394,Correct,0.42983788,0.85080343,0.6668515801429749,0.5907824737048281,0.5235558089503571,0.13263735271237528
8395,Correct,0.30922246,0.90718734,0.6913056373596191,0.3893826666524138,0.5330617249196414,0.1632744443664902
8396,Correct,0.4958885,0.80511737,0.6043867468833923,0.4799328821375904,0.5214052215630243,0.04149392074668283
8397,Correct,0.32492784,0.90047216,0.7813902497291565,0.5418793008750706,0.4868690777708357,0.06206926711945377
8398,Correct,0.22314718,0.94188464,0.6705020666122437,0.5647384046849026,0.5306995940094228,0.10132646360640049
8399,Correct,0.067061126,0.9877006,0.7464489340782166,0.526767574957823,0.5441271979363207,0.07298921381730178
8400,Correct,0.11391245,0.97850966,0.739179253578186,0.44131473880666794,0.4661780358517624,0.09579024104964218
8401,Correct,0.51396775,0.7953014,0.5115890502929688,0.5245207297645059,0.47263465270337984,0.051963995628676644
8402,Correct,0.19969246,0.9501432,0.5145744681358337,0.4840944458278869,0.4590831399354379,0.06208342920723659
8403,Correct,0.2679102,0.9316732,0.591292679309845,0.4564423490467314,0.3580621264752691,0.2099696592238473
8404,Correct,0.69014144,0.6433151,0.7122260928153992,0.40043504244271316,0.5719758076100498,0.1737452022618365
8405,Correct,0.44804823,0.8351692,0.6809008121490479,0.5901821622479657,0.5072315584215611,0.12794622170992673
8406,Correct,0.28941885,0.9178656,0.558948278427124,0.5284006017158585,0.4953254983462821,0.04070491723449229
8407,Correct,0.4035399,0.863394,0.5264396667480469,0.661445654345277,0.4953013247036524,0.22841530971681895
8408,Correct,0.2459404,0.93451875,0.615273654460907,0.4479537532699172,0.4144992605974261,0.14155697253809513
8409,Correct,0.31619212,0.90653807,0.6995239853858948,0.44774640295630147,0.4293303051682213,0.12429516621029112
8410,Correct,0.2823591,0.9195888,0.7899348735809326,0.5567372408210604,0.5122013025672463,0.08207297095054482
8411,Correct,0.64804214,0.6713445,0.5483335256576538,0.37509277743379715,0.46415042883668073,0.1837770714849751
8412,Correct,0.4986204,0.81107676,0.6268221735954285,0.4998542649885822,0.513348927419652,0.01887935920250948
8413,Misclass_to_NORMAL,0.64195544,0.68516153,0.7423890233039856,0.47557189105181547,0.44976714221859,0.07899458851936299
8414,Correct,0.3075018,0.909407,0.6623897552490234,0.4394928930908225,0.5369299375139087,0.10024899272611008
8415,Correct,0.3633715,0.88690966,0.7367274761199951,0.5400811586941007,0.5355394055907987,0.07575682981763396
8416,Correct,0.44018796,0.8405523,0.4728546142578125,0.39519125904312313,0.5309662990859708,0.1545560342403202
8417,Correct,0.57011455,0.7439791,0.5514975786209106,0.5906585915198505,0.5447493031121404,0.14297888197482395
8418,Correct,0.16030967,0.9650869,0.7308360934257507,0.553527530428339,0.4404548949873594,0.11323264586437214
8419,Correct,0.5194362,0.78807205,0.5250465273857117,0.406979992840275,0.5644933499323844,0.16007569407937158
8420,Correct,0.35506237,0.8872549,0.7010024189949036,0.44258957614839856,0.44885395123597555,0.10873706884951878
8421,Correct,0.6729448,0.61363095,0.6848176717758179,0.46065961713705456,0.45771829752488885,0.08167506459130536
8422,Correct,0.17997153,0.962486,0.7283843159675598,0.5444700259354781,0.47019818577127853,0.07570642427199056
8423,Correct,0.13118817,0.9766252,0.67428058385849,0.4252498110875162,0.5396352445043097,0.11965402917886572
8424,Correct,0.2727847,0.9236636,0.5772730708122253,0.6138149804095032,0.45574964553221226,0.17269593878340314
8425,Correct,0.37118244,0.87828773,0.5969589948654175,0.4224388702964652,0.4962496973788438,0.10981615191435909
8426,Correct,0.07987922,0.98613065,0.7112473249435425,0.4764110950724625,0.5700702240292603,0.10455881341322822
8427,Correct,0.39579898,0.86582345,0.6852678656578064,0.587460097665015,0.4732102336001652,0.12935965574576697
8428,Correct,0.51241326,0.7941338,0.7954842448234558,0.5662244682833899,0.5173245803220297,0.09680724438545053
8429,Correct,0.092856005,0.9835673,0.7084491848945618,0.498794258199809,0.5087100562196307,0.012435344196109387
8430,Correct,0.41485152,0.8548101,0.5588752031326294,0.6302148081527857,0.5012898704519614,0.18416058225391033
8431,Correct,0.14026603,0.9692717,0.7140586972236633,0.49477697021464145,0.49733729997066684,0.008290960328569106
8432,Correct,0.5054738,0.80078673,0.7008230686187744,0.46080201820667466,0.3885949348614793,0.1670183841089831
8433,Correct,0.2656447,0.92721725,0.5826276540756226,0.3950255854757602,0.5440131214598984,0.16097690868786552
8434,Correct,0.41942677,0.85412824,0.6579697728157043,0.5171495448662805,0.5213478314804576,0.038725619376288475
8435,Correct,0.28488773,0.91978174,0.7208521962165833,0.5590141620016398,0.5041323391945438,0.08366298517235142
8436,Correct,0.14298244,0.9682761,0.7141329646110535,0.4497859930047173,0.5316568916591343,0.08394766569762938
8437,Correct,0.706602,0.5229993,0.6710501313209534,0.4572940414403206,0.5700189509578434,0.11598665776491648
8438,Correct,0.271099,0.9248736,0.438362181186676,0.6923611344848656,0.49469203734390677,0.27214327303045
8439,Correct,0.5980875,0.7195919,0.7382074594497681,0.48992271071648125,0.44625464505941637,0.07733194601189135
8440,Correct,0.42463714,0.8517293,0.4715888798236847,0.3208583361797647,0.48845323285261005,0.25387029581200804
8441,Correct,0.493381,0.80684423,0.7718716859817505,0.47087678949055006,0.4922156258830264,0.04263233211473994
8442,Correct,0.15476379,0.9699942,0.5704517960548401,0.5359528510119365,0.5401636722987944,0.07623290717808737
8443,Correct,0.1231792,0.9784255,0.424439013004303,0.5226628533187928,0.3740647444271487,0.18096018079538098
8444,Correct,0.21862333,0.9469726,0.5188782811164856,0.4665760239094277,0.6524372092589167,0.22070009036858096
8445,Correct,0.29180318,0.9176434,0.5902994871139526,0.4448692116343122,0.36697400074801184,0.2036434153259673
8446,Correct,0.22463335,0.94109046,0.5052080154418945,0.42370040563810407,0.49247291887522415,0.1084277183200755
8447,Correct,0.39509162,0.8704788,0.8208122849464417,0.4706619236160846,0.40956803830121774,0.13445194251180215
8448,Correct,0.49314064,0.8065918,0.39949774742126465,0.3291968370197675,0.5367044522692862,0.24706653881268575
8449,Correct,0.43174037,0.84579,0.7211285829544067,0.4888887783656444,0.48674609942540875,0.024459154795246768
8450,Correct,0.19504608,0.9514414,0.502212405204773,0.4405569107997736,0.46333843429389826,0.09876792246158554
8451,Correct,0.28915533,0.91577876,0.7130871415138245,0.44126488396250946,0.4628338381381783,0.09829687119615363
8452,Correct,0.58502936,0.7303379,0.40381303429603577,0.6970669080096104,0.4958367019879834,0.2787568807502519
8453,Correct,0.5465105,0.7795237,0.6023861765861511,0.5518279483935682,0.411224067055693,0.1453774570201203
8454,Correct,0.3748184,0.87649655,0.6861740350723267,0.4279071109730429,0.48810206328220745,0.10333388163031278
8455,Correct,0.28141403,0.9352447,0.7629410624504089,0.521136771858082,0.5029074587346101,0.030173380350039324
8456,Correct,0.37807855,0.87567866,0.7540647983551025,0.5365125748584966,0.4519381348500084,0.08535936977852276
8457,Correct,0.46052313,0.8288507,0.6076413989067078,0.587856800377988,0.5411360494942559,0.13719323555227864
8458,Correct,0.080360346,0.9858353,0.6819173097610474,0.3893035366456194,0.4862560685827201,0.15775045261406143
8459,Correct,0.65070903,0.65935737,0.26457470655441284,0.709886022161991,0.5214343009001698,0.298367463219644
8460,Correct,0.4315804,0.8463538,0.6562445163726807,0.4125659554117641,0.5780033570399042,0.1657059797505956
8461,Correct,0.21847095,0.943698,0.46022874116897583,0.3366420520770393,0.5678293398879294,0.2501465110659471
8462,Correct,0.7478618,0.7508186,0.9578840136528015,0.512529124593257,0.5306400695432325,0.046814374388375206
8463,Correct,0.34191623,0.91156363,0.5006324052810669,0.5804223464784795,0.6256956264422616,0.21103148731796956
8464,Correct,0.5311049,0.7965649,0.6994463801383972,0.5256520183633037,0.44214651590135484,0.0894991806494725
8465,Correct,0.5532435,0.7630662,0.6290384531021118,0.5857803543981841,0.5094939955791616,0.12205248996014136
8466,Correct,0.20811531,0.9467691,0.5647904872894287,0.45663799067129723,0.5293909553234666,0.07408228003846147
8467,Correct,0.24357274,0.9342535,0.602378785610199,0.5761347274103535,0.4478192601729137,0.1305321901045938
8468,Correct,0.42105082,0.8517277,0.5683242678642273,0.5735207434610128,0.5295767744001287,0.11207216695483463
8469,Correct,0.5681003,0.7477066,0.6286742687225342,0.5714903418830116,0.5292073974452295,0.10921484375370852
8470,Correct,0.2603005,0.9280272,0.5717055201530457,0.367053449823155,0.5453516919558273,0.19865327164273236
8471,Correct,0.5202358,0.7963943,0.3449398875236511,0.7504234760103582,0.49680456186882543,0.35418110667273206
8472,Correct,0.4043,0.86233497,0.32593047618865967,0.6953223177161816,0.4583902035390383,0.2824258591543757
8473,Correct,0.13523217,0.9716113,0.7564629316329956,0.5175820678030066,0.5227171919793415,0.040625113406753253
8474,Correct,0.7014659,0.60556024,0.6606678366661072,0.4256434585920544,0.49985789020455895,0.1051562213598938
8475,Correct,0.3671057,0.8803762,0.6618452072143555,0.42875346726568647,0.490310084648354,0.10168542556515829
8476,Correct,0.32559308,0.91362745,0.5434656739234924,0.5729945476109626,0.5793330290834703,0.1524593944923554
8477,Misclass_to_NORMAL,0.41434366,0.8927565,0.7758035063743591,0.44857415781197135,0.3336343210375876,0.24626066020122858
8478,Misclass_to_NORMAL,0.35683239,0.889091,0.6450644731521606,0.35697340342780964,0.6402521275917248,0.2832923105946561
8479,Misclass_to_NORMAL,0.46431395,0.8362458,0.6208198666572571,0.6665479403946714,0.41484124999854727,0.2645381981926879
8480,Misclass_to_CNV,0.69624597,0.6113353,0.48671579360961914,0.5354353563675452,0.3905008804401599,0.16276192223782002
8481,Correct,0.48301962,0.81292653,0.6211437582969666,0.5574577590397479,0.5735761367335221,0.13202152832397965
8482,Correct,0.43685856,0.8435211,0.82527095079422,0.4563427565537609,0.5159774616059016,0.06574548174121549
8483,Misclass_to_DME,0.713667,0.5892507,0.8846459984779358,0.5806460232795573,0.5119101958007621,0.11528776027679075
8484,Correct,0.52191764,0.78789634,0.5853841304779053,0.6367411244863044,0.5338881918226297,0.1992312458967535
8485,Correct,0.19901612,0.9521415,0.5308804512023926,0.3802084008912873,0.5088642373264077,0.16987408231040665
8486,Correct,0.29753992,0.91268265,0.7428109049797058,0.4132466563155273,0.4584920606642912,0.13600773263556096
8487,Correct,0.29502878,0.91442084,0.7509726881980896,0.5322277102788361,0.5152653878589544,0.05043128743748088
8488,Correct,0.62949485,0.70215833,0.6199623942375183,0.569018365474288,0.4837237340011374,0.1002841124765844
8489,Correct,0.35826668,0.9028975,0.5349544882774353,0.4999081558630104,0.3717014068795109,0.18144165691506625
8490,Correct,0.3667937,0.8880699,0.713546633720398,0.5136155732510315,0.5229217631504947,0.03770387409488787
8491,Correct,0.42561904,0.85253245,0.6232518553733826,0.4228481927596247,0.40528202701693045,0.17276513402001872
8492,Correct,0.24982575,0.9443163,0.7210678458213806,0.5962856420492436,0.5571792369563741,0.15836912580265283
8493,Correct,0.35646683,0.8860825,0.6994485855102539,0.41733207727249855,0.4905801870858288,0.11766663353234966
8494,Correct,0.39990652,0.86647743,0.6083757877349854,0.44629122072182964,0.5615231164858477,0.11549655262112728
8495,Correct,0.26424187,0.93762183,0.7483975887298584,0.46786916461284184,0.48757254215197293,0.048720268702894996
8496,Correct,0.28715536,0.9199981,0.4528621435165405,0.3249320189153694,0.5622635770828807,0.2627757638451628
8497,Correct,0.39221963,0.8682625,0.5898993015289307,0.5952469454681572,0.5705437631902225,0.16762101983971034
8498,Correct,0.28823692,0.9166156,0.7641767859458923,0.4628391735188875,0.47892059017296784,0.06041967466670659
8499,Correct,0.33127162,0.89791757,0.8667307496070862,0.46770338941536505,0.4901059914590558,0.04776949780485098
8500,Correct,0.42919356,0.8474236,0.5947185754776001,0.4048290066023864,0.5585025461852259,0.15798775835135517
8501,Correct,0.33957335,0.8941517,0.7434059381484985,0.4280962378627277,0.48995617165178773,0.10267452943531596
8502,Correct,0.5231453,0.80956876,0.7076985836029053,0.4731840152634942,0.4860090328479633,0.04277485708305481
8503,Correct,0.36094168,0.8840512,0.557190477848053,0.38486171345452586,0.5016504563210455,0.16284685464997714
8504,Correct,0.22326899,0.9414968,0.6610655188560486,0.564554586961266,0.5359648238551495,0.10450610750259136
8505,Correct,0.41631457,0.8575499,0.6776204705238342,0.434010964737125,0.4955187460358488,0.09353752628775444
8506,Correct,0.5850685,0.7402016,0.2903271019458771,0.7652786418218743,0.536937765015612,0.3787800319214487
8507,Correct,0.16060509,0.9635622,0.6566680669784546,0.40115734052170493,0.5126718256323606,0.1409286805274153
8508,Correct,0.10009763,0.98339534,0.7487101554870605,0.44015336475839056,0.49631172291159764,0.08479649919216102
8509,Misclass_to_CNV,0.7806688,0.5608532,0.5056942105293274,0.43231423595681345,0.5377148415122456,0.1095789388925055
8510,Misclass_to_CNV,0.5750083,0.74457896,0.4517461657524109,0.5013227901128797,0.5515039943284482,0.07286166626515699
8511,Correct,0.6028865,0.77645415,0.6862484216690063,0.45083076187427473,0.5385194657748497,0.08833304275800861
8512,Correct,0.37097907,0.8789416,0.6790893077850342,0.527694126222357,0.44768263419038473,0.08371465095760648
8513,Correct,0.14716142,0.96670157,0.5903492569923401,0.5815661175721052,0.6296923397866331,0.21667087730065607
8514,Correct,0.33277518,0.9020561,0.6691402196884155,0.5766159123974479,0.4697896465161749,0.11647028367880861
8515,Correct,0.34678796,0.89053833,0.6926671266555786,0.5312651259417845,0.48173473253605176,0.0512079699985308
8516,Correct,0.41761693,0.854071,0.6067922115325928,0.3655308774735291,0.4819144309688177,0.19188034146426106
8517,Correct,0.4591548,0.83314097,0.6580666899681091,0.5578048620556381,0.40952572521088326,0.15183541402379055
8518,Correct,0.22910473,0.94284517,0.5226392149925232,0.6990407220938744,0.5360691263110604,0.28607058892690856
8519,Correct,0.6589982,0.6454757,0.5678916573524475,0.40927081441693197,0.5532291602070153,0.1487624187280571
8520,Correct,0.2604039,0.9284576,0.6663107872009277,0.5544794715332347,0.5168049838962482,0.08062779052279301
8521,Correct,0.49369484,0.81241107,0.6691805124282837,0.5450282741074604,0.49502499488181245,0.06406709209918265
8522,Correct,0.18510418,0.96064913,0.8149814009666443,0.4275180488140173,0.507439132685813,0.1030434271833416
8523,Correct,0.22545475,0.9540466,0.64767986536026,0.5348478806054056,0.43546723650374414,0.10371935544682385
8524,Correct,0.40019137,0.864996,0.756550133228302,0.541431096066171,0.5232122073687085,0.06716163029844077
8525,Correct,0.570148,0.756877,0.7291527986526489,0.4920937886043378,0.5112501052302926,0.01944597882985351
8526,Correct,0.27870926,0.9202276,0.5257503390312195,0.409655676136415,0.48710802715586893,0.12906044954347667
8527,Correct,0.5390551,0.7717821,0.7138562202453613,0.48470810813749127,0.5246609953326677,0.041036731047502335
8528,Correct,0.379469,0.8840943,0.4153101146221161,0.5509795867346556,0.2810605794303529,0.3179100128747413
8529,Correct,0.2973764,0.91284734,0.37837889790534973,0.7123450960365664,0.5307974242139439,0.30344330985866935
8530,Correct,0.64518815,0.6617205,0.5519435405731201,0.43006489194569886,0.5260865305531653,0.10555971215258218
8531,Correct,0.48523334,0.813693,0.7752417922019958,0.48930799080518783,0.43203200519100216,0.09730331319105126
8532,Correct,0.20970757,0.94646287,0.5676263570785522,0.37983591771123265,0.556955665930854,0.18806038686511675
8533,Correct,0.1179698,0.9795145,0.7780717015266418,0.5217720671212722,0.4387061902473243,0.09198862995751575
8534,Correct,0.19714098,0.95671415,0.6761735081672668,0.511225801612657,0.431368081636271,0.09834997549702078
8535,Correct,0.37894374,0.87505364,0.5482742786407471,0.4336137433452176,0.47238173322169724,0.10168484383104638
8536,Correct,0.42394087,0.84976596,0.5469897985458374,0.40422908108537997,0.45139342402471583,0.15188593178956236
8537,Correct,0.5795461,0.7361789,0.23661686480045319,0.7398311741397462,0.4385866056562135,0.3501159724836177
8538,Correct,0.5634325,0.7502261,0.6195430755615234,0.4165226493605082,0.5086010927831558,0.11867979496825157
8539,Correct,0.3060336,0.90951246,0.6076178550720215,0.4453919194079844,0.5502567417923286,0.10495506239838899
8540,Correct,0.5762754,0.7412035,0.6488414406776428,0.5974119438506268,0.5265774683614373,0.14279669904630754
8541,Misclass_to_CNV,0.7154765,0.595685,0.7990997433662415,0.4873084708707394,0.466383299300867,0.05081648310408655
8542,Correct,0.16539168,0.96151674,0.45202523469924927,0.3889531483282037,0.48148713009225874,0.15921136654421927
8543,Correct,0.29161677,0.91510904,0.5822315216064453,0.6568063447220134,0.5535100340398215,0.23431412030870755
8544,Correct,0.168038,0.96804065,0.5554636716842651,0.4899332794238173,0.48076578908447365,0.03070158734338968
8545,Correct,0.46745285,0.82694757,0.8028548955917358,0.5514995376662108,0.5230936611922725,0.07981878935560151
8546,Correct,0.10514796,0.9788614,0.6001380085945129,0.6065505759716195,0.49616193496206484,0.15078299627689645
8547,Correct,0.4633569,0.8272232,0.6467183828353882,0.49797038933456655,0.6077356725603555,0.15238828341762622
8548,Misclass_to_CNV,0.69039536,0.6226567,0.3603552579879761,0.43263233339645685,0.41273600601532406,0.15590642802504134
8549,Correct,0.27743298,0.92092407,0.6780238747596741,0.45833907018772724,0.543562970708892,0.08524512290808081
8550,Correct,0.036019508,0.99460775,0.6706676483154297,0.48822924796429074,0.46442768983103544,0.0529894301581584
8551,Correct,0.18345731,0.9638155,0.5129323601722717,0.41010072384658514,0.621220985322467,0.2134310527334656
8552,Correct,0.4359504,0.8435372,0.5947185754776001,0.4048290066023864,0.5585025461852259,0.15798775835135517
8553,Correct,0.29979563,0.93262404,0.6752098202705383,0.5195387435523846,0.5409638039851805,0.06418404375765276
8554,Correct,0.049546413,0.99230385,0.6831154823303223,0.5109785388395235,0.43254226527895273,0.09665479076327373
8555,Correct,0.25175697,0.94305575,0.7354881763458252,0.4305217355567422,0.5022342079939406,0.09830789302398303
8556,Misclass_to_CNV,0.6847791,0.60158354,0.4111822843551636,0.48320247068544514,0.572624821521398,0.10541842051641875
8557,Correct,0.1891737,0.95326513,0.633070170879364,0.5130502597917288,0.5263024578706573,0.04152417538421002
8558,Correct,0.14981128,0.9707705,0.7596045136451721,0.5471589457755831,0.5053213711516427,0.06711606599910222
8559,Correct,0.13190885,0.9710754,0.5480583310127258,0.3439752832841882,0.529123816174001,0.22446339966589796
8560,Correct,0.3688706,0.8796032,0.6105235815048218,0.583929749704244,0.4411471900114567,0.1449679697654943
8561,Correct,0.37048274,0.8945565,0.731916606426239,0.4967405151384314,0.4488198532554383,0.07252629402303232
8562,Correct,0.46888444,0.8292689,0.7564958930015564,0.44599249995797413,0.48457887029976876,0.07943074092592588
8563,Correct,0.11279902,0.97646415,0.7083669304847717,0.4728241358568669,0.5310807408061216,0.058387328094087976
8564,Correct,0.6934117,0.57018566,0.7872390151023865,0.5625631412627591,0.5405718285778403,0.1054534960901117
8565,Correct,0.5999629,0.71543384,0.7423799633979797,0.46582913139937665,0.5467314188965585,0.08187153074184814
8566,Correct,0.69391286,0.59762675,0.6159606575965881,0.5016957496181401,0.5788810040723311,0.11158036001220412
8567,Misclass_to_CNV,0.5987322,0.7452378,0.4202485978603363,0.4512001671963858,0.5939494112320733,0.14971917413954652
8568,Misclass_to_CNV,0.5563266,0.7818819,0.7030690312385559,0.5218399812121676,0.5951787070519937,0.1381012024237086
8569,Correct,0.11062392,0.9793393,0.7487257719039917,0.5187190354954929,0.44262795888449247,0.08534580706327652
8570,Correct,0.3291149,0.89856076,0.5933443307876587,0.42070662643380635,0.55840161909089,0.13927087422677684
8571,Correct,0.29317728,0.91421485,0.7224922180175781,0.5370795344608383,0.5103451258383984,0.05444104158527455
8572,Correct,0.112866506,0.98038214,0.6428766250610352,0.583532207203661,0.5179698683236621,0.12083497678971183
8573,Correct,0.49263206,0.80884886,0.4548567533493042,0.3205704152444518,0.46232370490476987,0.2592854762521469
8574,Correct,0.40204015,0.8637205,0.5016642808914185,0.4524607559462664,0.490106156760703,0.06867121462802632
8575,Correct,0.2504533,0.9317448,0.7703099250793457,0.46450029171031965,0.4577721639751528,0.0780181956211983
8576,Correct,0.250603,0.93125147,0.4329458475112915,0.3450815181158283,0.45911220154827925,0.226590150233963
8577,Correct,0.46965683,0.82139033,0.7028571963310242,0.4611538678250966,0.5353993215830588,0.07432541898288737
8578,Correct,0.19595122,0.95983666,0.6505491137504578,0.5576181547894673,0.4243352901005751,0.1344990712645046
8579,Correct,0.23206025,0.9460427,0.7244757413864136,0.5904909446725384,0.5637839966735623,0.15656953279218408
8580,Correct,0.6047981,0.7225529,0.7071508169174194,0.5742366064148315,0.539310587802383,0.11879727307778966
8581,Correct,0.2895252,0.9290874,0.7364340424537659,0.5438760208187163,0.53051719522636,0.07558312519826363
8582,Correct,0.12296279,0.9761816,0.6562114953994751,0.5809972324529673,0.4395432706207377,0.14293752336092416
8583,Correct,0.26419932,0.92595994,0.6444936394691467,0.4562964977150818,0.47543093909850537,0.07090324203517358
8584,Correct,0.26559934,0.93527204,0.7203305959701538,0.5067582057445198,0.5245668608729871,0.03603342886925874
8585,Correct,0.39003626,0.8694267,0.47945475578308105,0.6479426670825909,0.533453910684748,0.21450499706819606
8586,Correct,0.40427735,0.8710497,0.4892396926879883,0.5869865843582477,0.4628934025807129,0.1337427787235751
8587,Correct,0.07852413,0.9857908,0.7029399275779724,0.5474749684341923,0.46177693386773777,0.0861960023710943
8588,Correct,0.119375005,0.97433364,0.613722562789917,0.4205902211591197,0.48167421762614826,0.11525404353142056
8589,Correct,0.16706783,0.9603658,0.5770590901374817,0.46225363571919365,0.469550304900305,0.06858530379146427
8590,Correct,0.1709761,0.96713144,0.5450734496116638,0.6216652319146723,0.42002427136135934,0.20590554061575164
8591,Misclass_to_NORMAL,0.6646004,0.6529174,0.6613895297050476,0.40794979609199983,0.48038157968431866,0.13310238506643784
8592,Correct,0.23447374,0.93777305,0.6745465397834778,0.5017309795410589,0.4898527339120357,0.014557698941214213
8593,Misclass_to_CNV,0.61396444,0.7169607,0.4365968108177185,0.43480599555185406,0.4198244790320094,0.14613947022261692
8594,Correct,0.09695,0.98158884,0.7140389084815979,0.5058789762284673,0.4734614585875896,0.03844103385168267
8595,Correct,0.57266885,0.74484146,0.6182901263237,0.5730798414099576,0.5573511572177463,0.13137593733038944
8596,Correct,0.7372159,0.50251406,0.6218817830085754,0.5240852399093267,0.4919839161632483,0.03589864570057351
8597,Correct,0.35492134,0.8871241,0.6570664048194885,0.42007376851656014,0.4601846098321905,0.12628117653363316
8598,Correct,0.33833593,0.895689,0.7462188005447388,0.5577498773065265,0.461029815471317,0.09852637830670999
8599,Correct,0.12551858,0.97295946,0.7679781317710876,0.555633031529832,0.5257091557871277,0.0866717357445446
8600,Correct,0.67771405,0.6047582,0.7157999873161316,0.489754267204004,0.4494276986317642,0.07297304579372596
8601,Correct,0.40851995,0.8605564,0.6658998727798462,0.5605799484945714,0.4481088530523168,0.11280621694880982
8602,Misclass_to_CNV,0.1856586,0.9576536,0.18253913521766663,0.5636755805395356,0.4682338884157654,0.10063464018148945
8603,Correct,0.60927904,0.72936285,0.5182076692581177,0.3529819119748306,0.5329654387896576,0.21307763074133862
8604,Correct,0.2792011,0.91999245,0.6899573802947998,0.5690554279785224,0.5202623056914321,0.10177635447617418
8605,Correct,0.37582633,0.8756022,0.5933911800384521,0.45879114184103004,0.5662436868354022,0.11033037692596666
8606,Correct,0.3467986,0.8908217,0.7365269660949707,0.4595248409593188,0.4099667901080278,0.1396009841141556
8607,Correct,0.18974693,0.95790935,0.6478803753852844,0.43721970769780594,0.529842657755405,0.09830513031836291
8608,Correct,0.58630264,0.7366341,0.7625764608383179,0.46631544703495365,0.47851911555222176,0.05649915937629185
8609,Correct,0.48656416,0.8307648,0.589236855506897,0.5992558891840505,0.5165478485731863,0.1423064498195188
8610,Correct,0.44545805,0.8383297,0.6803098320960999,0.5587284549034792,0.48563559403347817,0.08550283707715248
8611,Correct,0.20994748,0.94616145,0.6389195322990417,0.43103298104693577,0.5188758919201301,0.10112120449295244
8612,Misclass_to_NORMAL,0.4357394,0.8463069,0.3137098252773285,0.6745154674126592,0.272539792224403,0.4054473935976816
8613,Correct,0.2728524,0.9246283,0.718012809753418,0.5166093770168445,0.4795231833376699,0.03728730147142219
8614,Correct,0.44442275,0.84107786,0.5069026947021484,0.5610368519348249,0.49657289728547427,0.08645510195621361
8615,Correct,0.3409968,0.89519745,0.7439848780632019,0.48898580027710764,0.519088271856965,0.031166479365535203
8616,Correct,0.56490415,0.76110667,0.6882315874099731,0.4929695261084241,0.47064624637099867,0.042686541561767204
8617,Correct,0.121015966,0.9784742,0.7416861653327942,0.44839101016411087,0.49816884943454004,0.07303206068945735
8618,Correct,0.50013596,0.814373,0.7364642024040222,0.4980776666222471,0.5011984116793442,0.003203609267189555
8619,Correct,0.3910913,0.87071526,0.7720703482627869,0.5536185091192131,0.4612889365324822,0.09352530090786476
8620,Misclass_to_NORMAL,0.3651159,0.89637846,0.6793124675750732,0.4910446103169331,0.6137717349708608,0.16139520861943435
8621,Correct,0.24543011,0.93408495,0.5577248930931091,0.4595680267748065,0.5352675108052514,0.07587544763994851
8622,Misclass_to_DME,0.910825,0.59363824,0.14607681334018707,0.6704313516961893,0.7227064225051649,0.3965980238630525
8623,Correct,0.3773507,0.8862416,0.5606344938278198,0.3980569289982547,0.3773365515992876,0.2255602416154989
8624,Correct,0.72006184,0.53130174,0.6887037754058838,0.5280463700748783,0.508727469802081,0.04153956195058548
8625,Correct,0.07832791,0.9872834,0.5945780277252197,0.4494982597864708,0.5644309497115474,0.11577368479345158
8626,Correct,0.6679151,0.6414002,0.7511236667633057,0.4659828000597725,0.5645381696819591,0.10317310926467965
8627,Correct,0.08475557,0.9837771,0.6935870051383972,0.5180159585166106,0.48734317264673643,0.031137438556263945
8628,Correct,0.5427465,0.76937467,0.6588056683540344,0.5388813576871588,0.5449087460697619,0.08400661222969465
8629,Correct,0.34695873,0.8929891,0.5755482316017151,0.38254749491552076,0.5873125989249308,0.20697140325004054
8630,Correct,0.24532144,0.93391585,0.6219981908798218,0.48181602862892997,0.5095625194820365,0.02905507162848583
8631,Correct,0.4794292,0.8280417,0.743164598941803,0.47111311344523493,0.46255959381471623,0.0668765464142236
8632,Correct,0.2949646,0.9202478,0.5388255715370178,0.45692997375879646,0.35160789945833865,0.21851884432965724
8633,Correct,0.44075942,0.8650035,0.5834583044052124,0.5249078927486286,0.5063481324160628,0.036351118451818015
8634,Correct,0.3309755,0.89934874,0.7798281311988831,0.5021865260041538,0.4879549148924057,0.017312710429971977
8635,Correct,0.45497915,0.83242625,0.6933037638664246,0.5373786070577621,0.4803579272976749,0.05971551365636916
8636,Correct,0.40465534,0.888757,0.5934497714042664,0.3782952154116549,0.5495836479315331,0.18585259069431187
8637,Correct,0.23903114,0.93687814,0.663786768913269,0.4780811661944487,0.3800496348800845,0.17244434097874262
8638,Correct,0.5998083,0.7216582,0.8015013933181763,0.4835652083928448,0.5387469311443617,0.05952187914164882
8639,Correct,0.2238505,0.94191253,0.5599635243415833,0.382246714287228,0.4627504417606733,0.174661763904861
8640,Correct,0.39011955,0.8688512,0.5898993015289307,0.5952469454681572,0.5705437631902225,0.16762101983971034
8641,Correct,0.21431337,0.9481804,0.763363778591156,0.44912705165056555,0.43497877047047045,0.11675459017354299
8642,Correct,0.65957224,0.65327424,0.8145120739936829,0.5653284375944688,0.5089296212655675,0.0932474438736085
8643,Correct,0.30303413,0.9098612,0.6761513948440552,0.5647506172823757,0.5608086195756016,0.12562110215357078
8644,Correct,0.091433644,0.9837581,0.7404117584228516,0.514401897520559,0.5372198072342123,0.0564398565332089
8645,Correct,0.40290418,0.861496,0.6308735013008118,0.5024421983871497,0.5202028260209206,0.02877910742861158
8646,Correct,0.34669173,0.8912479,0.5886960625648499,0.4380703750649872,0.48226751276292024,0.09110125738105437
8647,Correct,0.18972026,0.95312804,0.47234243154525757,0.37071436410143876,0.47370068443846314,0.1865820444131784
8648,Correct,0.39098126,0.86813027,0.6020324230194092,0.3665380693256581,0.49331104866477204,0.18898057577056906
8649,Correct,0.1423876,0.97362226,0.5633328557014465,0.4724596131555438,0.5805636489142796,0.12040742862403131
8650,Misclass_to_CNV,0.30146608,0.9215094,0.2871568500995636,0.3951108259803627,0.32939935836568385,0.283218353051359
8651,Correct,0.69856983,0.555214,0.4447939693927765,0.4291726644447529,0.585370490514643,0.1568734019046334
8652,Correct,0.630969,0.683508,0.7123419046401978,0.4671858609183442,0.451083945341385,0.08330123801042646
8653,Correct,0.36270553,0.89120656,0.39822858572006226,0.43813956236990237,0.5245731690542743,0.09413346250040039
8654,Correct,0.51238495,0.7958038,0.5974313020706177,0.6095910061668917,0.462021111985501,0.16402795229770772
8655,Correct,0.393157,0.87116486,0.6523987054824829,0.422390595203323,0.5573504826375666,0.13647195735136428
8656,Correct,0.40377808,0.86834854,0.6266018748283386,0.5541312289340083,0.40437852322042805,0.1553940588787888
8657,Correct,0.5138948,0.79409194,0.6810832619667053,0.5154190625052292,0.5568753077151408,0.08333724396969365
8658,Correct,0.15072848,0.96635747,0.8127171397209167,0.48342603048883165,0.580328775913005,0.1159949025176444
8659,Correct,0.21558525,0.9452225,0.7804518938064575,0.44163401065550617,0.4961907521830227,0.08271758073218428
8660,Misclass_to_NORMAL,0.21652485,0.94488394,0.0,0.0,0.0,1.0
8661,Correct,0.23103806,0.93863404,0.7043420076370239,0.5540903265977989,0.5289998772325504,0.08679580993296326
8662,Correct,0.2078984,0.9587238,0.7719663977622986,0.5341614542726821,0.4492967810182106,0.08646179934676172
8663,Correct,0.31407034,0.9114671,0.7369514107704163,0.5265060835437321,0.40231328365458224,0.1431451502159777
8664,Correct,0.114408135,0.9764617,0.7156516909599304,0.4266348973768449,0.4868537603487541,0.10540646943972717
8665,Correct,0.04677272,0.9921458,0.7881485819816589,0.4872607864828722,0.48288714384069426,0.030170760910658533
8666,Correct,0.2458783,0.93392354,0.7167346477508545,0.5581123141098537,0.4710635481391298,0.09180805299644212
8667,Correct,0.14945287,0.96573466,0.5850664377212524,0.45927429982247,0.4257820851076955,0.11972369478020149
8668,Correct,0.043910608,0.99266434,0.7389158606529236,0.4159658281198027,0.5214864084166911,0.12266546205219622
