global_idx,label,cls,pred,correct,loc_score
0,0,CNV,0,1,0.42339757084846497
1,0,CNV,0,1,0.3837240934371948
2,0,CNV,0,1,0.5649368762969971
3,0,CNV,0,1,0.587666392326355
4,0,CNV,0,1,0.4590044915676117
5,0,CNV,0,1,0.6111781597137451
6,0,CNV,0,1,0.656608521938324
7,0,CNV,0,1,0.5536852478981018
8,0,CNV,0,1,0.3278016448020935
9,0,CNV,0,1,0.6614433526992798
10,0,CNV,0,1,0.5262244939804077
11,0,CNV,0,1,0.4233746826648712
12,0,CNV,0,1,0.5384320616722107
13,0,CNV,0,1,0.7281169891357422
14,0,CNV,0,1,0.604302167892456
15,0,CNV,0,1,0.5711277723312378
16,0,CNV,0,1,0.6556750535964966
17,0,CNV,0,1,0.5870075225830078
18,0,CNV,0,1,0.7081857919692993
19,0,CNV,0,1,0.45461970567703247
20,0,CNV,0,1,0.6525648236274719
21,0,CNV,0,1,0.6406609416007996
22,0,CNV,0,1,0.32216984033584595
23,0,CNV,0,1,0.8024810552597046
24,0,CNV,0,1,0.6960681676864624
25,0,CNV,0,1,0.748292088508606
26,0,CNV,0,1,0.6740237474441528
27,0,CNV,0,1,0.46675896644592285
28,0,CNV,0,1,0.49821484088897705
29,0,CNV,0,1,0.47530555725097656
30,0,CNV,0,1,0.5230310559272766
31,0,CNV,0,1,0.5618120431900024
32,0,CNV,0,1,0.3128775358200073
33,0,CNV,0,1,0.7388724684715271
34,0,CNV,0,1,0.476230651140213
35,0,CNV,0,1,0.35019707679748535
36,0,CNV,0,1,0.5031347274780273
37,0,CNV,0,1,0.6587672233581543
38,0,CNV,0,1,0.7103831171989441
39,0,CNV,0,1,0.592438280582428
40,0,CNV,0,1,0.7457252144813538
41,0,CNV,0,1,0.5309581756591797
42,0,CNV,0,1,0.6530832648277283
43,0,CNV,0,1,0.5378384590148926
44,0,CNV,0,1,0.5491209030151367
45,0,CNV,0,1,0.19919589161872864
46,0,CNV,0,1,0.7773888111114502
47,0,CNV,0,1,0.42569729685783386
48,0,CNV,0,1,0.5654972195625305
49,0,CNV,0,1,0.2317585051059723
50,0,CNV,0,1,0.6344637870788574
51,0,CNV,0,1,0.8559483289718628
52,0,CNV,0,1,0.5331748723983765
53,0,CNV,0,1,0.6660149097442627
54,0,CNV,0,1,0.5837879180908203
55,0,CNV,0,1,0.5207697153091431
56,0,CNV,0,1,0.6905925273895264
57,0,CNV,0,1,0.5098509788513184
58,0,CNV,0,1,0.7645005583763123
59,0,CNV,0,1,0.7482806444168091
60,0,CNV,0,1,0.39806798100471497
61,0,CNV,0,1,0.7474378347396851
62,0,CNV,0,1,0.6452690362930298
63,0,CNV,0,1,0.644043505191803
64,0,CNV,0,1,0.6728452444076538
65,0,CNV,0,1,0.6389207243919373
66,0,CNV,0,1,0.5943272709846497
67,0,CNV,0,1,0.5492541193962097
68,0,CNV,0,1,0.5026437640190125
69,0,CNV,0,1,0.3066521883010864
70,0,CNV,2,0,0.5584454536437988
71,0,CNV,0,1,0.5783373117446899
72,0,CNV,0,1,0.27655935287475586
73,0,CNV,0,1,0.7246456742286682
74,0,CNV,0,1,0.5385826230049133
75,0,CNV,0,1,0.6347084641456604
76,0,CNV,0,1,0.6489918828010559
77,0,CNV,0,1,0.5579724907875061
78,0,CNV,0,1,0.5667207837104797
79,0,CNV,0,1,0.453974187374115
80,0,CNV,0,1,0.6173412203788757
81,0,CNV,0,1,0.5580760836601257
82,0,CNV,0,1,0.5846203565597534
83,0,CNV,0,1,0.6721655130386353
84,0,CNV,0,1,0.35225895047187805
85,0,CNV,0,1,0.6868811845779419
86,0,CNV,0,1,0.567373514175415
87,0,CNV,0,1,0.755954921245575
88,0,CNV,0,1,0.49929139018058777
89,0,CNV,0,1,0.7221568822860718
90,0,CNV,0,1,0.6885915994644165
91,0,CNV,0,1,0.5656697154045105
92,0,CNV,0,1,0.6527225375175476
93,0,CNV,0,1,0.46260008215904236
94,0,CNV,0,1,0.38497310876846313
95,0,CNV,0,1,0.8254567384719849
96,0,CNV,0,1,0.4326125979423523
97,0,CNV,0,1,0.6555619239807129
98,0,CNV,0,1,0.6944425106048584
99,0,CNV,0,1,0.7160025238990784
100,0,CNV,0,1,0.35640576481819153
101,0,CNV,0,1,0.7817851901054382
102,0,CNV,0,1,0.5351329445838928
103,0,CNV,0,1,0.09794140607118607
104,0,CNV,0,1,0.7488389015197754
105,0,CNV,0,1,0.7707149386405945
106,0,CNV,0,1,0.5584120750427246
107,0,CNV,0,1,0.6834661960601807
108,0,CNV,0,1,0.5545068979263306
109,0,CNV,0,1,0.6547559499740601
110,0,CNV,0,1,0.44728565216064453
111,0,CNV,0,1,0.6107032299041748
112,0,CNV,0,1,0.4829139709472656
113,0,CNV,0,1,0.6115844249725342
114,0,CNV,0,1,0.6057928204536438
115,0,CNV,0,1,0.5874669551849365
116,0,CNV,0,1,0.3435766398906708
117,0,CNV,0,1,0.2998540997505188
118,0,CNV,0,1,0.4504925310611725
119,0,CNV,0,1,0.6376755833625793
120,0,CNV,0,1,0.5332563519477844
121,0,CNV,0,1,0.5461388826370239
122,0,CNV,0,1,0.764587938785553
123,0,CNV,0,1,0.5406372547149658
124,0,CNV,0,1,0.6908013224601746
125,0,CNV,0,1,0.5902155041694641
126,0,CNV,0,1,0.5959075093269348
127,0,CNV,0,1,0.5950009822845459
128,0,CNV,0,1,0.8543323278427124
129,0,CNV,0,1,0.5119765400886536
130,0,CNV,0,1,0.465435653924942
131,0,CNV,0,1,0.5403350591659546
132,0,CNV,0,1,0.6490051746368408
133,0,CNV,0,1,0.7352209687232971
134,0,CNV,0,1,0.4177250266075134
135,0,CNV,0,1,0.5704869031906128
136,0,CNV,0,1,0.6099143624305725
137,0,CNV,0,1,0.48834994435310364
138,0,CNV,0,1,0.627572774887085
139,0,CNV,0,1,0.43713101744651794
140,0,CNV,0,1,0.6654996871948242
141,0,CNV,0,1,0.5000101923942566
142,0,CNV,0,1,0.7154573798179626
143,0,CNV,0,1,0.7075567245483398
144,0,CNV,0,1,0.39393875002861023
145,0,CNV,0,1,0.44846197962760925
146,0,CNV,0,1,0.5659661889076233
147,0,CNV,0,1,0.35548627376556396
148,0,CNV,0,1,0.5806249380111694
149,0,CNV,0,1,0.5301061272621155
150,0,CNV,0,1,0.6817529201507568
151,0,CNV,0,1,0.5027198195457458
152,0,CNV,0,1,0.6985781192779541
153,0,CNV,0,1,0.5106338858604431
154,0,CNV,0,1,0.672097384929657
155,0,CNV,0,1,0.6376424431800842
156,0,CNV,0,1,0.5811997056007385
157,0,CNV,0,1,0.6750094294548035
158,0,CNV,0,1,0.6074540019035339
159,0,CNV,0,1,0.6853304505348206
160,0,CNV,0,1,0.5820102691650391
161,0,CNV,0,1,0.6225370168685913
162,0,CNV,0,1,0.6053019165992737
163,0,CNV,0,1,0.4034639596939087
164,0,CNV,0,1,0.42327508330345154
165,0,CNV,0,1,0.36347877979278564
166,0,CNV,0,1,0.7290202975273132
167,0,CNV,0,1,0.4374507665634155
168,0,CNV,0,1,0.5852435231208801
169,0,CNV,0,1,0.6621741056442261
170,0,CNV,0,1,0.5071194767951965
171,0,CNV,0,1,0.45843711495399475
172,0,CNV,0,1,0.543754518032074
173,0,CNV,0,1,0.07898405194282532
174,0,CNV,0,1,0.6356632709503174
175,0,CNV,2,0,0.6129329204559326
176,0,CNV,0,1,0.4611454904079437
177,0,CNV,0,1,0.3831607699394226
178,0,CNV,0,1,0.5591224431991577
179,0,CNV,0,1,0.45735955238342285
180,0,CNV,0,1,0.7560836672782898
181,0,CNV,0,1,0.6298543214797974
182,0,CNV,0,1,0.6568524837493896
183,0,CNV,0,1,0.5802822113037109
184,0,CNV,0,1,0.4849194586277008
185,0,CNV,0,1,0.5452030301094055
186,0,CNV,0,1,0.5315225124359131
187,0,CNV,0,1,0.5672577619552612
188,0,CNV,0,1,0.381895512342453
189,0,CNV,0,1,0.5592185854911804
190,0,CNV,0,1,0.4724103808403015
191,0,CNV,0,1,0.3999694883823395
192,0,CNV,0,1,0.2556254267692566
193,0,CNV,0,1,0.4808103144168854
194,0,CNV,0,1,0.5068320631980896
195,0,CNV,0,1,0.5775495171546936
196,0,CNV,0,1,0.720452606678009
197,0,CNV,0,1,0.5311660766601562
198,0,CNV,0,1,0.4890993535518646
199,0,CNV,0,1,0.5761170983314514
200,0,CNV,0,1,0.3968498408794403
201,0,CNV,0,1,0.6192641854286194
202,0,CNV,0,1,0.578906238079071
203,0,CNV,0,1,0.6102465987205505
204,0,CNV,0,1,0.6341916918754578
205,0,CNV,0,1,0.6611865758895874
206,0,CNV,0,1,0.7356263995170593
207,0,CNV,0,1,0.604961633682251
208,0,CNV,0,1,0.7885739803314209
209,0,CNV,0,1,0.5536303520202637
210,0,CNV,0,1,0.3958229124546051
211,0,CNV,0,1,0.6012978553771973
212,0,CNV,0,1,0.6047207713127136
213,0,CNV,0,1,0.549774706363678
214,0,CNV,0,1,0.5129189491271973
215,0,CNV,0,1,0.7040936946868896
216,0,CNV,0,1,0.4020965099334717
217,0,CNV,0,1,0.6312730312347412
218,0,CNV,0,1,0.6649709939956665
219,0,CNV,1,0,0.4047401547431946
220,0,CNV,0,1,0.7666063904762268
221,0,CNV,0,1,0.29845118522644043
222,0,CNV,0,1,0.6102465987205505
223,0,CNV,0,1,0.4558558464050293
224,0,CNV,0,1,0.5181975364685059
225,0,CNV,0,1,0.47042909264564514
226,0,CNV,0,1,0.7920722365379333
227,0,CNV,0,1,0.8138322234153748
228,0,CNV,0,1,0.5537686944007874
229,0,CNV,0,1,0.6279252767562866
230,0,CNV,0,1,0.5780556797981262
231,0,CNV,0,1,0.7432292103767395
232,0,CNV,0,1,0.5880275368690491
233,0,CNV,0,1,0.6061176657676697
234,0,CNV,0,1,0.4032670259475708
235,0,CNV,0,1,0.6244142055511475
236,0,CNV,0,1,0.5322718620300293
237,0,CNV,0,1,0.21833811700344086
238,0,CNV,0,1,0.6513943672180176
239,0,CNV,0,1,0.19889581203460693
240,0,CNV,0,1,0.6171079874038696
241,0,CNV,0,1,0.46347323060035706
242,0,CNV,0,1,0.5786678194999695
243,0,CNV,0,1,0.5423358678817749
244,0,CNV,0,1,0.7055768966674805
245,0,CNV,0,1,0.42966198921203613
246,0,CNV,0,1,0.755535364151001
247,0,CNV,0,1,0.6214389801025391
248,0,CNV,0,1,0.4473021924495697
249,0,CNV,0,1,0.6238086819648743
250,0,CNV,0,1,0.5848528146743774
251,0,CNV,0,1,0.6899484992027283
252,0,CNV,0,1,0.42304331064224243
253,0,CNV,0,1,0.4713170826435089
254,0,CNV,0,1,0.6253502368927002
255,0,CNV,0,1,0.6920420527458191
256,0,CNV,0,1,0.6110163331031799
257,0,CNV,0,1,0.47196537256240845
258,0,CNV,0,1,0.5647004246711731
259,0,CNV,0,1,0.2711063623428345
260,0,CNV,0,1,0.30477017164230347
261,0,CNV,0,1,0.7606975436210632
262,0,CNV,0,1,0.44907820224761963
263,0,CNV,0,1,0.524690568447113
264,0,CNV,0,1,0.5081673860549927
265,0,CNV,0,1,0.5909378528594971
266,0,CNV,0,1,0.3838678300380707
267,0,CNV,0,1,0.6303693652153015
268,0,CNV,0,1,0.6331722736358643
269,0,CNV,0,1,0.23888900876045227
270,0,CNV,0,1,0.6990599036216736
271,0,CNV,0,1,0.456506609916687
272,0,CNV,0,1,0.6707529425621033
273,0,CNV,0,1,0.5468125939369202
274,0,CNV,0,1,0.6101507544517517
275,0,CNV,0,1,0.39262863993644714
276,0,CNV,0,1,0.49063733220100403
277,0,CNV,0,1,0.4173131585121155
278,0,CNV,0,1,0.4906083643436432
279,0,CNV,0,1,0.23541198670864105
280,0,CNV,0,1,0.5800463557243347
281,0,CNV,0,1,0.5803192257881165
282,0,CNV,0,1,0.4920499920845032
283,0,CNV,0,1,0.7024160623550415
284,0,CNV,0,1,0.7209395170211792
285,0,CNV,0,1,0.23000091314315796
286,0,CNV,0,1,0.7620473504066467
287,0,CNV,0,1,0.5313695073127747
288,0,CNV,0,1,0.5347077250480652
289,0,CNV,0,1,0.4768386483192444
290,0,CNV,0,1,0.6650906801223755
291,0,CNV,0,1,0.6643548011779785
292,0,CNV,0,1,0.5475643277168274
293,0,CNV,0,1,0.5053139925003052
294,0,CNV,0,1,0.38521531224250793
295,0,CNV,0,1,0.5928667783737183
296,0,CNV,0,1,0.6445991396903992
297,0,CNV,0,1,0.6039247512817383
298,0,CNV,0,1,0.6398581266403198
299,0,CNV,0,1,0.608484148979187
300,0,CNV,0,1,0.44566088914871216
301,0,CNV,0,1,0.7284855246543884
302,0,CNV,0,1,0.64108806848526
303,0,CNV,0,1,0.8105565309524536
304,0,CNV,0,1,0.6969491243362427
305,0,CNV,0,1,0.49406492710113525
306,0,CNV,0,1,0.6787944436073303
307,0,CNV,0,1,0.5588002800941467
308,0,CNV,0,1,0.4700312912464142
309,0,CNV,0,1,0.8160766959190369
310,0,CNV,0,1,0.4179307222366333
311,0,CNV,0,1,0.6357908248901367
312,0,CNV,0,1,0.6203481554985046
313,0,CNV,0,1,0.5722981691360474
314,0,CNV,0,1,0.7872829437255859
315,0,CNV,0,1,0.7558926939964294
316,0,CNV,0,1,0.6640343070030212
317,0,CNV,0,1,0.34679338335990906
318,0,CNV,0,1,0.6640223264694214
319,0,CNV,0,1,0.6472021341323853
320,0,CNV,0,1,0.5574094653129578
321,0,CNV,0,1,0.7362231612205505
322,0,CNV,0,1,0.6364941000938416
323,0,CNV,0,1,0.6287828087806702
324,0,CNV,0,1,0.4332452714443207
325,0,CNV,0,1,0.48248013854026794
326,0,CNV,0,1,0.7359640002250671
327,0,CNV,0,1,0.6217457056045532
328,0,CNV,0,1,0.597312867641449
329,0,CNV,0,1,0.5839794278144836
330,0,CNV,0,1,0.5643201470375061
331,0,CNV,0,1,0.45471447706222534
332,0,CNV,0,1,0.7495730519294739
333,0,CNV,0,1,0.2807287275791168
334,0,CNV,1,0,0.5996821522712708
335,0,CNV,0,1,0.5872974395751953
336,0,CNV,0,1,0.44315433502197266
337,0,CNV,0,1,0.6584473848342896
338,0,CNV,0,1,0.4975537061691284
339,0,CNV,0,1,0.5955649614334106
340,0,CNV,0,1,0.635074257850647
341,0,CNV,0,1,0.6436284780502319
342,0,CNV,0,1,0.6097823977470398
343,0,CNV,0,1,0.5525571703910828
344,0,CNV,0,1,0.6616437435150146
345,0,CNV,0,1,0.7035149335861206
346,0,CNV,0,1,0.5848088264465332
347,0,CNV,0,1,0.469122052192688
348,0,CNV,0,1,0.37492769956588745
349,0,CNV,0,1,0.554653525352478
350,0,CNV,0,1,0.48481959104537964
351,0,CNV,0,1,0.46526089310646057
352,0,CNV,0,1,0.7437077760696411
353,0,CNV,0,1,0.5632442235946655
354,0,CNV,0,1,0.7010369896888733
355,0,CNV,0,1,0.7192323207855225
356,0,CNV,0,1,0.6271003484725952
357,0,CNV,0,1,0.5556801557540894
358,0,CNV,0,1,0.2693820297718048
359,0,CNV,0,1,0.5305570363998413
360,0,CNV,0,1,0.5608049631118774
361,0,CNV,0,1,0.5615575313568115
362,0,CNV,0,1,0.6302406787872314
363,0,CNV,0,1,0.40241739153862
364,0,CNV,0,1,0.5691046118736267
365,0,CNV,0,1,0.5466394424438477
366,0,CNV,0,1,0.561622679233551
367,0,CNV,0,1,0.8134243488311768
368,0,CNV,0,1,0.6872175335884094
369,0,CNV,0,1,0.5547506809234619
370,0,CNV,0,1,0.7200630307197571
371,0,CNV,0,1,0.5889366865158081
372,0,CNV,0,1,0.6697975397109985
373,0,CNV,0,1,0.6709040403366089
374,0,CNV,0,1,0.5602637529373169
375,0,CNV,0,1,0.5578842759132385
376,0,CNV,0,1,0.608923077583313
377,0,CNV,0,1,0.6785546541213989
378,0,CNV,0,1,0.2693820297718048
379,0,CNV,0,1,0.820151150226593
380,0,CNV,0,1,0.46600428223609924
381,0,CNV,0,1,0.49715524911880493
382,0,CNV,0,1,0.6010937094688416
383,0,CNV,0,1,0.6250115633010864
384,0,CNV,0,1,0.5367361903190613
385,0,CNV,1,0,0.7837658524513245
386,0,CNV,0,1,0.19401755928993225
387,0,CNV,0,1,0.5854541063308716
388,0,CNV,0,1,0.543459951877594
389,0,CNV,0,1,0.6280406713485718
390,0,CNV,0,1,0.6266255974769592
391,0,CNV,0,1,0.6771329045295715
392,0,CNV,0,1,0.6659300923347473
393,0,CNV,0,1,0.447573721408844
394,0,CNV,0,1,0.7255500555038452
395,0,CNV,0,1,0.7763270139694214
396,0,CNV,0,1,0.6808518767356873
397,0,CNV,0,1,0.5830003023147583
398,0,CNV,0,1,0.554253876209259
399,0,CNV,0,1,0.6123813986778259
400,0,CNV,0,1,0.24734479188919067
401,0,CNV,0,1,0.3575344383716583
402,0,CNV,0,1,0.6073698401451111
403,0,CNV,0,1,0.702640950679779
404,0,CNV,0,1,0.5576798915863037
405,0,CNV,0,1,0.5086721181869507
406,0,CNV,0,1,0.42008230090141296
407,0,CNV,0,1,0.776426374912262
408,0,CNV,0,1,0.6019322872161865
409,0,CNV,0,1,0.8009867668151855
410,0,CNV,0,1,0.4870324730873108
411,0,CNV,0,1,0.4644523561000824
412,0,CNV,0,1,0.652205765247345
413,0,CNV,0,1,0.4636134207248688
414,0,CNV,0,1,0.5297005772590637
415,0,CNV,0,1,0.6739307641983032
416,0,CNV,0,1,0.6069494485855103
417,0,CNV,0,1,0.7495730519294739
418,0,CNV,0,1,0.8065458536148071
419,0,CNV,0,1,0.5284366011619568
420,0,CNV,0,1,0.5151119828224182
421,0,CNV,0,1,0.5386573672294617
422,0,CNV,0,1,0.44510310888290405
423,0,CNV,0,1,0.6243236660957336
424,0,CNV,0,1,0.5794780850410461
425,0,CNV,0,1,0.4916556775569916
426,0,CNV,0,1,0.42804908752441406
427,0,CNV,0,1,0.7314901351928711
428,0,CNV,0,1,0.6651484370231628
429,0,CNV,0,1,0.7038341164588928
430,0,CNV,0,1,0.7706739902496338
431,0,CNV,0,1,0.6147000789642334
432,0,CNV,0,1,0.7296697497367859
433,0,CNV,0,1,0.8461835384368896
434,0,CNV,0,1,0.37062692642211914
435,0,CNV,0,1,0.5008484721183777
436,0,CNV,0,1,0.673129141330719
437,0,CNV,0,1,0.5648394227027893
438,0,CNV,0,1,0.48763078451156616
439,0,CNV,0,1,0.6109901070594788
440,0,CNV,0,1,0.6756714582443237
441,0,CNV,0,1,0.293536514043808
442,0,CNV,0,1,0.7809035778045654
443,0,CNV,0,1,0.3745799660682678
444,0,CNV,0,1,0.47654348611831665
445,0,CNV,0,1,0.4197847247123718
446,0,CNV,0,1,0.640394389629364
447,0,CNV,0,1,0.6833162307739258
448,0,CNV,0,1,0.4777224063873291
449,0,CNV,0,1,0.49737656116485596
450,0,CNV,0,1,0.5766988396644592
451,0,CNV,0,1,0.3172723352909088
452,0,CNV,0,1,0.6783709526062012
453,0,CNV,0,1,0.6212320923805237
454,0,CNV,0,1,0.5320531725883484
455,0,CNV,0,1,0.7268445491790771
456,0,CNV,0,1,0.5585780143737793
457,0,CNV,0,1,0.5477131605148315
458,0,CNV,0,1,0.6697595119476318
459,0,CNV,0,1,0.62031090259552
460,0,CNV,0,1,0.6273595094680786
461,0,CNV,0,1,0.6035712957382202
462,0,CNV,0,1,0.48863500356674194
463,0,CNV,0,1,0.7397813200950623
464,0,CNV,0,1,0.6506285071372986
465,0,CNV,0,1,0.41852888464927673
466,0,CNV,0,1,0.6852356791496277
467,0,CNV,0,1,0.673823893070221
468,0,CNV,0,1,0.5836554169654846
469,0,CNV,0,1,0.6634828448295593
470,0,CNV,3,0,0.011286275461316109
471,0,CNV,0,1,0.7447223663330078
472,0,CNV,0,1,0.5112022757530212
473,0,CNV,0,1,0.6493280529975891
474,0,CNV,0,1,0.788623571395874
475,0,CNV,0,1,0.5190600752830505
476,0,CNV,2,0,0.5861080884933472
477,0,CNV,0,1,0.5518805980682373
478,0,CNV,0,1,0.36296772956848145
479,0,CNV,0,1,0.5555253028869629
480,0,CNV,0,1,0.6750308275222778
481,0,CNV,0,1,0.676729142665863
482,0,CNV,0,1,0.7138490080833435
483,0,CNV,0,1,0.46624553203582764
484,0,CNV,0,1,0.3367791771888733
485,0,CNV,0,1,0.3760174512863159
486,0,CNV,0,1,0.7149347066879272
487,0,CNV,2,0,0.6722850203514099
488,0,CNV,0,1,0.2894383668899536
489,0,CNV,0,1,0.6315203309059143
490,0,CNV,0,1,0.22820517420768738
491,0,CNV,0,1,0.5045955777168274
492,0,CNV,0,1,0.6449004411697388
493,0,CNV,0,1,0.45098283886909485
494,0,CNV,0,1,0.6731469631195068
495,0,CNV,0,1,0.5706157684326172
496,0,CNV,0,1,0.7826475501060486
497,0,CNV,0,1,0.6781183481216431
498,0,CNV,0,1,0.6005845665931702
499,0,CNV,0,1,0.47024932503700256
500,0,CNV,0,1,0.49521008133888245
501,0,CNV,0,1,0.644156813621521
502,0,CNV,0,1,0.5974823236465454
503,0,CNV,0,1,0.6416848301887512
504,0,CNV,0,1,0.5711655020713806
505,0,CNV,0,1,0.7024010419845581
506,0,CNV,0,1,0.7517306804656982
507,0,CNV,0,1,0.6651968955993652
508,0,CNV,0,1,0.6526685357093811
509,0,CNV,0,1,0.6001434922218323
510,0,CNV,0,1,0.7296352982521057
511,0,CNV,0,1,0.8023873567581177
512,0,CNV,0,1,0.4742114245891571
513,0,CNV,0,1,0.26747697591781616
514,0,CNV,0,1,0.5065340399742126
515,0,CNV,0,1,0.2624761462211609
516,0,CNV,0,1,0.7451757192611694
517,0,CNV,0,1,0.6216824054718018
518,0,CNV,0,1,0.5750811100006104
519,0,CNV,0,1,0.551067054271698
520,0,CNV,0,1,0.6095412969589233
521,0,CNV,0,1,0.7233298420906067
522,0,CNV,0,1,0.7420896291732788
523,0,CNV,0,1,0.6086916923522949
524,0,CNV,0,1,0.23185816407203674
525,0,CNV,0,1,0.5333942174911499
526,0,CNV,0,1,0.3396793305873871
527,0,CNV,0,1,0.6209222674369812
528,0,CNV,0,1,0.3077109754085541
529,0,CNV,0,1,0.7602813839912415
530,0,CNV,0,1,0.681065022945404
531,0,CNV,0,1,0.30854764580726624
532,0,CNV,0,1,0.6528273224830627
533,0,CNV,0,1,0.5910661816596985
534,0,CNV,0,1,0.6861391067504883
535,0,CNV,0,1,0.1661168783903122
536,0,CNV,0,1,0.4395174980163574
537,0,CNV,0,1,0.7190545201301575
538,0,CNV,0,1,0.6707972288131714
539,0,CNV,0,1,0.5880470871925354
540,0,CNV,0,1,0.6298345327377319
541,0,CNV,0,1,0.5058905482292175
542,0,CNV,0,1,0.36228132247924805
543,0,CNV,0,1,0.46343284845352173
544,0,CNV,0,1,0.546454668045044
545,0,CNV,0,1,0.7245442271232605
546,0,CNV,0,1,0.5525961518287659
547,0,CNV,0,1,0.6852275133132935
548,0,CNV,0,1,0.6663182973861694
549,0,CNV,0,1,0.7088886499404907
550,0,CNV,0,1,0.5347049236297607
551,0,CNV,0,1,0.4861239492893219
552,0,CNV,0,1,0.7836235165596008
553,0,CNV,0,1,0.36797162890434265
554,0,CNV,0,1,0.5279222130775452
555,0,CNV,0,1,0.17738910019397736
556,0,CNV,0,1,0.59067302942276
557,0,CNV,0,1,0.5255330801010132
558,0,CNV,0,1,0.5983474850654602
559,0,CNV,0,1,0.5620383024215698
560,0,CNV,0,1,0.8146005868911743
561,0,CNV,0,1,0.6372177600860596
562,0,CNV,0,1,0.7423053979873657
563,0,CNV,0,1,0.40468868613243103
564,0,CNV,0,1,0.4676779806613922
565,0,CNV,0,1,0.648317813873291
566,0,CNV,0,1,0.5271360874176025
567,0,CNV,0,1,0.5720541477203369
568,0,CNV,0,1,0.5479598045349121
569,0,CNV,0,1,0.4893673360347748
570,0,CNV,1,0,0.6856584548950195
571,0,CNV,0,1,0.6452781558036804
572,0,CNV,0,1,0.503339409828186
573,0,CNV,0,1,0.5813090205192566
574,0,CNV,0,1,0.6229152679443359
575,0,CNV,0,1,0.6871247291564941
576,0,CNV,0,1,0.6215023398399353
577,0,CNV,0,1,0.42327508330345154
578,0,CNV,0,1,0.5749654769897461
579,0,CNV,0,1,0.539323091506958
580,0,CNV,0,1,0.5945749878883362
581,0,CNV,0,1,0.5282597541809082
582,0,CNV,0,1,0.7304524779319763
583,0,CNV,0,1,0.44927749037742615
584,0,CNV,0,1,0.5038468241691589
585,0,CNV,0,1,0.6476486921310425
586,0,CNV,0,1,0.6083857417106628
587,0,CNV,0,1,0.3628503382205963
588,0,CNV,0,1,0.5748087167739868
589,0,CNV,0,1,0.5000281929969788
590,0,CNV,0,1,0.6311824321746826
591,0,CNV,0,1,0.5886499285697937
592,0,CNV,0,1,0.45843225717544556
593,0,CNV,0,1,0.5376245975494385
594,0,CNV,0,1,0.6006179451942444
595,0,CNV,0,1,0.5077829957008362
596,0,CNV,2,0,0.6858504414558411
597,0,CNV,0,1,0.5285753011703491
598,0,CNV,0,1,0.29673174023628235
599,0,CNV,0,1,0.5629059076309204
600,0,CNV,0,1,0.6583750247955322
601,0,CNV,0,1,0.6339038610458374
602,0,CNV,0,1,0.7507379055023193
603,0,CNV,0,1,0.6847866177558899
604,0,CNV,0,1,0.703470766544342
605,0,CNV,0,1,0.6673666834831238
606,0,CNV,0,1,0.5277440547943115
607,0,CNV,0,1,0.4580599367618561
608,0,CNV,0,1,0.5882933735847473
609,0,CNV,0,1,0.5408774614334106
610,0,CNV,0,1,0.5647755265235901
611,0,CNV,0,1,0.6342431306838989
612,0,CNV,0,1,0.395031213760376
613,0,CNV,0,1,0.4441528916358948
614,0,CNV,0,1,0.6417202353477478
615,0,CNV,0,1,0.5136581063270569
616,0,CNV,0,1,0.362895667552948
617,0,CNV,0,1,0.625248908996582
618,0,CNV,0,1,0.5741025805473328
619,0,CNV,0,1,0.66374272108078
620,0,CNV,0,1,0.6785528659820557
621,0,CNV,0,1,0.6583026051521301
622,0,CNV,0,1,0.7208005785942078
623,0,CNV,0,1,0.1655348837375641
624,0,CNV,0,1,0.6202590465545654
625,0,CNV,0,1,0.7054394483566284
626,0,CNV,0,1,0.6263640522956848
627,0,CNV,0,1,0.700588047504425
628,0,CNV,0,1,0.7042495608329773
629,0,CNV,0,1,0.3620244264602661
630,0,CNV,0,1,0.6911824345588684
631,0,CNV,0,1,0.5937729477882385
632,0,CNV,0,1,0.5926343202590942
633,0,CNV,0,1,0.4990321397781372
634,0,CNV,0,1,0.5880487561225891
635,0,CNV,0,1,0.8143628239631653
636,0,CNV,0,1,0.6270037889480591
637,0,CNV,0,1,0.6603965759277344
638,0,CNV,0,1,0.5289283990859985
639,0,CNV,0,1,0.2807810604572296
640,0,CNV,0,1,0.5270676016807556
641,0,CNV,0,1,0.7963736057281494
642,0,CNV,0,1,0.6861520409584045
643,0,CNV,0,1,0.6513071656227112
644,0,CNV,0,1,0.5013008117675781
645,0,CNV,0,1,0.5949289798736572
646,0,CNV,0,1,0.7844330072402954
647,0,CNV,0,1,0.6861391067504883
648,0,CNV,0,1,0.1911569982767105
649,0,CNV,0,1,0.5911217331886292
650,0,CNV,0,1,0.5916107892990112
651,0,CNV,0,1,0.6456279754638672
652,0,CNV,0,1,0.588527262210846
653,0,CNV,0,1,0.5554443597793579
654,0,CNV,0,1,0.5657890439033508
655,0,CNV,0,1,0.5596250891685486
656,0,CNV,0,1,0.7363147735595703
657,0,CNV,0,1,0.508124828338623
658,0,CNV,0,1,0.8212051391601562
659,0,CNV,0,1,0.5712372660636902
660,0,CNV,0,1,0.5519553422927856
661,0,CNV,0,1,0.6907642483711243
662,0,CNV,0,1,0.7768874168395996
663,0,CNV,1,0,0.49072548747062683
664,0,CNV,0,1,0.7153300046920776
665,0,CNV,0,1,0.5871822237968445
666,0,CNV,0,1,0.6068323254585266
667,0,CNV,0,1,0.6269865036010742
668,0,CNV,0,1,0.5848917961120605
669,0,CNV,0,1,0.7072581648826599
670,0,CNV,0,1,0.4468134939670563
671,0,CNV,0,1,0.534001350402832
672,0,CNV,0,1,0.5413755774497986
673,0,CNV,0,1,0.4607158899307251
674,0,CNV,0,1,0.4756257236003876
675,0,CNV,0,1,0.6868024468421936
676,0,CNV,0,1,0.4063447117805481
677,0,CNV,0,1,0.5470603108406067
678,0,CNV,0,1,0.6359624862670898
679,0,CNV,0,1,0.6676037907600403
680,0,CNV,0,1,0.6263978481292725
681,0,CNV,0,1,0.5288191437721252
682,0,CNV,0,1,0.4629869759082794
683,0,CNV,0,1,0.604549765586853
684,0,CNV,0,1,0.6068207621574402
685,0,CNV,0,1,0.7217814922332764
686,0,CNV,0,1,0.49260956048965454
687,0,CNV,0,1,0.4606744349002838
688,0,CNV,0,1,0.2331584095954895
689,0,CNV,0,1,0.6400017738342285
690,0,CNV,0,1,0.5798220634460449
691,0,CNV,0,1,0.5412361025810242
692,0,CNV,0,1,0.36629635095596313
693,0,CNV,0,1,0.5847929120063782
694,0,CNV,0,1,0.19419686496257782
695,0,CNV,2,0,0.5311049818992615
696,0,CNV,0,1,0.7521028518676758
697,0,CNV,0,1,0.49353504180908203
698,0,CNV,0,1,0.4550861418247223
699,0,CNV,0,1,0.41909581422805786
700,0,CNV,0,1,0.6221711039543152
701,0,CNV,0,1,0.6517671346664429
702,0,CNV,0,1,0.5603291392326355
703,0,CNV,0,1,0.6382303237915039
704,0,CNV,0,1,0.547856330871582
705,0,CNV,0,1,0.7234753966331482
706,0,CNV,0,1,0.8349193334579468
707,0,CNV,0,1,0.5009850263595581
708,0,CNV,0,1,0.5497427582740784
709,0,CNV,0,1,0.7211335897445679
710,0,CNV,0,1,0.36790746450424194
711,0,CNV,0,1,0.6239262223243713
712,0,CNV,0,1,0.6304042935371399
713,0,CNV,0,1,0.6366514563560486
714,0,CNV,0,1,0.5192087888717651
715,0,CNV,0,1,0.49697059392929077
716,0,CNV,0,1,0.6777389049530029
717,0,CNV,0,1,0.5549991130828857
718,0,CNV,0,1,0.6701259613037109
719,0,CNV,0,1,0.3617963194847107
720,0,CNV,0,1,0.5155172944068909
721,0,CNV,0,1,0.6355088949203491
722,0,CNV,0,1,0.3330843448638916
723,0,CNV,0,1,0.5069584250450134
724,0,CNV,0,1,0.5528383851051331
725,0,CNV,0,1,0.7410653829574585
726,0,CNV,0,1,0.43937239050865173
727,0,CNV,0,1,0.4997299313545227
728,0,CNV,0,1,0.4820951223373413
729,0,CNV,0,1,0.5920608043670654
730,0,CNV,0,1,0.7473899722099304
731,0,CNV,0,1,0.477670282125473
732,0,CNV,0,1,0.7198159098625183
733,0,CNV,0,1,0.4380542039871216
734,0,CNV,0,1,0.14519505202770233
735,0,CNV,0,1,0.7088399529457092
736,0,CNV,0,1,0.6403400301933289
737,0,CNV,0,1,0.6891961097717285
738,0,CNV,0,1,0.818559467792511
739,0,CNV,0,1,0.758287787437439
740,0,CNV,0,1,0.5842525362968445
741,0,CNV,0,1,0.5055357217788696
742,0,CNV,0,1,0.5876681208610535
743,0,CNV,0,1,0.5451671481132507
744,0,CNV,0,1,0.6157591342926025
745,0,CNV,0,1,0.5021747350692749
746,0,CNV,0,1,0.6174137592315674
747,0,CNV,2,0,0.6063168048858643
748,0,CNV,0,1,0.5441938638687134
749,0,CNV,0,1,0.544564425945282
750,0,CNV,0,1,0.6945754885673523
751,0,CNV,0,1,0.48277732729911804
752,0,CNV,0,1,0.3601346015930176
753,0,CNV,0,1,0.45415034890174866
754,0,CNV,0,1,0.6841634511947632
755,0,CNV,0,1,0.588876485824585
756,0,CNV,0,1,0.38554075360298157
757,0,CNV,0,1,0.6468554139137268
758,0,CNV,0,1,0.6415996551513672
759,0,CNV,0,1,0.5657917261123657
760,0,CNV,0,1,0.5495940446853638
761,0,CNV,0,1,0.7174381613731384
762,0,CNV,0,1,0.6056852340698242
763,0,CNV,2,0,0.690727710723877
764,0,CNV,0,1,0.6328256726264954
765,0,CNV,0,1,0.6812013387680054
766,0,CNV,0,1,0.5107980966567993
767,0,CNV,0,1,0.6857595443725586
768,0,CNV,0,1,0.39198097586631775
769,0,CNV,0,1,0.5046929121017456
770,0,CNV,0,1,0.5332465767860413
771,0,CNV,0,1,0.4835476875305176
772,0,CNV,1,0,0.17722003161907196
773,0,CNV,0,1,0.6118261218070984
774,0,CNV,0,1,0.6993739008903503
775,0,CNV,0,1,0.48881739377975464
776,0,CNV,0,1,0.6413296461105347
777,0,CNV,1,0,0.48262476921081543
778,0,CNV,2,0,0.6170077323913574
779,0,CNV,0,1,0.7667309641838074
780,0,CNV,0,1,0.6474665999412537
781,0,CNV,0,1,0.6338667869567871
782,0,CNV,0,1,0.20320340991020203
783,0,CNV,0,1,0.47075507044792175
784,0,CNV,0,1,0.6536465287208557
785,0,CNV,0,1,0.19534827768802643
786,0,CNV,0,1,0.5714282989501953
787,0,CNV,0,1,0.5223459601402283
788,0,CNV,0,1,0.5315872430801392
789,0,CNV,0,1,0.6046169996261597
790,0,CNV,0,1,0.4855083227157593
791,0,CNV,0,1,0.5007445216178894
792,0,CNV,0,1,0.5330796837806702
793,0,CNV,0,1,0.7343891263008118
794,0,CNV,0,1,0.2642819285392761
795,0,CNV,0,1,0.6330792903900146
796,0,CNV,0,1,0.6702190041542053
797,0,CNV,0,1,0.6805222630500793
798,0,CNV,0,1,0.66374272108078
799,0,CNV,0,1,0.7399445176124573
800,0,CNV,0,1,0.5449709296226501
801,0,CNV,0,1,0.449171781539917
802,0,CNV,0,1,0.7244096994400024
803,0,CNV,0,1,0.2771915793418884
804,0,CNV,0,1,0.5889428853988647
805,0,CNV,0,1,0.5155853033065796
806,0,CNV,0,1,0.7512246966362
807,0,CNV,0,1,0.5580598711967468
808,0,CNV,0,1,0.6321953535079956
809,0,CNV,0,1,0.13001225888729095
810,0,CNV,0,1,0.584050714969635
811,0,CNV,0,1,0.5168852806091309
812,0,CNV,0,1,0.6448195576667786
813,0,CNV,0,1,0.7169840335845947
814,0,CNV,0,1,0.7351354360580444
815,0,CNV,0,1,0.4918252229690552
816,0,CNV,0,1,0.6094599366188049
817,0,CNV,0,1,0.7829620242118835
818,0,CNV,0,1,0.3102947473526001
819,0,CNV,0,1,0.8181185126304626
820,0,CNV,0,1,0.6274089217185974
821,0,CNV,0,1,0.6010851860046387
822,0,CNV,0,1,0.5610334277153015
823,0,CNV,0,1,0.7220211029052734
824,0,CNV,0,1,0.6245924234390259
825,0,CNV,0,1,0.5526938438415527
826,0,CNV,0,1,0.5016065835952759
827,0,CNV,0,1,0.4732223451137543
828,0,CNV,0,1,0.4904794692993164
829,0,CNV,0,1,0.6719610691070557
830,0,CNV,0,1,0.5392736196517944
831,0,CNV,0,1,0.5898448824882507
832,0,CNV,0,1,0.3342231512069702
833,0,CNV,0,1,0.2355017364025116
834,0,CNV,0,1,0.6235136985778809
835,0,CNV,0,1,0.7635717988014221
836,0,CNV,0,1,0.5762254595756531
837,0,CNV,0,1,0.5642858743667603
838,0,CNV,0,1,0.47226494550704956
839,0,CNV,0,1,0.5800310969352722
840,0,CNV,0,1,0.6113057732582092
841,0,CNV,0,1,0.5957586765289307
842,0,CNV,0,1,0.6627022624015808
843,0,CNV,0,1,0.43704766035079956
844,0,CNV,0,1,0.5228670239448547
845,0,CNV,0,1,0.6321169137954712
846,0,CNV,0,1,0.7404034733772278
847,0,CNV,0,1,0.6309336423873901
848,0,CNV,0,1,0.6611763834953308
849,0,CNV,0,1,0.7828493118286133
850,0,CNV,0,1,0.42498162388801575
851,0,CNV,0,1,0.7665403485298157
852,0,CNV,0,1,0.7191778421401978
853,0,CNV,0,1,0.5893752574920654
854,0,CNV,0,1,0.27206236124038696
855,0,CNV,0,1,0.5032626986503601
856,0,CNV,0,1,0.48906415700912476
857,0,CNV,0,1,0.6784240007400513
858,0,CNV,0,1,0.625602662563324
859,0,CNV,0,1,0.7416033744812012
860,0,CNV,0,1,0.5770015716552734
861,0,CNV,0,1,0.6582176089286804
862,0,CNV,0,1,0.6776652932167053
863,0,CNV,0,1,0.524772047996521
864,0,CNV,0,1,0.7312904000282288
865,0,CNV,0,1,0.3213501572608948
866,0,CNV,0,1,0.5947445034980774
867,0,CNV,0,1,0.4356626570224762
868,0,CNV,0,1,0.2768585681915283
869,0,CNV,0,1,0.7186053991317749
870,0,CNV,0,1,0.6971595883369446
871,0,CNV,0,1,0.2862791419029236
872,0,CNV,0,1,0.5377612709999084
873,0,CNV,0,1,0.5548726320266724
874,0,CNV,0,1,0.6841491460800171
875,0,CNV,0,1,0.6990867257118225
876,0,CNV,2,0,0.6049001216888428
877,0,CNV,0,1,0.5397438406944275
878,0,CNV,0,1,0.6117411851882935
879,0,CNV,0,1,0.5050825476646423
880,0,CNV,0,1,0.561779260635376
881,0,CNV,0,1,0.5872884392738342
882,0,CNV,0,1,0.4696325957775116
883,0,CNV,0,1,0.5533878207206726
884,0,CNV,0,1,0.17080742120742798
885,0,CNV,0,1,0.5104645490646362
886,0,CNV,0,1,0.6923234462738037
887,0,CNV,0,1,0.6809258460998535
888,0,CNV,0,1,0.5770146250724792
889,0,CNV,0,1,0.6143601536750793
890,0,CNV,0,1,0.5850847363471985
891,0,CNV,0,1,0.5531545281410217
892,0,CNV,0,1,0.5277339816093445
893,0,CNV,0,1,0.3350260257720947
894,0,CNV,0,1,0.39755621552467346
895,0,CNV,0,1,0.7930817008018494
896,0,CNV,0,1,0.804618239402771
897,0,CNV,0,1,0.4398294687271118
898,0,CNV,0,1,0.5169751644134521
899,0,CNV,0,1,0.5563858151435852
900,0,CNV,0,1,0.6828400492668152
901,0,CNV,0,1,0.5528262853622437
902,0,CNV,0,1,0.5968142747879028
903,0,CNV,0,1,0.7804026007652283
904,0,CNV,0,1,0.3507043719291687
905,0,CNV,0,1,0.7347610592842102
906,0,CNV,0,1,0.40613529086112976
907,0,CNV,0,1,0.6118399500846863
908,0,CNV,0,1,0.5764390826225281
909,0,CNV,0,1,0.4391389489173889
910,0,CNV,0,1,0.5804811120033264
911,0,CNV,0,1,0.5448973178863525
912,0,CNV,0,1,0.5476557612419128
913,0,CNV,0,1,0.1147034540772438
914,0,CNV,0,1,0.7787632346153259
915,0,CNV,0,1,0.6720671057701111
916,0,CNV,0,1,0.6463920474052429
917,0,CNV,0,1,0.5009863376617432
918,0,CNV,0,1,0.7519069910049438
919,0,CNV,0,1,0.5644931793212891
920,0,CNV,0,1,0.6929004788398743
921,0,CNV,0,1,0.5390823483467102
922,0,CNV,0,1,0.5239819884300232
923,0,CNV,0,1,0.6850611567497253
924,0,CNV,0,1,0.5647168755531311
925,0,CNV,0,1,0.5971200466156006
926,0,CNV,2,0,0.6304821372032166
927,0,CNV,0,1,0.5869319438934326
928,0,CNV,0,1,0.6048299670219421
929,0,CNV,0,1,0.6769294738769531
930,0,CNV,0,1,0.6588490605354309
931,0,CNV,0,1,0.6319603323936462
932,0,CNV,0,1,0.6743324398994446
933,0,CNV,0,1,0.5756193399429321
934,0,CNV,0,1,0.5877138376235962
935,0,CNV,0,1,0.524935245513916
936,0,CNV,0,1,0.6557209491729736
937,0,CNV,0,1,0.24967274069786072
938,0,CNV,0,1,0.555696427822113
939,0,CNV,0,1,0.5361429452896118
940,0,CNV,0,1,0.7247093319892883
941,0,CNV,0,1,0.596144437789917
942,0,CNV,0,1,0.5664985179901123
943,0,CNV,0,1,0.5951159596443176
944,0,CNV,0,1,0.7851656079292297
945,0,CNV,0,1,0.7297418713569641
946,0,CNV,0,1,0.6546441912651062
947,0,CNV,0,1,0.5966672301292419
948,0,CNV,0,1,0.6837905049324036
949,0,CNV,0,1,0.557750940322876
950,0,CNV,0,1,0.46013498306274414
951,0,CNV,0,1,0.7313064932823181
952,0,CNV,0,1,0.6200610399246216
953,0,CNV,0,1,0.653071939945221
954,0,CNV,0,1,0.7103093266487122
955,0,CNV,0,1,0.529124915599823
956,0,CNV,0,1,0.4930810332298279
957,0,CNV,0,1,0.581529438495636
958,0,CNV,0,1,0.6081914305686951
959,0,CNV,0,1,0.4620968699455261
960,0,CNV,0,1,0.6807637214660645
961,0,CNV,0,1,0.5058661699295044
962,0,CNV,0,1,0.7417793869972229
963,0,CNV,0,1,0.5571476221084595
964,0,CNV,0,1,0.7086923122406006
965,0,CNV,0,1,0.8028251528739929
966,0,CNV,0,1,0.6693539619445801
967,0,CNV,0,1,0.5801762342453003
968,0,CNV,0,1,0.44238775968551636
969,0,CNV,0,1,0.5521822571754456
970,0,CNV,2,0,0.6295066475868225
971,0,CNV,0,1,0.6571580171585083
972,0,CNV,0,1,0.4540737569332123
973,0,CNV,0,1,0.5977362394332886
974,0,CNV,0,1,0.15541252493858337
975,0,CNV,0,1,0.6627144813537598
976,0,CNV,0,1,0.6369526386260986
977,0,CNV,0,1,0.3823651671409607
978,0,CNV,0,1,0.6840777397155762
979,0,CNV,0,1,0.7205149531364441
980,0,CNV,0,1,0.7057514786720276
981,0,CNV,0,1,0.23377367854118347
982,0,CNV,0,1,0.6861227750778198
983,0,CNV,0,1,0.487333744764328
984,0,CNV,0,1,0.6455681920051575
985,0,CNV,0,1,0.6629468202590942
986,0,CNV,0,1,0.3899523913860321
987,0,CNV,0,1,0.38022616505622864
988,0,CNV,0,1,0.541725218296051
989,0,CNV,0,1,0.6514009833335876
990,0,CNV,0,1,0.47837984561920166
991,0,CNV,0,1,0.7197596430778503
992,0,CNV,0,1,0.7758440971374512
993,0,CNV,0,1,0.7032545804977417
994,0,CNV,0,1,0.5958472490310669
995,0,CNV,0,1,0.776910126209259
996,0,CNV,0,1,0.6908838152885437
997,0,CNV,0,1,0.6122018098831177
998,0,CNV,0,1,0.648408830165863
999,0,CNV,0,1,0.6016399264335632
1000,0,CNV,0,1,0.500867486000061
1001,0,CNV,0,1,0.6570592522621155
1002,0,CNV,0,1,0.4346603453159332
1003,0,CNV,0,1,0.5364648103713989
1004,0,CNV,0,1,0.5856522917747498
1005,0,CNV,0,1,0.5696976184844971
1006,0,CNV,0,1,0.4426588714122772
1007,0,CNV,0,1,0.6290192008018494
1008,0,CNV,0,1,0.6242991089820862
1009,0,CNV,0,1,0.38258641958236694
1010,0,CNV,0,1,0.3122498691082001
1011,0,CNV,2,0,0.1788821965456009
1012,0,CNV,0,1,0.612526535987854
1013,0,CNV,0,1,0.5489328503608704
1014,0,CNV,0,1,0.5015189051628113
1015,0,CNV,0,1,0.701370894908905
1016,0,CNV,0,1,0.7342734336853027
1017,0,CNV,0,1,0.544409990310669
1018,0,CNV,0,1,0.6191986799240112
1019,0,CNV,0,1,0.6449512243270874
1020,0,CNV,0,1,0.46021389961242676
1021,0,CNV,0,1,0.42015203833580017
1022,0,CNV,0,1,0.6689647436141968
1023,0,CNV,0,1,0.4073665142059326
1024,0,CNV,0,1,0.6483716368675232
1025,0,CNV,0,1,0.6015529632568359
1026,0,CNV,0,1,0.5584374070167542
1027,0,CNV,0,1,0.5983650088310242
1028,0,CNV,0,1,0.6594669818878174
1029,0,CNV,0,1,0.4788230061531067
1030,0,CNV,0,1,0.31035128235816956
1031,0,CNV,0,1,0.3645689785480499
1032,0,CNV,0,1,0.544701337814331
1033,0,CNV,0,1,0.7184150218963623
1034,0,CNV,0,1,0.4870583713054657
1035,0,CNV,0,1,0.520685613155365
1036,0,CNV,0,1,0.6837875843048096
1037,0,CNV,0,1,0.5539677143096924
1038,0,CNV,2,0,0.7947256565093994
1039,0,CNV,0,1,0.6106586456298828
1040,0,CNV,0,1,0.5603386759757996
1041,0,CNV,0,1,0.5092362761497498
1042,0,CNV,0,1,0.5558105111122131
1043,0,CNV,0,1,0.6378340721130371
1044,0,CNV,0,1,0.40867048501968384
1045,0,CNV,0,1,0.46445432305336
1046,0,CNV,0,1,0.7128928303718567
1047,0,CNV,0,1,0.7264165878295898
1048,0,CNV,0,1,0.5654163360595703
1049,0,CNV,0,1,0.5670353174209595
1050,0,CNV,0,1,0.6663069725036621
1051,0,CNV,0,1,0.7343233227729797
1052,0,CNV,0,1,0.595012366771698
1053,0,CNV,0,1,0.5013753771781921
1054,0,CNV,0,1,0.654181957244873
1055,0,CNV,0,1,0.4929228723049164
1056,0,CNV,0,1,0.7893790006637573
1057,0,CNV,0,1,0.6882789731025696
1058,0,CNV,0,1,0.6633176803588867
1059,0,CNV,0,1,0.5696779489517212
1060,0,CNV,0,1,0.6141429543495178
1061,0,CNV,0,1,0.6793745160102844
1062,0,CNV,0,1,0.5920949578285217
1063,0,CNV,0,1,0.6826731562614441
1064,0,CNV,0,1,0.6434100866317749
1065,0,CNV,0,1,0.6534802317619324
1066,0,CNV,0,1,0.5624250173568726
1067,0,CNV,0,1,0.4349963665008545
1068,0,CNV,0,1,0.4916163384914398
1069,0,CNV,0,1,0.4026257395744324
1070,0,CNV,0,1,0.5222040414810181
1071,0,CNV,0,1,0.5747453570365906
1072,0,CNV,0,1,0.5811406970024109
1073,0,CNV,0,1,0.23843540251255035
1074,0,CNV,0,1,0.7233178615570068
1075,0,CNV,0,1,0.3750236928462982
1076,0,CNV,0,1,0.5733539462089539
1077,0,CNV,0,1,0.64717698097229
1078,0,CNV,0,1,0.6120944023132324
1079,0,CNV,2,0,0.4819146394729614
1080,0,CNV,0,1,0.7036008238792419
1081,0,CNV,0,1,0.22790192067623138
1082,0,CNV,0,1,0.7263513207435608
1083,0,CNV,0,1,0.3878730237483978
1084,0,CNV,0,1,0.47458064556121826
1085,0,CNV,0,1,0.6449247002601624
1086,0,CNV,0,1,0.6995115876197815
1087,0,CNV,0,1,0.650834858417511
1088,0,CNV,0,1,0.6598409414291382
1089,0,CNV,0,1,0.6429936289787292
1090,0,CNV,0,1,0.7170196175575256
1091,0,CNV,0,1,0.7574909329414368
1092,0,CNV,0,1,0.6629502773284912
1093,0,CNV,0,1,0.4232385754585266
1094,0,CNV,0,1,0.7099423408508301
1095,0,CNV,0,1,0.5156701803207397
1096,0,CNV,0,1,0.4246976375579834
1097,0,CNV,0,1,0.623134970664978
1098,0,CNV,0,1,0.6905263066291809
1099,0,CNV,0,1,0.649954080581665
1100,0,CNV,0,1,0.5380240082740784
1101,0,CNV,0,1,0.5775798559188843
1102,0,CNV,0,1,0.6380165219306946
1103,0,CNV,0,1,0.36973220109939575
1104,0,CNV,0,1,0.5951159596443176
1105,0,CNV,0,1,0.7548335194587708
1106,0,CNV,0,1,0.7951509952545166
1107,0,CNV,0,1,0.27605125308036804
1108,0,CNV,0,1,0.6088518500328064
1109,0,CNV,0,1,0.45555755496025085
1110,0,CNV,0,1,0.6851238012313843
1111,0,CNV,0,1,0.2404949814081192
1112,0,CNV,2,0,0.5466227531433105
1113,0,CNV,0,1,0.49728208780288696
1114,0,CNV,0,1,0.5620676875114441
1115,0,CNV,0,1,0.5669743418693542
1116,0,CNV,0,1,0.5271728038787842
1117,0,CNV,0,1,0.5433500409126282
1118,0,CNV,0,1,0.4484417140483856
1119,0,CNV,0,1,0.3620252013206482
1120,0,CNV,0,1,0.6916260123252869
1121,0,CNV,0,1,0.5275323390960693
1122,0,CNV,0,1,0.24770782887935638
1123,0,CNV,0,1,0.6757297515869141
1124,0,CNV,0,1,0.7134776711463928
1125,0,CNV,0,1,0.47083038091659546
1126,0,CNV,0,1,0.5181830525398254
1127,0,CNV,0,1,0.2602120637893677
1128,0,CNV,0,1,0.6018957495689392
1129,0,CNV,0,1,0.46128708124160767
1130,0,CNV,0,1,0.6917576789855957
1131,0,CNV,0,1,0.5792152881622314
1132,0,CNV,0,1,0.3081762492656708
1133,0,CNV,0,1,0.6661940217018127
1134,0,CNV,0,1,0.6210094094276428
1135,0,CNV,0,1,0.49406492710113525
1136,0,CNV,0,1,0.654486358165741
1137,0,CNV,0,1,0.7365391850471497
1138,0,CNV,0,1,0.4803532361984253
1139,0,CNV,1,0,0.19808603823184967
1140,0,CNV,0,1,0.7301192283630371
1141,0,CNV,0,1,0.620393693447113
1142,0,CNV,0,1,0.44050225615501404
1143,0,CNV,0,1,0.6465757489204407
1144,0,CNV,0,1,0.6456034779548645
1145,0,CNV,0,1,0.7109431028366089
1146,0,CNV,0,1,0.7300413250923157
1147,0,CNV,0,1,0.587202250957489
1148,0,CNV,0,1,0.5557020306587219
1149,0,CNV,0,1,0.5329950451850891
1150,0,CNV,0,1,0.5986514091491699
1151,0,CNV,0,1,0.6155134439468384
1152,0,CNV,0,1,0.5432181358337402
1153,0,CNV,0,1,0.24431589245796204
1154,0,CNV,0,1,0.5309135317802429
1155,0,CNV,0,1,0.6935040354728699
1156,0,CNV,0,1,0.6692419052124023
1157,0,CNV,0,1,0.7581724524497986
1158,0,CNV,0,1,0.7079347968101501
1159,0,CNV,0,1,0.6939586400985718
1160,0,CNV,0,1,0.7238571047782898
1161,0,CNV,0,1,0.7095577716827393
1162,0,CNV,0,1,0.7271840572357178
1163,0,CNV,0,1,0.5363122820854187
1164,0,CNV,0,1,0.7305890321731567
1165,0,CNV,0,1,0.5957256555557251
1166,0,CNV,0,1,0.42101553082466125
1167,0,CNV,0,1,0.5401570200920105
1168,0,CNV,0,1,0.6810945868492126
1169,0,CNV,0,1,0.6969440579414368
1170,0,CNV,1,0,0.3827304244041443
1171,0,CNV,0,1,0.6605090498924255
1172,0,CNV,0,1,0.5276500582695007
1173,0,CNV,0,1,0.7199111580848694
1174,0,CNV,0,1,0.563428521156311
1175,0,CNV,0,1,0.5482398271560669
1176,0,CNV,0,1,0.7221159338951111
1177,0,CNV,0,1,0.3450949192047119
1178,0,CNV,0,1,0.8192481994628906
1179,0,CNV,0,1,0.6938649415969849
1180,0,CNV,0,1,0.6669419407844543
1181,0,CNV,0,1,0.7531580328941345
1182,0,CNV,0,1,0.7499228715896606
1183,0,CNV,0,1,0.6359151005744934
1184,0,CNV,0,1,0.631867527961731
1185,0,CNV,0,1,0.7738019227981567
1186,0,CNV,0,1,0.5175585150718689
1187,0,CNV,0,1,0.5385270714759827
1188,0,CNV,0,1,0.20011158287525177
1189,0,CNV,0,1,0.7127231955528259
1190,0,CNV,0,1,0.5323848128318787
1191,0,CNV,0,1,0.4118633270263672
1192,0,CNV,0,1,0.48891618847846985
1193,0,CNV,0,1,0.5950716733932495
1194,0,CNV,0,1,0.5423790216445923
1195,0,CNV,0,1,0.5264491438865662
1196,0,CNV,0,1,0.6322875022888184
1197,0,CNV,0,1,0.5280871391296387
1198,0,CNV,0,1,0.629541277885437
1199,0,CNV,0,1,0.3632669448852539
1200,0,CNV,0,1,0.3022318184375763
1201,0,CNV,0,1,0.7277741432189941
1202,0,CNV,0,1,0.5313912034034729
1203,0,CNV,0,1,0.6004714369773865
1204,0,CNV,0,1,0.5504469871520996
1205,0,CNV,0,1,0.6347240805625916
1206,0,CNV,0,1,0.4649631679058075
1207,0,CNV,0,1,0.4849492609500885
1208,0,CNV,1,0,0.6368998289108276
1209,0,CNV,0,1,0.40056151151657104
1210,0,CNV,0,1,0.6467897295951843
1211,0,CNV,0,1,0.6059799194335938
1212,0,CNV,0,1,0.5992782711982727
1213,0,CNV,0,1,0.2906746566295624
1214,0,CNV,0,1,0.6369359493255615
1215,0,CNV,0,1,0.6150849461555481
1216,0,CNV,0,1,0.5316954255104065
1217,0,CNV,0,1,0.32159224152565
1218,0,CNV,0,1,0.619810163974762
1219,0,CNV,0,1,0.5698118209838867
1220,0,CNV,0,1,0.4513266682624817
1221,0,CNV,0,1,0.4059365689754486
1222,0,CNV,0,1,0.610345721244812
1223,0,CNV,0,1,0.6741385459899902
1224,0,CNV,0,1,0.6457616686820984
1225,0,CNV,0,1,0.6074965596199036
1226,0,CNV,0,1,0.6124283671379089
1227,0,CNV,0,1,0.7607834935188293
1228,0,CNV,0,1,0.8207437992095947
1229,0,CNV,0,1,0.6286242604255676
1230,0,CNV,0,1,0.4872646927833557
1231,0,CNV,0,1,0.7546854019165039
1232,0,CNV,0,1,0.22306941449642181
1233,0,CNV,0,1,0.5722474455833435
1234,0,CNV,0,1,0.644124448299408
1235,0,CNV,0,1,0.6137680411338806
1236,0,CNV,0,1,0.48457199335098267
1237,0,CNV,0,1,0.5392742156982422
1238,0,CNV,0,1,0.6581768989562988
1239,0,CNV,0,1,0.5322224497795105
1240,0,CNV,0,1,0.7545357942581177
1241,0,CNV,0,1,0.5923296213150024
1242,0,CNV,0,1,0.6367933750152588
1243,0,CNV,0,1,0.4639107584953308
1244,0,CNV,0,1,0.360556960105896
1245,0,CNV,0,1,0.5141635537147522
1246,0,CNV,0,1,0.7160618305206299
1247,0,CNV,0,1,0.24920205771923065
1248,0,CNV,0,1,0.5808622241020203
1249,0,CNV,0,1,0.6466215252876282
1250,0,CNV,0,1,0.5242908000946045
1251,0,CNV,0,1,0.6074594259262085
1252,0,CNV,0,1,0.5733378529548645
1253,0,CNV,0,1,0.3895566761493683
1254,0,CNV,0,1,0.6299201250076294
1255,0,CNV,0,1,0.5420694947242737
1256,0,CNV,0,1,0.7175533175468445
1257,0,CNV,0,1,0.5016350746154785
1258,0,CNV,0,1,0.6468974947929382
1259,0,CNV,0,1,0.3810194432735443
1260,0,CNV,0,1,0.6296024918556213
1261,0,CNV,0,1,0.7039832472801208
1262,0,CNV,0,1,0.6207825541496277
1263,0,CNV,0,1,0.5714974999427795
1264,0,CNV,0,1,0.6971598267555237
1265,0,CNV,0,1,0.5832739472389221
1266,0,CNV,0,1,0.417906790971756
1267,0,CNV,0,1,0.5140262246131897
1268,0,CNV,0,1,0.471463680267334
1269,0,CNV,0,1,0.3841639757156372
1270,0,CNV,0,1,0.5127204656600952
1271,0,CNV,0,1,0.6248255968093872
1272,0,CNV,0,1,0.5306676030158997
1273,0,CNV,0,1,0.5696184635162354
1274,0,CNV,0,1,0.7334662675857544
1275,0,CNV,0,1,0.6503006815910339
1276,0,CNV,0,1,0.6153954863548279
1277,0,CNV,0,1,0.13546410202980042
1278,0,CNV,0,1,0.6198387145996094
1279,0,CNV,0,1,0.6612836122512817
1280,0,CNV,0,1,0.4508683979511261
1281,0,CNV,0,1,0.5666176676750183
1282,0,CNV,0,1,0.3617649972438812
1283,0,CNV,0,1,0.4215618968009949
1284,0,CNV,0,1,0.505325198173523
1285,0,CNV,0,1,0.29177334904670715
1286,0,CNV,0,1,0.6972575187683105
1287,0,CNV,0,1,0.6984413266181946
1288,0,CNV,0,1,0.6148683428764343
1289,0,CNV,0,1,0.6432785987854004
1290,0,CNV,2,0,0.6298739314079285
1291,0,CNV,0,1,0.7957773804664612
1292,0,CNV,0,1,0.5953369736671448
1293,0,CNV,0,1,0.5812338590621948
1294,0,CNV,0,1,0.5624392032623291
1295,0,CNV,0,1,0.723027765750885
1296,0,CNV,0,1,0.5207394361495972
1297,0,CNV,0,1,0.6680107712745667
1298,0,CNV,0,1,0.5829849243164062
1299,0,CNV,0,1,0.6147304177284241
1300,0,CNV,0,1,0.1831909418106079
1301,0,CNV,0,1,0.6916004419326782
1302,0,CNV,0,1,0.37850773334503174
1303,0,CNV,0,1,0.22333143651485443
1304,0,CNV,0,1,0.12768763303756714
1305,0,CNV,0,1,0.5887945294380188
1306,0,CNV,0,1,0.6020160913467407
1307,0,CNV,0,1,0.7406936883926392
1308,0,CNV,0,1,0.6655980944633484
1309,0,CNV,0,1,0.4053264856338501
1310,0,CNV,0,1,0.5549008250236511
1311,0,CNV,0,1,0.6133414506912231
1312,0,CNV,0,1,0.44227319955825806
1313,0,CNV,0,1,0.6287382245063782
1314,0,CNV,0,1,0.6282715201377869
1315,0,CNV,0,1,0.6637370586395264
1316,0,CNV,0,1,0.6386461853981018
1317,0,CNV,0,1,0.5213465094566345
1318,0,CNV,0,1,0.6419309377670288
1319,0,CNV,0,1,0.7380975484848022
1320,0,CNV,0,1,0.3204570710659027
1321,0,CNV,0,1,0.6835895776748657
1322,0,CNV,0,1,0.3143669664859772
1323,0,CNV,0,1,0.13734881579875946
1324,0,CNV,0,1,0.5499180555343628
1325,0,CNV,0,1,0.7160090208053589
1326,0,CNV,0,1,0.25986480712890625
1327,0,CNV,0,1,0.5922818183898926
1328,0,CNV,0,1,0.5741857290267944
1329,0,CNV,0,1,0.5666243433952332
1330,0,CNV,0,1,0.6873130202293396
1331,0,CNV,0,1,0.5693762302398682
1332,0,CNV,0,1,0.20207785069942474
1333,0,CNV,0,1,0.4493618905544281
1334,0,CNV,0,1,0.6592360734939575
1335,0,CNV,0,1,0.5036556720733643
1336,0,CNV,0,1,0.6227046251296997
1337,0,CNV,0,1,0.5478688478469849
1338,0,CNV,0,1,0.6392054557800293
1339,0,CNV,0,1,0.53978431224823
1340,0,CNV,0,1,0.69883131980896
1341,0,CNV,0,1,0.5377137064933777
1342,0,CNV,0,1,0.2682081460952759
1343,0,CNV,0,1,0.47979870438575745
1344,0,CNV,0,1,0.6471078395843506
1345,0,CNV,0,1,0.24029690027236938
1346,0,CNV,0,1,0.3620440661907196
1347,0,CNV,0,1,0.6291186213493347
1348,0,CNV,0,1,0.6036984920501709
1349,0,CNV,0,1,0.5556649565696716
1350,0,CNV,0,1,0.7801918983459473
1351,0,CNV,0,1,0.5729273557662964
1352,0,CNV,0,1,0.5800173282623291
1353,0,CNV,0,1,0.6081455945968628
1354,0,CNV,0,1,0.5903306007385254
1355,0,CNV,0,1,0.6107563972473145
1356,0,CNV,0,1,0.6426985859870911
1357,0,CNV,0,1,0.7428258657455444
1358,0,CNV,0,1,0.5495849251747131
1359,0,CNV,0,1,0.48847779631614685
1360,0,CNV,0,1,0.5656905174255371
1361,0,CNV,0,1,0.36716562509536743
1362,0,CNV,0,1,0.43273887038230896
1363,0,CNV,0,1,0.7549065947532654
1364,0,CNV,0,1,0.3701973259449005
1365,0,CNV,0,1,0.6037519574165344
1366,0,CNV,0,1,0.5413092374801636
1367,0,CNV,0,1,0.6861990690231323
1368,0,CNV,2,0,0.4315759241580963
1369,0,CNV,0,1,0.44277307391166687
1370,0,CNV,0,1,0.610095202922821
1371,0,CNV,0,1,0.6655964255332947
1372,0,CNV,0,1,0.49274319410324097
1373,0,CNV,0,1,0.4820884168148041
1374,0,CNV,0,1,0.3825359642505646
1375,0,CNV,0,1,0.6293869614601135
1376,0,CNV,0,1,0.47914546728134155
1377,0,CNV,0,1,0.6579355001449585
1378,0,CNV,0,1,0.7026801705360413
1379,0,CNV,0,1,0.7198298573493958
1380,0,CNV,0,1,0.7122344970703125
1381,0,CNV,0,1,0.1206870898604393
1382,0,CNV,0,1,0.6508541107177734
1383,0,CNV,0,1,0.5167105793952942
1384,0,CNV,0,1,0.6700348854064941
1385,0,CNV,0,1,0.6387718319892883
1386,0,CNV,0,1,0.7964162230491638
1387,0,CNV,0,1,0.5295076370239258
1388,0,CNV,0,1,0.5351042747497559
1389,0,CNV,0,1,0.5691773295402527
1390,0,CNV,0,1,0.5826043486595154
1391,0,CNV,0,1,0.6148072481155396
1392,0,CNV,0,1,0.3332349956035614
1393,0,CNV,0,1,0.13378256559371948
1394,0,CNV,0,1,0.4789116382598877
1395,0,CNV,0,1,0.6210280656814575
1396,0,CNV,0,1,0.5480034947395325
1397,0,CNV,0,1,0.47971412539482117
1398,0,CNV,0,1,0.5253970623016357
1399,0,CNV,0,1,0.6751720905303955
1400,0,CNV,0,1,0.43701931834220886
1401,0,CNV,0,1,0.7624193429946899
1402,0,CNV,0,1,0.4095487594604492
1403,0,CNV,0,1,0.5566422343254089
1404,0,CNV,0,1,0.6680610179901123
1405,0,CNV,0,1,0.7277125120162964
1406,0,CNV,0,1,0.6786432862281799
1407,0,CNV,0,1,0.5571916699409485
1408,0,CNV,0,1,0.6136647462844849
1409,0,CNV,0,1,0.4343196153640747
1410,0,CNV,0,1,0.7235854268074036
1411,0,CNV,0,1,0.6985419392585754
1412,0,CNV,0,1,0.7437964081764221
1413,0,CNV,0,1,0.23645688593387604
1414,0,CNV,0,1,0.44028007984161377
1415,0,CNV,0,1,0.3967226445674896
1416,0,CNV,0,1,0.5269944667816162
1417,0,CNV,0,1,0.7322103381156921
1418,0,CNV,0,1,0.41341882944107056
1419,0,CNV,0,1,0.6204848885536194
1420,0,CNV,0,1,0.6956272125244141
1421,0,CNV,0,1,0.5009966492652893
1422,0,CNV,0,1,0.5186511278152466
1423,0,CNV,0,1,0.6334177851676941
1424,0,CNV,0,1,0.4743279218673706
1425,0,CNV,0,1,0.6273185014724731
1426,0,CNV,0,1,0.5519192814826965
1427,0,CNV,0,1,0.5306122899055481
1428,0,CNV,0,1,0.5984660387039185
1429,0,CNV,0,1,0.5876026153564453
1430,0,CNV,0,1,0.48462364077568054
1431,0,CNV,0,1,0.5565143823623657
1432,0,CNV,0,1,0.609455943107605
1433,0,CNV,0,1,0.4544849693775177
1434,0,CNV,0,1,0.33716508746147156
1435,0,CNV,0,1,0.6428759694099426
1436,0,CNV,0,1,0.5458737015724182
1437,0,CNV,0,1,0.5071470737457275
1438,0,CNV,0,1,0.698330819606781
1439,0,CNV,0,1,0.45299801230430603
1440,0,CNV,0,1,0.4221177399158478
1441,0,CNV,0,1,0.6969385743141174
1442,0,CNV,0,1,0.4197023808956146
1443,0,CNV,0,1,0.6780658960342407
1444,0,CNV,0,1,0.5823774933815002
1445,0,CNV,0,1,0.5303273797035217
1446,0,CNV,0,1,0.7197803854942322
1447,0,CNV,0,1,0.35546359419822693
1448,0,CNV,0,1,0.5708937644958496
1449,0,CNV,0,1,0.42649149894714355
1450,0,CNV,0,1,0.6907922029495239
1451,0,CNV,0,1,0.7542262077331543
1452,0,CNV,0,1,0.7267615795135498
1453,0,CNV,0,1,0.749212920665741
1454,0,CNV,0,1,0.5155913829803467
1455,0,CNV,0,1,0.42689043283462524
1456,0,CNV,0,1,0.39671558141708374
1457,0,CNV,0,1,0.5343014597892761
1458,0,CNV,0,1,0.2933429777622223
1459,0,CNV,0,1,0.6357380747795105
1460,0,CNV,0,1,0.1653536558151245
1461,0,CNV,0,1,0.5413078665733337
1462,0,CNV,0,1,0.4532584846019745
1463,0,CNV,0,1,0.40526852011680603
1464,0,CNV,0,1,0.7240540385246277
1465,0,CNV,0,1,0.6840421557426453
1466,0,CNV,0,1,0.49539715051651
1467,0,CNV,0,1,0.5860570669174194
1468,0,CNV,0,1,0.37402093410491943
1469,0,CNV,0,1,0.2995131015777588
1470,0,CNV,0,1,0.6408861875534058
1471,0,CNV,0,1,0.4770735502243042
1472,0,CNV,0,1,0.4679225981235504
1473,0,CNV,0,1,0.6878603100776672
1474,0,CNV,0,1,0.34896978735923767
1475,0,CNV,0,1,0.7160802483558655
1476,0,CNV,0,1,0.2086809277534485
1477,0,CNV,0,1,0.6536520719528198
1478,0,CNV,0,1,0.4241514801979065
1479,0,CNV,0,1,0.44738760590553284
1480,0,CNV,0,1,0.6933678388595581
1481,0,CNV,0,1,0.49381113052368164
1482,0,CNV,0,1,0.6411526203155518
1483,0,CNV,0,1,0.5673803091049194
1484,0,CNV,0,1,0.4104641079902649
1485,0,CNV,0,1,0.4339647591114044
1486,0,CNV,0,1,0.5458904504776001
1487,0,CNV,0,1,0.41793766617774963
1488,0,CNV,0,1,0.5404780507087708
1489,0,CNV,0,1,0.6669532656669617
1490,0,CNV,0,1,0.6521183252334595
1491,0,CNV,0,1,0.6337628364562988
1492,0,CNV,0,1,0.721305251121521
1493,0,CNV,0,1,0.5762926936149597
1494,0,CNV,0,1,0.5942129492759705
1495,0,CNV,0,1,0.6369827389717102
1496,0,CNV,0,1,0.7188264727592468
1497,0,CNV,0,1,0.6468186974525452
1498,0,CNV,0,1,0.6304236650466919
1499,0,CNV,0,1,0.6461619734764099
1500,0,CNV,0,1,0.384842187166214
1501,0,CNV,0,1,0.5244595408439636
1502,0,CNV,0,1,0.630434513092041
1503,0,CNV,0,1,0.7255350947380066
1504,0,CNV,0,1,0.6866527199745178
1505,0,CNV,0,1,0.7119439840316772
1506,0,CNV,0,1,0.43163058161735535
1507,0,CNV,0,1,0.6188709139823914
1508,0,CNV,0,1,0.4484516978263855
1509,0,CNV,2,0,0.48259398341178894
1510,0,CNV,0,1,0.7708019018173218
1511,0,CNV,0,1,0.6983217000961304
1512,0,CNV,0,1,0.6805385947227478
1513,0,CNV,0,1,0.4806925058364868
1514,0,CNV,0,1,0.10315703600645065
1515,0,CNV,0,1,0.6037465929985046
1516,0,CNV,0,1,0.24152779579162598
1517,0,CNV,0,1,0.5503262281417847
1518,0,CNV,0,1,0.4708303213119507
1519,0,CNV,0,1,0.637240469455719
1520,0,CNV,0,1,0.7119799256324768
1521,0,CNV,0,1,0.7286663055419922
1522,0,CNV,0,1,0.7683272957801819
1523,0,CNV,0,1,0.52836012840271
1524,0,CNV,0,1,0.6750633716583252
1525,0,CNV,0,1,0.518303394317627
1526,0,CNV,0,1,0.35791727900505066
1527,0,CNV,0,1,0.5260065197944641
1528,0,CNV,0,1,0.6408510208129883
1529,0,CNV,0,1,0.6135744452476501
1530,0,CNV,0,1,0.8470286130905151
1531,0,CNV,0,1,0.6997464299201965
1532,0,CNV,0,1,0.31445276737213135
1533,0,CNV,0,1,0.6338391900062561
1534,0,CNV,0,1,0.7447233200073242
1535,0,CNV,0,1,0.39724013209342957
1536,0,CNV,0,1,0.5904202461242676
1537,0,CNV,0,1,0.5787214040756226
1538,0,CNV,0,1,0.5913691520690918
1539,0,CNV,0,1,0.4610397517681122
1540,0,CNV,0,1,0.5611585378646851
1541,0,CNV,0,1,0.675155520439148
1542,0,CNV,0,1,0.5370550751686096
1543,0,CNV,0,1,0.6790551543235779
1544,0,CNV,0,1,0.52836012840271
1545,0,CNV,0,1,0.5614961385726929
1546,0,CNV,0,1,0.5880741477012634
1547,0,CNV,0,1,0.19840210676193237
1548,0,CNV,1,0,0.5138972401618958
1549,0,CNV,0,1,0.6711266040802002
1550,0,CNV,0,1,0.7204722762107849
1551,0,CNV,0,1,0.1467205286026001
1552,0,CNV,0,1,0.4562416970729828
1553,0,CNV,0,1,0.5436326861381531
1554,0,CNV,0,1,0.15235202014446259
1555,0,CNV,0,1,0.5162245631217957
1556,0,CNV,0,1,0.6671447157859802
1557,0,CNV,0,1,0.7205386757850647
1558,0,CNV,0,1,0.5519964098930359
1559,0,CNV,0,1,0.6661658883094788
1560,0,CNV,0,1,0.48846152424812317
1561,0,CNV,0,1,0.7691057920455933
1562,0,CNV,0,1,0.49543753266334534
1563,0,CNV,0,1,0.5293053984642029
1564,0,CNV,0,1,0.3756187856197357
1565,0,CNV,0,1,0.5426458120346069
1566,0,CNV,0,1,0.7009711861610413
1567,0,CNV,0,1,0.511084258556366
1568,0,CNV,0,1,0.6914663314819336
1569,0,CNV,0,1,0.4267885088920593
1570,0,CNV,0,1,0.6949793696403503
1571,0,CNV,0,1,0.26309528946876526
1572,0,CNV,0,1,0.6474695205688477
1573,0,CNV,0,1,0.49785494804382324
1574,0,CNV,0,1,0.5832269787788391
1575,0,CNV,0,1,0.6495773196220398
1576,0,CNV,0,1,0.6283023953437805
1577,0,CNV,0,1,0.7469463348388672
1578,0,CNV,0,1,0.7604380249977112
1579,0,CNV,0,1,0.44046762585639954
1580,0,CNV,0,1,0.6609169840812683
1581,0,CNV,0,1,0.7722190022468567
1582,0,CNV,0,1,0.5114386677742004
1583,0,CNV,0,1,0.4456244707107544
1584,0,CNV,0,1,0.420122355222702
1585,0,CNV,0,1,0.5605533123016357
1586,0,CNV,0,1,0.38707247376441956
1587,0,CNV,0,1,0.5929339528083801
1588,0,CNV,0,1,0.4152718186378479
1589,0,CNV,0,1,0.7478989958763123
1590,0,CNV,0,1,0.6122034788131714
1591,0,CNV,0,1,0.6184901595115662
1592,0,CNV,0,1,0.4212668240070343
1593,0,CNV,0,1,0.70646733045578
1594,0,CNV,2,0,0.6855202913284302
1595,0,CNV,0,1,0.45847418904304504
1596,0,CNV,0,1,0.5075949430465698
1597,0,CNV,0,1,0.32423490285873413
1598,0,CNV,0,1,0.6940041184425354
1599,0,CNV,0,1,0.5153529644012451
1600,0,CNV,0,1,0.5599274039268494
1601,0,CNV,0,1,0.30618271231651306
1602,0,CNV,0,1,0.6948409676551819
1603,0,CNV,0,1,0.45076984167099
1604,0,CNV,0,1,0.23753586411476135
1605,0,CNV,0,1,0.6007906198501587
1606,0,CNV,0,1,0.7564316987991333
1607,0,CNV,0,1,0.6670170426368713
1608,0,CNV,0,1,0.7905957698822021
1609,0,CNV,0,1,0.26481103897094727
1610,0,CNV,0,1,0.7146903276443481
1611,0,CNV,0,1,0.5418762564659119
1612,0,CNV,0,1,0.6036586761474609
1613,0,CNV,0,1,0.6911872029304504
1614,0,CNV,0,1,0.5884279012680054
1615,0,CNV,0,1,0.5804175734519958
1616,0,CNV,0,1,0.6705717444419861
1617,0,CNV,0,1,0.8449923396110535
1618,0,CNV,0,1,0.5312578678131104
1619,0,CNV,0,1,0.12568432092666626
1620,0,CNV,0,1,0.29827719926834106
1621,0,CNV,0,1,0.4774942398071289
1622,0,CNV,0,1,0.7104158401489258
1623,0,CNV,0,1,0.6184863448143005
1624,0,CNV,0,1,0.5763779878616333
1625,0,CNV,0,1,0.6760711073875427
1626,0,CNV,0,1,0.6893310546875
1627,0,CNV,0,1,0.4825539290904999
1628,0,CNV,0,1,0.47454336285591125
1629,0,CNV,0,1,0.7260242700576782
1630,0,CNV,0,1,0.692792534828186
1631,0,CNV,0,1,0.4935431182384491
1632,0,CNV,0,1,0.4241219758987427
1633,0,CNV,0,1,0.7255916595458984
1634,0,CNV,0,1,0.4830029010772705
1635,0,CNV,0,1,0.6345738768577576
1636,0,CNV,0,1,0.6262362003326416
1637,0,CNV,0,1,0.708879828453064
1638,0,CNV,0,1,0.5979076027870178
1639,0,CNV,0,1,0.54482501745224
1640,0,CNV,0,1,0.6949298977851868
1641,0,CNV,0,1,0.46332848072052
1642,0,CNV,0,1,0.5937628746032715
1643,0,CNV,0,1,0.5008010864257812
1644,0,CNV,0,1,0.655992329120636
1645,0,CNV,0,1,0.6230846047401428
1646,0,CNV,0,1,0.7516663074493408
1647,0,CNV,0,1,0.5250343084335327
1648,0,CNV,0,1,0.6031928062438965
1649,0,CNV,0,1,0.553752601146698
1650,0,CNV,0,1,0.3749415874481201
1651,0,CNV,0,1,0.6058172583580017
1652,0,CNV,0,1,0.5326074957847595
1653,0,CNV,0,1,0.7606926560401917
1654,0,CNV,2,0,0.6756064891815186
1655,0,CNV,0,1,0.6349608898162842
1656,0,CNV,0,1,0.7023809552192688
1657,0,CNV,0,1,0.13855628669261932
1658,0,CNV,0,1,0.7461034655570984
1659,0,CNV,0,1,0.6450141072273254
1660,0,CNV,0,1,0.6348893046379089
1661,0,CNV,0,1,0.5360772013664246
1662,0,CNV,0,1,0.3415093719959259
1663,0,CNV,0,1,0.7706571221351624
1664,0,CNV,0,1,0.7033081650733948
1665,0,CNV,0,1,0.5247663855552673
1666,0,CNV,0,1,0.4652019739151001
1667,0,CNV,0,1,0.614263653755188
1668,0,CNV,0,1,0.5697364211082458
1669,0,CNV,0,1,0.5502175092697144
1670,0,CNV,0,1,0.45853087306022644
1671,0,CNV,0,1,0.3406330645084381
1672,0,CNV,2,0,0.711543619632721
1673,0,CNV,0,1,0.6941248774528503
1674,0,CNV,0,1,0.47569894790649414
1675,0,CNV,0,1,0.13945595920085907
1676,0,CNV,0,1,0.5632844567298889
1677,0,CNV,0,1,0.546673595905304
1678,0,CNV,0,1,0.46590656042099
1679,0,CNV,0,1,0.6884929537773132
1680,0,CNV,0,1,0.6509161591529846
1681,0,CNV,0,1,0.42324283719062805
1682,0,CNV,0,1,0.4627765715122223
1683,0,CNV,0,1,0.8108505606651306
1684,0,CNV,0,1,0.3353016972541809
1685,0,CNV,0,1,0.45232123136520386
1686,0,CNV,0,1,0.487016499042511
1687,0,CNV,0,1,0.6929305791854858
1688,0,CNV,0,1,0.7752779126167297
1689,0,CNV,0,1,0.6416495442390442
1690,0,CNV,0,1,0.710620105266571
1691,0,CNV,0,1,0.2754195034503937
1692,0,CNV,0,1,0.6092529296875
1693,0,CNV,0,1,0.5867782831192017
1694,0,CNV,0,1,0.6527336239814758
1695,0,CNV,0,1,0.5908730030059814
1696,0,CNV,0,1,0.3285432457923889
1697,0,CNV,0,1,0.5644193887710571
1698,0,CNV,0,1,0.33819857239723206
1699,0,CNV,0,1,0.5121140480041504
1700,0,CNV,0,1,0.8447037935256958
1701,0,CNV,0,1,0.7334955930709839
1702,0,CNV,0,1,0.7558337450027466
1703,0,CNV,0,1,0.635733425617218
1704,0,CNV,0,1,0.4916851818561554
1705,0,CNV,0,1,0.27976930141448975
1706,0,CNV,0,1,0.5702096223831177
1707,0,CNV,0,1,0.5672366619110107
1708,0,CNV,0,1,0.5750716924667358
1709,0,CNV,0,1,0.5326724648475647
1710,0,CNV,0,1,0.5057218670845032
1711,0,CNV,0,1,0.505348801612854
1712,0,CNV,0,1,0.5975883603096008
1713,0,CNV,0,1,0.6334590911865234
1714,0,CNV,0,1,0.6016864776611328
1715,0,CNV,0,1,0.43607214093208313
1716,0,CNV,0,1,0.6589908003807068
1717,0,CNV,0,1,0.5638043284416199
1718,0,CNV,0,1,0.5389297008514404
1719,0,CNV,0,1,0.5390278697013855
1720,0,CNV,0,1,0.740801215171814
1721,0,CNV,0,1,0.5234367847442627
1722,0,CNV,0,1,0.691596269607544
1723,0,CNV,0,1,0.5471193194389343
1724,0,CNV,0,1,0.7304385304450989
1725,0,CNV,0,1,0.7257760763168335
1726,0,CNV,0,1,0.5811585187911987
1727,0,CNV,0,1,0.5792855024337769
1728,0,CNV,0,1,0.6458867192268372
1729,0,CNV,0,1,0.6246955990791321
1730,0,CNV,0,1,0.5387825965881348
1731,0,CNV,1,0,0.7192336320877075
1732,0,CNV,0,1,0.6146682500839233
1733,0,CNV,0,1,0.4586299955844879
1734,0,CNV,0,1,0.23377521336078644
1735,0,CNV,0,1,0.7881817817687988
1736,0,CNV,0,1,0.4107588529586792
1737,0,CNV,0,1,0.47278016805648804
1738,0,CNV,0,1,0.22426991164684296
1739,0,CNV,0,1,0.6429486870765686
1740,0,CNV,0,1,0.5937042236328125
1741,0,CNV,0,1,0.6176064610481262
1742,0,CNV,0,1,0.6783204078674316
1743,0,CNV,0,1,0.6442134976387024
1744,0,CNV,0,1,0.5784802436828613
1745,0,CNV,0,1,0.4836893677711487
1746,0,CNV,0,1,0.30815672874450684
1747,0,CNV,0,1,0.6022717952728271
1748,0,CNV,0,1,0.39640164375305176
1749,0,CNV,0,1,0.1281076967716217
1750,0,CNV,0,1,0.684135913848877
1751,0,CNV,0,1,0.29662495851516724
1752,0,CNV,0,1,0.4714449346065521
1753,0,CNV,0,1,0.43796491622924805
1754,0,CNV,2,0,0.5517385601997375
1755,0,CNV,0,1,0.7136633992195129
1756,0,CNV,0,1,0.5017603039741516
1757,0,CNV,2,0,0.40586885809898376
1758,0,CNV,0,1,0.6420462131500244
1759,0,CNV,0,1,0.20341281592845917
1760,0,CNV,0,1,0.6355165243148804
1761,0,CNV,0,1,0.6953622698783875
1762,0,CNV,0,1,0.8214185833930969
1763,0,CNV,0,1,0.5532809495925903
1764,0,CNV,0,1,0.4800446629524231
1765,0,CNV,0,1,0.6261600852012634
1766,0,CNV,0,1,0.7916350960731506
1767,0,CNV,0,1,0.778890073299408
1768,0,CNV,0,1,0.5513832569122314
1769,0,CNV,0,1,0.2690904140472412
1770,0,CNV,0,1,0.5696037411689758
1771,0,CNV,0,1,0.6420273184776306
1772,0,CNV,0,1,0.7444213628768921
1773,0,CNV,0,1,0.6640484929084778
1774,0,CNV,0,1,0.6768263578414917
1775,0,CNV,0,1,0.5541917681694031
1776,0,CNV,0,1,0.5260557532310486
1777,0,CNV,0,1,0.657181441783905
1778,0,CNV,0,1,0.6162106394767761
1779,0,CNV,0,1,0.6309706568717957
1780,0,CNV,0,1,0.33826085925102234
1781,0,CNV,0,1,0.5627464056015015
1782,0,CNV,0,1,0.6464744210243225
1783,0,CNV,0,1,0.6665753126144409
1784,0,CNV,0,1,0.6561055183410645
1785,0,CNV,0,1,0.6374182105064392
1786,0,CNV,1,0,0.5401087403297424
1787,0,CNV,0,1,0.5905435085296631
1788,0,CNV,0,1,0.5847062468528748
1789,0,CNV,0,1,0.5845644474029541
1790,0,CNV,0,1,0.7842260599136353
1791,0,CNV,0,1,0.7521591186523438
1792,0,CNV,0,1,0.5165910124778748
1793,0,CNV,0,1,0.5316472053527832
1794,0,CNV,0,1,0.5764375329017639
1795,0,CNV,0,1,0.6096389293670654
1796,0,CNV,0,1,0.6900023818016052
1797,0,CNV,0,1,0.6759294867515564
1798,0,CNV,0,1,0.6781896948814392
1799,0,CNV,0,1,0.6360247135162354
1800,0,CNV,2,0,0.3952461779117584
1801,0,CNV,0,1,0.7094027996063232
1802,0,CNV,0,1,0.4019058346748352
1803,0,CNV,0,1,0.7938477396965027
1804,0,CNV,0,1,0.620093584060669
1805,0,CNV,0,1,0.397978812456131
1806,0,CNV,0,1,0.5905086994171143
1807,0,CNV,0,1,0.6046608090400696
1808,0,CNV,0,1,0.6153298616409302
1809,0,CNV,0,1,0.4484880268573761
1810,0,CNV,0,1,0.5514289736747742
1811,0,CNV,0,1,0.4291507303714752
1812,0,CNV,0,1,0.7876040935516357
1813,0,CNV,0,1,0.5073472261428833
1814,0,CNV,0,1,0.8268152475357056
1815,0,CNV,0,1,0.43000078201293945
1816,0,CNV,0,1,0.7479355931282043
1817,0,CNV,0,1,0.6428584456443787
1818,0,CNV,0,1,0.5350416302680969
1819,0,CNV,0,1,0.8120283484458923
1820,0,CNV,0,1,0.521838366985321
1821,0,CNV,0,1,0.6171117424964905
1822,0,CNV,0,1,0.6738046407699585
1823,0,CNV,0,1,0.7669975161552429
1824,0,CNV,0,1,0.6276370286941528
1825,0,CNV,0,1,0.43754419684410095
1826,0,CNV,0,1,0.556948721408844
1827,0,CNV,0,1,0.4817867577075958
1828,0,CNV,0,1,0.6165881156921387
1829,0,CNV,0,1,0.6739151477813721
1830,0,CNV,0,1,0.6572940945625305
1831,0,CNV,0,1,0.4962126910686493
1832,0,CNV,0,1,0.5246639251708984
1833,0,CNV,0,1,0.7465254664421082
1834,0,CNV,0,1,0.5723222494125366
1835,0,CNV,0,1,0.4999094605445862
1836,0,CNV,0,1,0.21568550169467926
1837,0,CNV,0,1,0.8108271956443787
1838,0,CNV,0,1,0.4886140823364258
1839,0,CNV,0,1,0.5778809785842896
1840,0,CNV,0,1,0.611752986907959
1841,0,CNV,0,1,0.6047728657722473
1842,0,CNV,0,1,0.7759067416191101
1843,0,CNV,0,1,0.7674859762191772
1844,0,CNV,0,1,0.5867627859115601
1845,0,CNV,0,1,0.6633830070495605
1846,0,CNV,0,1,0.45348143577575684
1847,0,CNV,0,1,0.7121706604957581
1848,0,CNV,0,1,0.4643837809562683
1849,0,CNV,0,1,0.6779847741127014
1850,0,CNV,0,1,0.3688845634460449
1851,0,CNV,0,1,0.473119854927063
1852,0,CNV,0,1,0.5539255738258362
1853,0,CNV,0,1,0.5241459608078003
1854,0,CNV,0,1,0.2822330594062805
1855,0,CNV,0,1,0.7354564666748047
1856,0,CNV,0,1,0.2716766595840454
1857,0,CNV,0,1,0.38857319951057434
1858,0,CNV,0,1,0.3049592673778534
1859,0,CNV,0,1,0.6726796627044678
1860,0,CNV,0,1,0.6621957421302795
1861,0,CNV,0,1,0.5713447332382202
1862,0,CNV,0,1,0.40643224120140076
1863,0,CNV,0,1,0.6780745983123779
1864,0,CNV,0,1,0.4474078118801117
1865,0,CNV,0,1,0.47556644678115845
1866,0,CNV,0,1,0.4722254276275635
1867,0,CNV,0,1,0.6651214361190796
1868,0,CNV,2,0,0.7255576252937317
1869,0,CNV,0,1,0.6428637504577637
1870,0,CNV,0,1,0.6417328119277954
1871,0,CNV,0,1,0.6322149038314819
1872,0,CNV,0,1,0.7244622707366943
1873,0,CNV,0,1,0.5077098608016968
1874,0,CNV,0,1,0.8615846633911133
1875,0,CNV,0,1,0.737125039100647
1876,0,CNV,0,1,0.5024251341819763
1877,0,CNV,0,1,0.42175593972206116
1878,0,CNV,0,1,0.5450378060340881
1879,0,CNV,0,1,0.6999572515487671
1880,0,CNV,0,1,0.6087605953216553
1881,0,CNV,0,1,0.6109082698822021
1882,0,CNV,0,1,0.6827511787414551
1883,0,CNV,0,1,0.19888408482074738
1884,0,CNV,0,1,0.6631494760513306
1885,0,CNV,1,0,0.45693671703338623
1886,0,CNV,0,1,0.3609628677368164
1887,0,CNV,0,1,0.5632844567298889
1888,0,CNV,0,1,0.655992329120636
1889,0,CNV,0,1,0.49573466181755066
1890,0,CNV,0,1,0.4807257056236267
1891,0,CNV,0,1,0.45183682441711426
1892,0,CNV,0,1,0.808409571647644
1893,0,CNV,0,1,0.4847942590713501
1894,0,CNV,0,1,0.6504918932914734
1895,0,CNV,0,1,0.592111349105835
1896,0,CNV,0,1,0.7757483124732971
1897,0,CNV,0,1,0.49443647265434265
1898,0,CNV,0,1,0.5914544463157654
1899,0,CNV,0,1,0.2625800371170044
1900,0,CNV,0,1,0.5953980684280396
1901,0,CNV,0,1,0.6420276761054993
1902,0,CNV,0,1,0.4973563849925995
1903,0,CNV,0,1,0.11669736355543137
1904,0,CNV,0,1,0.5827425122261047
1905,0,CNV,0,1,0.6070564985275269
1906,0,CNV,0,1,0.6111977100372314
1907,0,CNV,2,0,0.6317397356033325
1908,0,CNV,0,1,0.5255453586578369
1909,0,CNV,0,1,0.6269075274467468
1910,0,CNV,0,1,0.4734954237937927
1911,0,CNV,0,1,0.6241879463195801
1912,0,CNV,0,1,0.5460155606269836
1913,0,CNV,0,1,0.5426316261291504
1914,0,CNV,0,1,0.6912721395492554
1915,0,CNV,0,1,0.5361664295196533
1916,0,CNV,0,1,0.6798858642578125
1917,0,CNV,0,1,0.4954777657985687
1918,0,CNV,0,1,0.7159684896469116
1919,0,CNV,0,1,0.676291823387146
1920,0,CNV,0,1,0.5477418899536133
1921,0,CNV,0,1,0.46026289463043213
1922,0,CNV,0,1,0.6644513010978699
1923,0,CNV,0,1,0.43865469098091125
1924,0,CNV,0,1,0.498395174741745
1925,0,CNV,0,1,0.7098318338394165
1926,0,CNV,0,1,0.51478111743927
1927,0,CNV,0,1,0.477476567029953
1928,0,CNV,0,1,0.5637683868408203
1929,0,CNV,0,1,0.5335877537727356
1930,0,CNV,0,1,0.6882904171943665
1931,0,CNV,0,1,0.4715053141117096
1932,0,CNV,0,1,0.6430891752243042
1933,0,CNV,0,1,0.407513290643692
1934,0,CNV,0,1,0.6292698383331299
1935,0,CNV,0,1,0.7539737224578857
1936,0,CNV,0,1,0.5044257044792175
1937,0,CNV,0,1,0.5397746562957764
1938,0,CNV,0,1,0.5222361087799072
1939,0,CNV,0,1,0.4803330600261688
1940,0,CNV,0,1,0.6934564709663391
1941,0,CNV,0,1,0.46474313735961914
1942,0,CNV,0,1,0.6447008848190308
1943,0,CNV,0,1,0.3446947932243347
1944,0,CNV,0,1,0.7019159197807312
1945,0,CNV,0,1,0.645977795124054
1946,0,CNV,0,1,0.1881738007068634
1947,0,CNV,0,1,0.6504878997802734
1948,0,CNV,0,1,0.4871063828468323
1949,0,CNV,0,1,0.5032997727394104
1950,0,CNV,0,1,0.4740225672721863
1951,0,CNV,0,1,0.40468838810920715
1952,0,CNV,0,1,0.42922115325927734
1953,0,CNV,0,1,0.6013407111167908
1954,0,CNV,0,1,0.5205159187316895
1955,0,CNV,0,1,0.5193285346031189
1956,0,CNV,2,0,0.7740195393562317
1957,0,CNV,0,1,0.6304752826690674
1958,0,CNV,0,1,0.3058885931968689
1959,0,CNV,0,1,0.673166036605835
1960,0,CNV,0,1,0.7205392122268677
1961,0,CNV,0,1,0.7131925821304321
1962,0,CNV,0,1,0.5648849606513977
1963,0,CNV,0,1,0.6329700350761414
1964,0,CNV,0,1,0.6721778512001038
1965,0,CNV,0,1,0.5603252053260803
1966,0,CNV,0,1,0.5492331981658936
1967,0,CNV,0,1,0.7910226583480835
1968,0,CNV,0,1,0.5122400522232056
1969,0,CNV,0,1,0.43343305587768555
1970,0,CNV,0,1,0.4511684775352478
1971,0,CNV,0,1,0.6632992029190063
1972,0,CNV,0,1,0.5907567143440247
1973,0,CNV,0,1,0.7244096994400024
1974,0,CNV,0,1,0.6147937774658203
1975,0,CNV,0,1,0.5547685623168945
1976,0,CNV,0,1,0.5969548225402832
1977,0,CNV,0,1,0.7804991006851196
1978,0,CNV,0,1,0.4243197739124298
1979,0,CNV,0,1,0.6252774000167847
1980,0,CNV,0,1,0.5315654873847961
1981,0,CNV,0,1,0.7594596147537231
1982,0,CNV,0,1,0.6298471093177795
1983,0,CNV,0,1,0.5320000648498535
1984,0,CNV,0,1,0.7594794034957886
1985,0,CNV,0,1,0.4315283000469208
1986,0,CNV,0,1,0.5649018287658691
1987,0,CNV,0,1,0.607694149017334
1988,0,CNV,0,1,0.7138511538505554
1989,0,CNV,0,1,0.5786972045898438
1990,0,CNV,0,1,0.30446428060531616
1991,0,CNV,0,1,0.4892456829547882
1992,0,CNV,0,1,0.7901309728622437
1993,0,CNV,0,1,0.819998025894165
1994,0,CNV,0,1,0.856840193271637
1995,0,CNV,0,1,0.593721330165863
1996,0,CNV,0,1,0.5966511368751526
1997,0,CNV,0,1,0.4739234745502472
1998,0,CNV,0,1,0.5476815104484558
1999,0,CNV,0,1,0.6146960854530334
2000,0,CNV,0,1,0.6280984282493591
2001,0,CNV,0,1,0.6388900876045227
2002,0,CNV,0,1,0.7299929857254028
2003,0,CNV,0,1,0.6605387330055237
2004,0,CNV,0,1,0.7368634343147278
2005,0,CNV,0,1,0.6060425043106079
2006,0,CNV,0,1,0.36316314339637756
2007,0,CNV,0,1,0.6039596796035767
2008,0,CNV,0,1,0.5462087988853455
2009,0,CNV,0,1,0.7122312784194946
2010,0,CNV,0,1,0.5852461457252502
2011,0,CNV,0,1,0.355051726102829
2012,0,CNV,0,1,0.23301491141319275
2013,0,CNV,0,1,0.5020259022712708
2014,0,CNV,0,1,0.6529920697212219
2015,0,CNV,0,1,0.4073486626148224
2016,0,CNV,0,1,0.35233980417251587
2017,0,CNV,0,1,0.5897871851921082
2018,0,CNV,0,1,0.6285399794578552
2019,0,CNV,0,1,0.37749046087265015
2020,0,CNV,0,1,0.3997824490070343
2021,0,CNV,0,1,0.7123526334762573
2022,0,CNV,0,1,0.5999977588653564
2023,0,CNV,0,1,0.5604861974716187
2024,0,CNV,0,1,0.7807077765464783
2025,0,CNV,0,1,0.5504562258720398
2026,0,CNV,0,1,0.5477765798568726
2027,0,CNV,0,1,0.4550979733467102
2028,0,CNV,0,1,0.7972599864006042
2029,0,CNV,0,1,0.18982210755348206
2030,0,CNV,0,1,0.4626622200012207
2031,0,CNV,0,1,0.7202116250991821
2032,0,CNV,0,1,0.6256000995635986
2033,0,CNV,2,0,0.744863748550415
2034,0,CNV,0,1,0.5648365616798401
2035,0,CNV,0,1,0.5504371523857117
2036,0,CNV,0,1,0.3844902217388153
2037,0,CNV,0,1,0.7847172021865845
2038,0,CNV,0,1,0.356732577085495
2039,0,CNV,0,1,0.47913286089897156
2040,0,CNV,0,1,0.517180860042572
2041,0,CNV,0,1,0.6078006029129028
2042,0,CNV,0,1,0.5484944581985474
2043,0,CNV,0,1,0.5742637515068054
2044,0,CNV,0,1,0.5707813501358032
2045,0,CNV,0,1,0.7763547897338867
2046,0,CNV,0,1,0.5415583848953247
2047,0,CNV,0,1,0.566096305847168
2048,0,CNV,0,1,0.5995133519172668
2049,0,CNV,0,1,0.2496652454137802
2050,0,CNV,0,1,0.6259186267852783
2051,0,CNV,0,1,0.4836163818836212
2052,0,CNV,0,1,0.784835159778595
2053,0,CNV,0,1,0.3032284677028656
2054,0,CNV,0,1,0.7277796268463135
2055,0,CNV,0,1,0.701046884059906
2056,0,CNV,0,1,0.5463130474090576
2057,0,CNV,0,1,0.6808291673660278
2058,0,CNV,0,1,0.4426784813404083
2059,0,CNV,0,1,0.7435516119003296
2060,0,CNV,0,1,0.7122344970703125
2061,0,CNV,0,1,0.7720224857330322
2062,0,CNV,0,1,0.2507915496826172
2063,0,CNV,0,1,0.7319272756576538
2064,0,CNV,0,1,0.514189600944519
2065,0,CNV,0,1,0.5864112973213196
2066,0,CNV,0,1,0.5177484154701233
2067,0,CNV,0,1,0.2731063961982727
2068,0,CNV,0,1,0.5922174453735352
2069,0,CNV,0,1,0.6956700682640076
2070,0,CNV,0,1,0.609452486038208
2071,0,CNV,0,1,0.6771247982978821
2072,0,CNV,0,1,0.7836776971817017
2073,0,CNV,0,1,0.4865286350250244
2074,0,CNV,0,1,0.6246396899223328
2075,0,CNV,0,1,0.5745671987533569
2076,0,CNV,0,1,0.749212920665741
2077,0,CNV,0,1,0.6364930272102356
2078,0,CNV,2,0,0.7621678113937378
2079,0,CNV,0,1,0.5041195154190063
2080,0,CNV,0,1,0.7391020059585571
2081,0,CNV,0,1,0.6725736856460571
2082,0,CNV,2,0,0.8023607730865479
2083,0,CNV,0,1,0.7672116756439209
2084,0,CNV,0,1,0.5752836465835571
2085,0,CNV,0,1,0.6417135000228882
2086,0,CNV,0,1,0.6134971380233765
2087,0,CNV,0,1,0.710164487361908
2088,0,CNV,0,1,0.6672238707542419
2089,0,CNV,0,1,0.4641055464744568
2090,0,CNV,0,1,0.47006848454475403
2091,0,CNV,0,1,0.6098215579986572
2092,0,CNV,0,1,0.6620009541511536
2093,0,CNV,0,1,0.5974887013435364
2094,0,CNV,0,1,0.6628143191337585
2095,0,CNV,0,1,0.5406637787818909
2096,0,CNV,0,1,0.6899809837341309
2097,0,CNV,0,1,0.49047040939331055
2098,0,CNV,0,1,0.7661146521568298
2099,0,CNV,0,1,0.5308037400245667
2100,0,CNV,0,1,0.6084628701210022
2101,0,CNV,0,1,0.48912328481674194
2102,0,CNV,0,1,0.6486526131629944
2103,0,CNV,0,1,0.6640751361846924
2104,0,CNV,0,1,0.6423590183258057
2105,0,CNV,0,1,0.6895515322685242
2106,0,CNV,0,1,0.41554850339889526
2107,0,CNV,0,1,0.5680456161499023
2108,0,CNV,0,1,0.5262401103973389
2109,0,CNV,0,1,0.652827799320221
2110,0,CNV,0,1,0.49599117040634155
2111,0,CNV,0,1,0.6906948089599609
2112,0,CNV,0,1,0.5437583327293396
2113,0,CNV,0,1,0.7574934959411621
2114,0,CNV,0,1,0.5278247594833374
2115,0,CNV,0,1,0.22321294248104095
2116,0,CNV,0,1,0.2018088847398758
2117,0,CNV,0,1,0.7104208469390869
2118,0,CNV,0,1,0.7287907600402832
2119,0,CNV,0,1,0.3037906587123871
2120,0,CNV,0,1,0.3068954348564148
2121,0,CNV,0,1,0.7551394701004028
2122,0,CNV,0,1,0.3179413676261902
2123,0,CNV,2,0,0.506737232208252
2124,0,CNV,0,1,0.4167414903640747
2125,0,CNV,0,1,0.7670226693153381
2126,0,CNV,0,1,0.6496403217315674
2127,0,CNV,0,1,0.4978700280189514
2128,0,CNV,0,1,0.6270462870597839
2129,0,CNV,0,1,0.7834250330924988
2130,0,CNV,0,1,0.5700094103813171
2131,0,CNV,0,1,0.5288240313529968
2132,0,CNV,0,1,0.6189749836921692
2133,0,CNV,0,1,0.5397741198539734
2134,0,CNV,0,1,0.5468040108680725
2135,0,CNV,0,1,0.2169245332479477
2136,0,CNV,2,0,0.9066024422645569
2137,0,CNV,0,1,0.5944949984550476
2138,0,CNV,0,1,0.544304609298706
2139,0,CNV,0,1,0.5035573840141296
2140,0,CNV,0,1,0.5388051867485046
2141,0,CNV,0,1,0.3438562750816345
2142,0,CNV,0,1,0.5554479360580444
2143,0,CNV,0,1,0.4477933943271637
2144,0,CNV,0,1,0.6395991444587708
2145,0,CNV,0,1,0.6502470374107361
2146,0,CNV,0,1,0.6227370500564575
2147,0,CNV,0,1,0.7201976776123047
2148,0,CNV,0,1,0.5673059225082397
2149,0,CNV,0,1,0.4462081789970398
2150,0,CNV,0,1,0.7491453289985657
2151,0,CNV,0,1,0.5970908999443054
2152,0,CNV,0,1,0.7829601168632507
2153,0,CNV,0,1,0.3416534662246704
2154,0,CNV,0,1,0.6823377013206482
2155,0,CNV,0,1,0.6353108882904053
2156,0,CNV,0,1,0.5620176196098328
2157,0,CNV,0,1,0.41958239674568176
2158,0,CNV,0,1,0.7851907014846802
2159,0,CNV,1,0,0.5532129406929016
2160,0,CNV,0,1,0.7532597780227661
2161,0,CNV,0,1,0.5196090340614319
2162,0,CNV,0,1,0.42451420426368713
2163,0,CNV,0,1,0.7794737219810486
2164,0,CNV,0,1,0.471444696187973
2165,0,CNV,0,1,0.6319607496261597
2166,0,CNV,0,1,0.33362308144569397
2167,0,CNV,0,1,0.6179433465003967
2168,0,CNV,0,1,0.405526727437973
2169,0,CNV,0,1,0.8015543818473816
2170,0,CNV,0,1,0.48936596512794495
2171,0,CNV,0,1,0.5697792768478394
2172,0,CNV,2,0,0.7135655879974365
2173,0,CNV,0,1,0.528108537197113
2174,0,CNV,0,1,0.6284860968589783
2175,0,CNV,0,1,0.5504894852638245
2176,0,CNV,0,1,0.6789024472236633
2177,0,CNV,0,1,0.6034696698188782
2178,0,CNV,0,1,0.5963136553764343
2179,0,CNV,0,1,0.15264417231082916
2180,0,CNV,0,1,0.30666089057922363
2181,0,CNV,0,1,0.45488396286964417
2182,0,CNV,0,1,0.3513343930244446
2183,0,CNV,0,1,0.6176334619522095
2184,0,CNV,0,1,0.5937729477882385
2185,0,CNV,0,1,0.6776576042175293
2186,0,CNV,0,1,0.8177002668380737
2187,0,CNV,0,1,0.7129715085029602
2188,0,CNV,0,1,0.44669678807258606
2189,0,CNV,0,1,0.7845298051834106
2190,0,CNV,0,1,0.5889824628829956
2191,0,CNV,0,1,0.5698808431625366
2192,0,CNV,0,1,0.5357658863067627
2193,0,CNV,0,1,0.7752851843833923
2194,0,CNV,0,1,0.5460039377212524
2195,0,CNV,0,1,0.5906845331192017
2196,0,CNV,0,1,0.5357451438903809
2197,0,CNV,0,1,0.47149282693862915
2198,0,CNV,0,1,0.5519797205924988
2199,0,CNV,0,1,0.7083390951156616
2200,0,CNV,0,1,0.18217915296554565
2201,0,CNV,0,1,0.5758432745933533
2202,0,CNV,0,1,0.3435766398906708
2203,0,CNV,0,1,0.4296581745147705
2204,0,CNV,0,1,0.764872133731842
2205,0,CNV,0,1,0.5363263487815857
2206,0,CNV,0,1,0.6073682308197021
2207,0,CNV,0,1,0.4428485929965973
2208,0,CNV,0,1,0.504406213760376
2209,0,CNV,0,1,0.5115516781806946
2210,0,CNV,0,1,0.4746737480163574
2211,0,CNV,0,1,0.6595919728279114
2212,0,CNV,0,1,0.7323445677757263
2213,0,CNV,0,1,0.6068548560142517
2214,0,CNV,0,1,0.6179168820381165
2215,0,CNV,0,1,0.2778267562389374
2216,0,CNV,0,1,0.48381954431533813
2217,0,CNV,0,1,0.5627212524414062
2218,0,CNV,0,1,0.765074610710144
2219,0,CNV,0,1,0.7781129479408264
2220,0,CNV,0,1,0.6371740102767944
2221,0,CNV,0,1,0.5037408471107483
2222,0,CNV,0,1,0.6987923383712769
2223,0,CNV,0,1,0.6345325708389282
2224,0,CNV,0,1,0.7763548493385315
2225,0,CNV,0,1,0.6016144156455994
2226,0,CNV,0,1,0.2205430567264557
2227,0,CNV,0,1,0.671602189540863
2228,0,CNV,0,1,0.6867350339889526
2229,0,CNV,0,1,0.4109434485435486
2230,0,CNV,0,1,0.6707199215888977
2231,0,CNV,0,1,0.19978639483451843
2232,0,CNV,0,1,0.6927867531776428
2233,0,CNV,0,1,0.6040507555007935
2234,0,CNV,0,1,0.6239344477653503
2235,0,CNV,0,1,0.5616832375526428
2236,0,CNV,0,1,0.5685258507728577
2237,0,CNV,0,1,0.4337253272533417
2238,0,CNV,0,1,0.5244008302688599
2239,0,CNV,0,1,0.6246002912521362
2240,0,CNV,0,1,0.7629529237747192
2241,0,CNV,0,1,0.5311228036880493
2242,0,CNV,0,1,0.5494372844696045
2243,0,CNV,0,1,0.316292941570282
2244,0,CNV,2,0,0.7008821368217468
2245,0,CNV,0,1,0.588189959526062
2246,0,CNV,0,1,0.7693509459495544
2247,0,CNV,0,1,0.7088004946708679
2248,0,CNV,0,1,0.49643006920814514
2249,0,CNV,0,1,0.3968784213066101
2250,0,CNV,0,1,0.5426852107048035
2251,0,CNV,0,1,0.6146960854530334
2252,0,CNV,0,1,0.497466504573822
2253,0,CNV,0,1,0.5924752950668335
2254,0,CNV,0,1,0.6060712933540344
2255,0,CNV,0,1,0.658027708530426
2256,0,CNV,0,1,0.6097627878189087
2257,0,CNV,0,1,0.3028497099876404
2258,0,CNV,0,1,0.5404235124588013
2259,0,CNV,0,1,0.6608281135559082
2260,0,CNV,0,1,0.6789180636405945
2261,0,CNV,0,1,0.5464023351669312
2262,0,CNV,0,1,0.46495166420936584
2263,0,CNV,0,1,0.6878724098205566
2264,0,CNV,0,1,0.6030158400535583
2265,0,CNV,0,1,0.6876750588417053
2266,0,CNV,0,1,0.5294795036315918
2267,0,CNV,2,0,0.7317638397216797
2268,0,CNV,0,1,0.4405064582824707
2269,0,CNV,0,1,0.49201998114585876
2270,0,CNV,0,1,0.7072376012802124
2271,0,CNV,0,1,0.7372074127197266
2272,0,CNV,0,1,0.7284010052680969
2273,0,CNV,0,1,0.43567508459091187
2274,0,CNV,0,1,0.5030345320701599
2275,0,CNV,0,1,0.48173069953918457
2276,0,CNV,0,1,0.7398655414581299
2277,0,CNV,0,1,0.5570378303527832
2278,0,CNV,0,1,0.6599457263946533
2279,0,CNV,0,1,0.634474515914917
2280,0,CNV,0,1,0.5742181539535522
2281,0,CNV,0,1,0.7122913002967834
2282,0,CNV,0,1,0.4561986029148102
2283,0,CNV,0,1,0.6006984710693359
2284,0,CNV,0,1,0.3401775658130646
2285,0,CNV,0,1,0.6540651917457581
2286,0,CNV,0,1,0.7985717058181763
2287,0,CNV,0,1,0.6204089522361755
2288,0,CNV,0,1,0.6246269345283508
2289,0,CNV,0,1,0.4398294687271118
2290,0,CNV,0,1,0.597351610660553
2291,0,CNV,0,1,0.5810611844062805
2292,0,CNV,0,1,0.5420048832893372
2293,0,CNV,0,1,0.5375701785087585
2294,0,CNV,0,1,0.5399031639099121
2295,0,CNV,0,1,0.7041518688201904
2296,0,CNV,0,1,0.4068205654621124
2297,0,CNV,0,1,0.22872009873390198
2298,0,CNV,0,1,0.7892305254936218
2299,0,CNV,0,1,0.662602961063385
2300,0,CNV,0,1,0.5986413359642029
2301,0,CNV,0,1,0.5569731593132019
2302,0,CNV,0,1,0.4466622769832611
2303,0,CNV,0,1,0.6644846200942993
2304,0,CNV,0,1,0.31709665060043335
2305,0,CNV,0,1,0.5897454023361206
2306,0,CNV,0,1,0.5249084830284119
2307,0,CNV,0,1,0.689720094203949
2308,0,CNV,0,1,0.6433876752853394
2309,0,CNV,0,1,0.44142594933509827
2310,0,CNV,0,1,0.6483080387115479
2311,0,CNV,0,1,0.7342780232429504
2312,0,CNV,0,1,0.21628038585186005
2313,0,CNV,0,1,0.5081272125244141
2314,0,CNV,2,0,0.7883378863334656
2315,0,CNV,0,1,0.7452688217163086
2316,0,CNV,0,1,0.730724036693573
2317,0,CNV,0,1,0.6539224982261658
2318,0,CNV,0,1,0.1948772519826889
2319,0,CNV,0,1,0.6914663314819336
2320,0,CNV,0,1,0.6264975070953369
2321,0,CNV,0,1,0.7042805552482605
2322,0,CNV,0,1,0.7205961346626282
2323,0,CNV,0,1,0.5977418422698975
2324,0,CNV,0,1,0.5887501239776611
2325,0,CNV,0,1,0.49329790472984314
2326,0,CNV,0,1,0.4542991518974304
2327,0,CNV,0,1,0.19488835334777832
2328,0,CNV,0,1,0.6336947679519653
2329,0,CNV,0,1,0.4859197437763214
2330,0,CNV,0,1,0.6812402009963989
2331,0,CNV,0,1,0.08346842974424362
2332,0,CNV,0,1,0.6404436230659485
2333,0,CNV,0,1,0.49242985248565674
2334,0,CNV,0,1,0.6012755632400513
2335,0,CNV,0,1,0.11083526164293289
2336,0,CNV,0,1,0.6394231915473938
2337,0,CNV,0,1,0.607205331325531
2338,0,CNV,0,1,0.534817099571228
2339,0,CNV,0,1,0.6884573698043823
2340,0,CNV,0,1,0.3730239272117615
2341,0,CNV,0,1,0.8076231479644775
2342,0,CNV,0,1,0.8079167604446411
2343,0,CNV,0,1,0.49666622281074524
2344,0,CNV,0,1,0.6041262745857239
2345,0,CNV,0,1,0.3675435781478882
2346,0,CNV,0,1,0.31167784333229065
2347,0,CNV,0,1,0.6142114400863647
2348,0,CNV,0,1,0.6087889075279236
2349,0,CNV,0,1,0.4704681932926178
2350,0,CNV,0,1,0.6087532639503479
2351,0,CNV,0,1,0.529059648513794
2352,0,CNV,0,1,0.2286662608385086
2353,0,CNV,0,1,0.1637813001871109
2354,0,CNV,0,1,0.4854642152786255
2355,0,CNV,0,1,0.566327691078186
2356,0,CNV,0,1,0.539332389831543
2357,0,CNV,0,1,0.5054542422294617
2358,0,CNV,0,1,0.2491886019706726
2359,0,CNV,0,1,0.5087680816650391
2360,0,CNV,0,1,0.4516860246658325
2361,0,CNV,0,1,0.757838249206543
2362,0,CNV,0,1,0.45641812682151794
2363,0,CNV,0,1,0.7430524230003357
2364,0,CNV,0,1,0.5402812361717224
2365,0,CNV,0,1,0.3149680197238922
2366,0,CNV,0,1,0.46858102083206177
2367,0,CNV,0,1,0.0986195057630539
2368,0,CNV,0,1,0.6415010690689087
2369,0,CNV,0,1,0.49167075753211975
2370,0,CNV,0,1,0.4958652853965759
2371,0,CNV,0,1,0.7028865814208984
2372,0,CNV,0,1,0.660206139087677
2373,0,CNV,0,1,0.6569605469703674
2374,0,CNV,0,1,0.6780548691749573
2375,0,CNV,0,1,0.5056315064430237
2376,0,CNV,0,1,0.6121770739555359
2377,0,CNV,0,1,0.6918799877166748
2378,0,CNV,0,1,0.6759672164916992
2379,0,CNV,0,1,0.5555135011672974
2380,0,CNV,0,1,0.5453492999076843
2381,0,CNV,0,1,0.5368444323539734
2382,0,CNV,0,1,0.49736839532852173
2383,0,CNV,0,1,0.5326945781707764
2384,0,CNV,0,1,0.468887597322464
2385,0,CNV,0,1,0.782705545425415
2386,0,CNV,0,1,0.6529868245124817
2387,0,CNV,0,1,0.31730884313583374
2388,0,CNV,0,1,0.5072765350341797
2389,0,CNV,0,1,0.6105613112449646
2390,0,CNV,0,1,0.7467798590660095
2391,0,CNV,0,1,0.6432742476463318
2392,0,CNV,0,1,0.5607627630233765
2393,0,CNV,0,1,0.536035418510437
2394,0,CNV,0,1,0.6264060139656067
2395,0,CNV,0,1,0.3531767427921295
2396,0,CNV,0,1,0.6301317811012268
2397,0,CNV,0,1,0.5780627727508545
2398,0,CNV,0,1,0.46431928873062134
2399,0,CNV,0,1,0.5962173342704773
2400,0,CNV,0,1,0.8459259271621704
2401,0,CNV,0,1,0.6869226098060608
2402,0,CNV,0,1,0.5164498090744019
2403,0,CNV,0,1,0.5780096650123596
2404,0,CNV,0,1,0.7697218656539917
2405,0,CNV,0,1,0.6982070803642273
2406,0,CNV,0,1,0.4439143240451813
2407,0,CNV,0,1,0.6042672991752625
2408,0,CNV,0,1,0.41877707839012146
2409,0,CNV,0,1,0.6897222399711609
2410,0,CNV,0,1,0.7603910565376282
2411,0,CNV,0,1,0.7436374425888062
2412,0,CNV,0,1,0.5207362771034241
2413,0,CNV,0,1,0.6282604932785034
2414,0,CNV,0,1,0.6640063524246216
2415,0,CNV,0,1,0.7403883337974548
2416,0,CNV,0,1,0.39800402522087097
2417,0,CNV,0,1,0.5598539113998413
2418,0,CNV,0,1,0.5024030804634094
2419,0,CNV,0,1,0.5471881031990051
2420,0,CNV,0,1,0.7686495184898376
2421,0,CNV,0,1,0.6790514588356018
2422,0,CNV,2,0,0.7179473638534546
2423,0,CNV,0,1,0.7384374141693115
2424,0,CNV,0,1,0.7278444170951843
2425,0,CNV,0,1,0.44173744320869446
2426,0,CNV,0,1,0.5614574551582336
2427,0,CNV,0,1,0.5602708458900452
2428,0,CNV,0,1,0.7042814493179321
2429,0,CNV,2,0,0.25790953636169434
2430,0,CNV,0,1,0.5105225443840027
2431,0,CNV,0,1,0.42144128680229187
2432,0,CNV,0,1,0.728309690952301
2433,0,CNV,0,1,0.6610912084579468
2434,0,CNV,0,1,0.7436228394508362
2435,0,CNV,0,1,0.5887758731842041
2436,0,CNV,0,1,0.691630482673645
2437,0,CNV,0,1,0.6914663314819336
2438,0,CNV,0,1,0.5597864389419556
2439,0,CNV,0,1,0.2647118866443634
2440,0,CNV,0,1,0.5095452666282654
2441,0,CNV,0,1,0.7358802556991577
2442,0,CNV,0,1,0.5819118022918701
2443,0,CNV,0,1,0.3583221733570099
2444,0,CNV,0,1,0.6411331295967102
2445,0,CNV,0,1,0.4921022057533264
2446,0,CNV,0,1,0.6321457028388977
2447,0,CNV,0,1,0.6057828068733215
2448,0,CNV,1,0,0.5063048005104065
2449,0,CNV,0,1,0.6533821225166321
2450,0,CNV,0,1,0.6505759358406067
2451,0,CNV,0,1,0.33946311473846436
2452,0,CNV,0,1,0.09691797196865082
2453,0,CNV,0,1,0.4651300013065338
2454,0,CNV,0,1,0.6115588545799255
2455,0,CNV,0,1,0.6903074383735657
2456,0,CNV,0,1,0.6018775105476379
2457,0,CNV,0,1,0.6442165970802307
2458,0,CNV,0,1,0.3403720557689667
2459,0,CNV,0,1,0.7288594245910645
2460,0,CNV,0,1,0.6496894359588623
2461,0,CNV,0,1,0.7956035733222961
2462,0,CNV,0,1,0.4740005433559418
2463,0,CNV,0,1,0.5590299367904663
2464,0,CNV,0,1,0.6117924451828003
2465,0,CNV,0,1,0.7735912799835205
2466,0,CNV,0,1,0.7824788093566895
2467,0,CNV,0,1,0.688949465751648
2468,0,CNV,0,1,0.6742945909500122
2469,0,CNV,0,1,0.3625646233558655
2470,0,CNV,0,1,0.6748790740966797
2471,0,CNV,0,1,0.5980110764503479
2472,0,CNV,0,1,0.4890231490135193
2473,0,CNV,0,1,0.6957745552062988
2474,0,CNV,0,1,0.5414219498634338
2475,0,CNV,0,1,0.8038337230682373
2476,0,CNV,0,1,0.5600312352180481
2477,0,CNV,0,1,0.5197030305862427
2478,0,CNV,0,1,0.666896641254425
2479,0,CNV,0,1,0.6708669066429138
2480,0,CNV,2,0,0.7187859416007996
2481,0,CNV,0,1,0.5301257967948914
2482,0,CNV,0,1,0.5537111759185791
2483,0,CNV,0,1,0.5327391028404236
2484,0,CNV,0,1,0.5350456237792969
2485,0,CNV,0,1,0.3943067491054535
2486,0,CNV,0,1,0.7753567099571228
2487,0,CNV,0,1,0.5496881604194641
2488,0,CNV,0,1,0.5181812644004822
2489,0,CNV,0,1,0.43229618668556213
2490,0,CNV,0,1,0.5968876481056213
2491,0,CNV,0,1,0.629041850566864
2492,0,CNV,0,1,0.6087268590927124
2493,0,CNV,0,1,0.5942086577415466
2494,0,CNV,0,1,0.5240927934646606
2495,0,CNV,0,1,0.5853019952774048
2496,0,CNV,0,1,0.39654359221458435
2497,0,CNV,0,1,0.6929154992103577
2498,0,CNV,0,1,0.7749678492546082
2499,0,CNV,0,1,0.7023354172706604
2500,0,CNV,0,1,0.6059489250183105
2501,0,CNV,0,1,0.5083878636360168
2502,0,CNV,0,1,0.5270760655403137
2503,0,CNV,0,1,0.5431143641471863
2504,0,CNV,0,1,0.5709414482116699
2505,0,CNV,0,1,0.49294039607048035
2506,0,CNV,0,1,0.6568106412887573
2507,0,CNV,0,1,0.23586773872375488
2508,0,CNV,0,1,0.46344321966171265
2509,0,CNV,0,1,0.25079840421676636
2510,0,CNV,0,1,0.4222235679626465
2511,0,CNV,0,1,0.6550113558769226
2512,0,CNV,0,1,0.5848917961120605
2513,0,CNV,0,1,0.41593748331069946
2514,0,CNV,0,1,0.5263174772262573
2515,0,CNV,0,1,0.7374838590621948
2516,0,CNV,0,1,0.5390135049819946
2517,0,CNV,0,1,0.6687939167022705
2518,0,CNV,0,1,0.6075845956802368
2519,0,CNV,0,1,0.477061003446579
2520,0,CNV,0,1,0.5417982339859009
2521,0,CNV,0,1,0.6704528331756592
2522,0,CNV,0,1,0.8430622816085815
2523,0,CNV,0,1,0.5166729688644409
2524,0,CNV,2,0,0.5438709855079651
2525,0,CNV,0,1,0.5864390134811401
2526,0,CNV,0,1,0.564253032207489
2527,0,CNV,0,1,0.5721635222434998
2528,0,CNV,0,1,0.647487461566925
2529,0,CNV,0,1,0.4964211583137512
2530,0,CNV,0,1,0.707796573638916
2531,0,CNV,2,0,0.4709447920322418
2532,0,CNV,0,1,0.3432909846305847
2533,0,CNV,0,1,0.3214203417301178
2534,0,CNV,0,1,0.7468482851982117
2535,0,CNV,0,1,0.512679934501648
2536,0,CNV,0,1,0.4956604540348053
2537,0,CNV,0,1,0.5975877046585083
2538,0,CNV,0,1,0.75454181432724
2539,0,CNV,0,1,0.48021212220191956
2540,0,CNV,0,1,0.47473740577697754
2541,0,CNV,0,1,0.614395260810852
2542,0,CNV,0,1,0.5486369729042053
2543,0,CNV,0,1,0.646479606628418
2544,0,CNV,0,1,0.5024836659431458
2545,0,CNV,0,1,0.6458157300949097
2546,0,CNV,0,1,0.6586365103721619
2547,0,CNV,2,0,0.7023646831512451
2548,0,CNV,0,1,0.4963538944721222
2549,0,CNV,0,1,0.5350217223167419
2550,0,CNV,0,1,0.5097851753234863
2551,0,CNV,0,1,0.47877222299575806
2552,0,CNV,0,1,0.6908858418464661
2553,0,CNV,0,1,0.500895082950592
2554,0,CNV,0,1,0.5399446487426758
2555,0,CNV,0,1,0.5427387356758118
2556,0,CNV,0,1,0.2799980342388153
2557,0,CNV,0,1,0.5826119184494019
2558,0,CNV,0,1,0.6337907910346985
2559,0,CNV,0,1,0.6875408887863159
2560,0,CNV,0,1,0.511279284954071
2561,0,CNV,0,1,0.7380620837211609
2562,0,CNV,0,1,0.3616037964820862
2563,0,CNV,0,1,0.5585899353027344
2564,0,CNV,0,1,0.5979007482528687
2565,0,CNV,0,1,0.5542464852333069
2566,0,CNV,0,1,0.6135783195495605
2567,0,CNV,0,1,0.5260539054870605
2568,0,CNV,0,1,0.7060779929161072
2569,0,CNV,0,1,0.5807168483734131
2570,0,CNV,0,1,0.7516843676567078
2571,0,CNV,0,1,0.5222698450088501
2572,0,CNV,0,1,0.46083909273147583
2573,0,CNV,0,1,0.5725002884864807
2574,0,CNV,0,1,0.5298259258270264
2575,0,CNV,0,1,0.6275118589401245
2576,0,CNV,0,1,0.4808911085128784
2577,0,CNV,0,1,0.6063913106918335
2578,0,CNV,0,1,0.7311888933181763
2579,0,CNV,0,1,0.7009440064430237
2580,0,CNV,0,1,0.20044808089733124
2581,0,CNV,0,1,0.7203202247619629
2582,0,CNV,0,1,0.5263888239860535
2583,0,CNV,0,1,0.4647650718688965
2584,0,CNV,0,1,0.5291202664375305
2585,0,CNV,0,1,0.5811997056007385
2586,0,CNV,0,1,0.6823517680168152
2587,0,CNV,0,1,0.7465833425521851
2588,0,CNV,0,1,0.19992347061634064
2589,0,CNV,0,1,0.45209065079689026
2590,0,CNV,0,1,0.7220990061759949
2591,0,CNV,0,1,0.5663411617279053
2592,0,CNV,0,1,0.6033024191856384
2593,0,CNV,0,1,0.47445929050445557
2594,0,CNV,0,1,0.475456178188324
2595,0,CNV,0,1,0.7445666193962097
2596,0,CNV,0,1,0.6156120896339417
2597,0,CNV,0,1,0.4235515892505646
2598,0,CNV,0,1,0.6098965406417847
2599,0,CNV,0,1,0.6271335482597351
2600,0,CNV,0,1,0.5075632333755493
2601,0,CNV,0,1,0.5471091866493225
2602,0,CNV,0,1,0.39004623889923096
2603,0,CNV,0,1,0.6566711664199829
2604,0,CNV,0,1,0.4490247070789337
2605,0,CNV,0,1,0.5912835597991943
2606,0,CNV,0,1,0.654495894908905
2607,0,CNV,0,1,0.3584572374820709
2608,0,CNV,0,1,0.5036970376968384
2609,0,CNV,0,1,0.7183231711387634
2610,0,CNV,0,1,0.5789396166801453
2611,0,CNV,0,1,0.802565336227417
2612,0,CNV,0,1,0.754186749458313
2613,0,CNV,0,1,0.4349745213985443
2614,0,CNV,0,1,0.4073790907859802
2615,0,CNV,0,1,0.30490800738334656
2616,0,CNV,0,1,0.5432088375091553
2617,0,CNV,0,1,0.43856972455978394
2618,0,CNV,0,1,0.5533546805381775
2619,0,CNV,0,1,0.5549881458282471
2620,0,CNV,0,1,0.5335147380828857
2621,0,CNV,0,1,0.6963208913803101
2622,0,CNV,0,1,0.6367141604423523
2623,0,CNV,0,1,0.6758227944374084
2624,0,CNV,0,1,0.7882479429244995
2625,0,CNV,0,1,0.3745799660682678
2626,0,CNV,0,1,0.725014328956604
2627,0,CNV,0,1,0.623500406742096
2628,0,CNV,0,1,0.5771558880805969
2629,0,CNV,0,1,0.5979954600334167
2630,0,CNV,0,1,0.6019283533096313
2631,0,CNV,0,1,0.451998233795166
2632,0,CNV,0,1,0.5843865871429443
2633,0,CNV,0,1,0.44450023770332336
2634,0,CNV,0,1,0.5563640594482422
2635,0,CNV,0,1,0.3577267825603485
2636,0,CNV,0,1,0.4871568977832794
2637,0,CNV,0,1,0.5057218670845032
2638,0,CNV,0,1,0.622347891330719
2639,0,CNV,0,1,0.8062183856964111
2640,0,CNV,0,1,0.7585814595222473
2641,0,CNV,0,1,0.4075624942779541
2642,0,CNV,0,1,0.6063331365585327
2643,0,CNV,0,1,0.6784011125564575
2644,0,CNV,0,1,0.5222728848457336
2645,0,CNV,0,1,0.277090847492218
2646,0,CNV,0,1,0.2257578819990158
2647,0,CNV,0,1,0.6365232467651367
2648,0,CNV,0,1,0.4957299828529358
2649,0,CNV,0,1,0.6239484548568726
2650,0,CNV,0,1,0.5531545281410217
2651,0,CNV,0,1,0.5054750442504883
2652,0,CNV,0,1,0.62088543176651
2653,0,CNV,0,1,0.5834404826164246
2654,0,CNV,0,1,0.5595273971557617
2655,0,CNV,0,1,0.5645036101341248
2656,0,CNV,0,1,0.6627758741378784
2657,0,CNV,0,1,0.5791634321212769
2658,0,CNV,0,1,0.5736655592918396
2659,0,CNV,0,1,0.46091681718826294
2660,0,CNV,0,1,0.5804876089096069
2661,0,CNV,0,1,0.6385964155197144
2662,0,CNV,0,1,0.4847942590713501
2663,0,CNV,0,1,0.44972148537635803
2664,0,CNV,0,1,0.6342780590057373
2665,0,CNV,0,1,0.5736855864524841
2666,0,CNV,0,1,0.693645715713501
2667,0,CNV,0,1,0.5146230459213257
2668,0,CNV,0,1,0.5857577323913574
2669,0,CNV,0,1,0.621401846408844
2670,0,CNV,0,1,0.49729588627815247
2671,0,CNV,0,1,0.7020322680473328
2672,0,CNV,0,1,0.7255823016166687
2673,0,CNV,0,1,0.6456550359725952
2674,0,CNV,0,1,0.7152113914489746
2675,0,CNV,0,1,0.503768265247345
2676,0,CNV,0,1,0.5549381971359253
2677,0,CNV,0,1,0.6610165238380432
2678,0,CNV,0,1,0.539691150188446
2679,0,CNV,0,1,0.631295382976532
2680,0,CNV,0,1,0.6404363512992859
2681,0,CNV,0,1,0.545644223690033
2682,0,CNV,0,1,0.6559966802597046
2683,0,CNV,0,1,0.21217389404773712
2684,0,CNV,0,1,0.6127282381057739
2685,0,CNV,0,1,0.6930517554283142
2686,0,CNV,0,1,0.12640511989593506
2687,0,CNV,0,1,0.6955370903015137
2688,0,CNV,0,1,0.5461044907569885
2689,0,CNV,0,1,0.5841641426086426
2690,0,CNV,0,1,0.5955702662467957
2691,0,CNV,0,1,0.6799769997596741
2692,0,CNV,0,1,0.4841448962688446
2693,0,CNV,0,1,0.760725200176239
2694,0,CNV,0,1,0.547572910785675
2695,0,CNV,0,1,0.6115736961364746
2696,0,CNV,0,1,0.5683307647705078
2697,0,CNV,0,1,0.633866012096405
2698,0,CNV,0,1,0.7403301000595093
2699,0,CNV,0,1,0.5008520483970642
2700,0,CNV,0,1,0.6461463570594788
2701,0,CNV,0,1,0.663250744342804
2702,0,CNV,0,1,0.6733783483505249
2703,0,CNV,0,1,0.6098082661628723
2704,0,CNV,0,1,0.6527431011199951
2705,0,CNV,0,1,0.5117131471633911
2706,0,CNV,0,1,0.6384741067886353
2707,0,CNV,0,1,0.50441575050354
2708,0,CNV,0,1,0.5090952515602112
2709,0,CNV,0,1,0.5903359055519104
2710,0,CNV,0,1,0.5683996677398682
2711,0,CNV,0,1,0.6999572515487671
2712,0,CNV,0,1,0.753860592842102
2713,0,CNV,0,1,0.7520044445991516
2714,0,CNV,0,1,0.5790174603462219
2715,0,CNV,0,1,0.2840798795223236
2716,0,CNV,0,1,0.20454777777194977
2717,0,CNV,0,1,0.5545181632041931
2718,0,CNV,0,1,0.6046396493911743
2719,0,CNV,0,1,0.3413067162036896
2720,0,CNV,0,1,0.44510310888290405
2721,0,CNV,0,1,0.7668594121932983
2722,0,CNV,0,1,0.4958440661430359
2723,0,CNV,0,1,0.17456841468811035
2724,0,CNV,0,1,0.5812584161758423
2725,0,CNV,0,1,0.6254335641860962
2726,0,CNV,0,1,0.5841997861862183
2727,0,CNV,0,1,0.6323633193969727
2728,0,CNV,0,1,0.588270366191864
2729,0,CNV,0,1,0.47090813517570496
2730,0,CNV,0,1,0.6470131874084473
2731,0,CNV,0,1,0.5858882069587708
2732,0,CNV,0,1,0.5960879325866699
2733,0,CNV,0,1,0.550723135471344
2734,0,CNV,0,1,0.6329206824302673
2735,0,CNV,0,1,0.767333984375
2736,0,CNV,0,1,0.7055791616439819
2737,0,CNV,0,1,0.48677858710289
2738,0,CNV,0,1,0.7297351956367493
2739,0,CNV,0,1,0.4447323679924011
2740,0,CNV,0,1,0.14382576942443848
2741,0,CNV,0,1,0.44584617018699646
2742,0,CNV,0,1,0.6183180809020996
2743,0,CNV,0,1,0.6155626773834229
2744,0,CNV,0,1,0.746521532535553
2745,0,CNV,0,1,0.7195501327514648
2746,0,CNV,0,1,0.5964255332946777
2747,0,CNV,0,1,0.5692533254623413
2748,0,CNV,0,1,0.3962666094303131
2749,0,CNV,2,0,0.7507632374763489
2750,0,CNV,0,1,0.4514012634754181
2751,0,CNV,0,1,0.5108688473701477
2752,0,CNV,0,1,0.5650678873062134
2753,0,CNV,0,1,0.6489189863204956
2754,0,CNV,0,1,0.8322864174842834
2755,0,CNV,0,1,0.5671191215515137
2756,0,CNV,0,1,0.36530178785324097
2757,0,CNV,0,1,0.6225112676620483
2758,0,CNV,0,1,0.5952345132827759
2759,0,CNV,0,1,0.5480086803436279
2760,0,CNV,0,1,0.34725162386894226
2761,0,CNV,0,1,0.6892033219337463
2762,0,CNV,0,1,0.5635648369789124
2763,0,CNV,0,1,0.7487367391586304
2764,0,CNV,0,1,0.5739312171936035
2765,0,CNV,0,1,0.6073495149612427
2766,0,CNV,0,1,0.521295964717865
2767,0,CNV,0,1,0.6409484148025513
2768,0,CNV,0,1,0.6148499250411987
2769,0,CNV,2,0,0.7141505479812622
2770,0,CNV,0,1,0.43781232833862305
2771,0,CNV,0,1,0.5210368633270264
2772,0,CNV,0,1,0.4045170843601227
2773,0,CNV,0,1,0.635475218296051
2774,0,CNV,0,1,0.449224591255188
2775,0,CNV,0,1,0.5488234758377075
2776,0,CNV,0,1,0.6707203388214111
2777,0,CNV,0,1,0.7200998663902283
2778,0,CNV,0,1,0.7277092337608337
2779,0,CNV,0,1,0.706900954246521
2780,0,CNV,0,1,0.6519983410835266
2781,0,CNV,0,1,0.5331518054008484
2782,0,CNV,0,1,0.6470944285392761
2783,0,CNV,0,1,0.6187185049057007
2784,0,CNV,0,1,0.5814177989959717
2785,0,CNV,0,1,0.5346348285675049
2786,0,CNV,0,1,0.7035988569259644
2787,0,CNV,0,1,0.5378342270851135
2788,0,CNV,0,1,0.8244811296463013
2789,0,CNV,0,1,0.5666736364364624
2790,0,CNV,0,1,0.4653933346271515
2791,0,CNV,0,1,0.8114593625068665
2792,0,CNV,0,1,0.7559424638748169
2793,0,CNV,0,1,0.6316859722137451
2794,0,CNV,0,1,0.624972939491272
2795,0,CNV,0,1,0.4386840760707855
2796,0,CNV,0,1,0.3488285541534424
2797,0,CNV,0,1,0.6568223237991333
2798,0,CNV,0,1,0.6353051662445068
2799,0,CNV,0,1,0.7819153070449829
2800,0,CNV,0,1,0.6733371019363403
2801,0,CNV,0,1,0.48847636580467224
2802,0,CNV,0,1,0.5030189752578735
2803,0,CNV,1,0,0.19500990211963654
2804,0,CNV,0,1,0.8270540237426758
2805,0,CNV,0,1,0.5779003500938416
2806,0,CNV,0,1,0.6145583987236023
2807,0,CNV,0,1,0.4461950659751892
2808,0,CNV,0,1,0.4963831305503845
2809,0,CNV,0,1,0.45310109853744507
2810,0,CNV,0,1,0.5057786703109741
2811,0,CNV,0,1,0.5334761142730713
2812,0,CNV,0,1,0.5848281383514404
2813,0,CNV,0,1,0.8058142066001892
2814,0,CNV,0,1,0.6099849343299866
2815,0,CNV,0,1,0.5194619297981262
2816,0,CNV,0,1,0.6977053880691528
2817,0,CNV,0,1,0.6034430265426636
2818,0,CNV,0,1,0.48138102889060974
2819,0,CNV,0,1,0.677446722984314
2820,0,CNV,0,1,0.3617684245109558
2821,0,CNV,0,1,0.7454062104225159
2822,0,CNV,0,1,0.55268794298172
2823,0,CNV,0,1,0.6988047361373901
2824,0,CNV,0,1,0.6014527082443237
2825,0,CNV,0,1,0.6682618260383606
2826,0,CNV,0,1,0.604485273361206
2827,0,CNV,0,1,0.6499363780021667
2828,0,CNV,0,1,0.7097721695899963
2829,0,CNV,0,1,0.5090655088424683
2830,0,CNV,0,1,0.4807981252670288
2831,0,CNV,0,1,0.710112452507019
2832,0,CNV,0,1,0.7878084182739258
2833,0,CNV,0,1,0.49083322286605835
2834,0,CNV,0,1,0.594863772392273
2835,0,CNV,0,1,0.5646998882293701
2836,0,CNV,0,1,0.550463855266571
2837,0,CNV,0,1,0.7053645253181458
2838,0,CNV,0,1,0.4815473258495331
2839,0,CNV,0,1,0.7142907381057739
2840,0,CNV,0,1,0.5798153877258301
2841,0,CNV,0,1,0.6725634932518005
2842,0,CNV,0,1,0.6392149925231934
2843,0,CNV,0,1,0.6142807602882385
2844,0,CNV,0,1,0.5219229459762573
2845,0,CNV,0,1,0.7545434832572937
2846,0,CNV,0,1,0.746976375579834
2847,0,CNV,0,1,0.515277087688446
2848,0,CNV,0,1,0.7935318946838379
2849,0,CNV,0,1,0.5493866205215454
2850,0,CNV,0,1,0.7377952337265015
2851,0,CNV,0,1,0.7555608153343201
2852,0,CNV,0,1,0.5263824462890625
2853,0,CNV,0,1,0.5869545936584473
2854,0,CNV,0,1,0.5451381206512451
2855,0,CNV,0,1,0.6723722219467163
2856,0,CNV,0,1,0.5558646321296692
2857,0,CNV,0,1,0.4460868239402771
2858,0,CNV,0,1,0.7571073770523071
2859,0,CNV,0,1,0.700788676738739
2860,0,CNV,0,1,0.6389614939689636
2861,0,CNV,0,1,0.4825652539730072
2862,0,CNV,0,1,0.3926413953304291
2863,0,CNV,0,1,0.5430397391319275
2864,0,CNV,0,1,0.58383709192276
2865,0,CNV,2,0,0.6201198697090149
2866,0,CNV,0,1,0.8359590172767639
2867,0,CNV,0,1,0.19049353897571564
2868,0,CNV,0,1,0.497314989566803
2869,0,CNV,0,1,0.5741198658943176
2870,0,CNV,3,0,0.29583874344825745
2871,0,CNV,0,1,0.61899334192276
2872,0,CNV,0,1,0.6344209313392639
2873,0,CNV,0,1,0.6366091966629028
2874,0,CNV,0,1,0.5592980980873108
2875,0,CNV,0,1,0.35068461298942566
2876,0,CNV,0,1,0.567507803440094
2877,0,CNV,0,1,0.672601580619812
2878,0,CNV,0,1,0.5059946179389954
2879,0,CNV,0,1,0.6090607047080994
2880,0,CNV,0,1,0.50924152135849
2881,0,CNV,0,1,0.49605798721313477
2882,0,CNV,0,1,0.7258345484733582
2883,0,CNV,0,1,0.47099795937538147
2884,0,CNV,0,1,0.5156436562538147
2885,0,CNV,0,1,0.3452317714691162
2886,0,CNV,0,1,0.6934396028518677
2887,0,CNV,0,1,0.5949077010154724
2888,0,CNV,0,1,0.3923611044883728
2889,0,CNV,0,1,0.5305833220481873
2890,0,CNV,0,1,0.6357908248901367
2891,0,CNV,0,1,0.6725202202796936
2892,0,CNV,0,1,0.3386153280735016
2893,0,CNV,0,1,0.31809180974960327
2894,0,CNV,2,0,0.43857136368751526
2895,0,CNV,0,1,0.45583009719848633
2896,0,CNV,0,1,0.48977982997894287
2897,0,CNV,0,1,0.7623754143714905
2898,0,CNV,0,1,0.7005791664123535
2899,0,CNV,0,1,0.45847848057746887
2900,0,CNV,0,1,0.5829687714576721
2901,0,CNV,0,1,0.743777871131897
2902,0,CNV,0,1,0.5252190232276917
2903,0,CNV,0,1,0.6385413408279419
2904,0,CNV,0,1,0.3329436779022217
2905,0,CNV,0,1,0.485643595457077
2906,0,CNV,0,1,0.7006679773330688
2907,0,CNV,0,1,0.6222860217094421
2908,0,CNV,0,1,0.6679974794387817
2909,0,CNV,0,1,0.6472120881080627
2910,0,CNV,0,1,0.333294153213501
2911,0,CNV,0,1,0.6378571391105652
2912,0,CNV,0,1,0.22278723120689392
2913,0,CNV,0,1,0.27467742562294006
2914,0,CNV,0,1,0.6876087188720703
2915,0,CNV,0,1,0.555274486541748
2916,0,CNV,0,1,0.5591758489608765
2917,0,CNV,0,1,0.7588207125663757
2918,0,CNV,0,1,0.5234830975532532
2919,0,CNV,0,1,0.4870721995830536
2920,0,CNV,0,1,0.5255931615829468
2921,0,CNV,0,1,0.5229977965354919
2922,0,CNV,0,1,0.5568568110466003
2923,0,CNV,0,1,0.6126169562339783
2924,0,CNV,0,1,0.7173905372619629
2925,0,CNV,0,1,0.4672865569591522
2926,0,CNV,0,1,0.5636228322982788
2927,0,CNV,0,1,0.4285878539085388
2928,0,CNV,0,1,0.3213476538658142
2929,0,CNV,0,1,0.5356186628341675
2930,0,CNV,0,1,0.4981239438056946
2931,0,CNV,0,1,0.7502057552337646
2932,0,CNV,0,1,0.5689818859100342
2933,0,CNV,0,1,0.28767409920692444
2934,0,CNV,0,1,0.6681719422340393
2935,0,CNV,0,1,0.3839331269264221
2936,0,CNV,0,1,0.748473048210144
2937,0,CNV,0,1,0.4366840720176697
2938,0,CNV,0,1,0.6281871199607849
2939,0,CNV,0,1,0.4758571982383728
2940,0,CNV,0,1,0.3964650630950928
2941,0,CNV,0,1,0.54586261510849
2942,0,CNV,0,1,0.5297176837921143
2943,0,CNV,0,1,0.4054962992668152
2944,0,CNV,0,1,0.6737265586853027
2945,0,CNV,0,1,0.49861183762550354
2946,0,CNV,0,1,0.6013148427009583
2947,0,CNV,0,1,0.2693171799182892
2948,0,CNV,0,1,0.6137288808822632
2949,0,CNV,0,1,0.7553706169128418
2950,0,CNV,0,1,0.6360302567481995
2951,0,CNV,0,1,0.7756730318069458
2952,0,CNV,0,1,0.47507309913635254
2953,0,CNV,0,1,0.696754515171051
2954,0,CNV,0,1,0.6739223599433899
2955,0,CNV,0,1,0.5245010256767273
2956,0,CNV,0,1,0.5161565542221069
2957,0,CNV,0,1,0.4664791524410248
2958,0,CNV,0,1,0.521773636341095
2959,0,CNV,0,1,0.5666034817695618
2960,0,CNV,0,1,0.6843054294586182
2961,0,CNV,0,1,0.6935069561004639
2962,0,CNV,0,1,0.359176903963089
2963,0,CNV,0,1,0.5845967531204224
2964,0,CNV,0,1,0.5303272008895874
2965,0,CNV,0,1,0.4963019788265228
2966,0,CNV,0,1,0.6128937602043152
2967,0,CNV,0,1,0.6027410626411438
2968,0,CNV,0,1,0.12468604743480682
2969,0,CNV,0,1,0.487687349319458
2970,0,CNV,0,1,0.5806129574775696
2971,0,CNV,0,1,0.5028294324874878
2972,0,CNV,0,1,0.6552385687828064
2973,0,CNV,0,1,0.5618734359741211
2974,0,CNV,0,1,0.6963208913803101
2975,0,CNV,0,1,0.7032055854797363
2976,0,CNV,0,1,0.3278329372406006
2977,0,CNV,0,1,0.5961694121360779
2978,0,CNV,0,1,0.5229457020759583
2979,0,CNV,0,1,0.5005736351013184
2980,0,CNV,0,1,0.7867515683174133
2981,0,CNV,0,1,0.4777325391769409
2982,0,CNV,0,1,0.590606689453125
2983,0,CNV,0,1,0.5727354884147644
2984,0,CNV,0,1,0.6474421620368958
2985,0,CNV,0,1,0.6121894121170044
2986,0,CNV,0,1,0.6181057095527649
2987,0,CNV,0,1,0.6629468202590942
2988,0,CNV,0,1,0.5620826482772827
2989,0,CNV,0,1,0.17037703096866608
2990,0,CNV,0,1,0.15821599960327148
2991,0,CNV,0,1,0.5825937390327454
2992,0,CNV,0,1,0.6947392225265503
2993,0,CNV,0,1,0.5364648103713989
2994,0,CNV,0,1,0.5666685104370117
2995,0,CNV,0,1,0.5502175092697144
2996,0,CNV,0,1,0.3632417917251587
2997,0,CNV,0,1,0.675835371017456
2998,0,CNV,0,1,0.7706882357597351
2999,0,CNV,0,1,0.7505249977111816
3000,0,CNV,0,1,0.609665036201477
3001,0,CNV,0,1,0.5436662435531616
3002,0,CNV,0,1,0.6244365572929382
3003,0,CNV,0,1,0.5658169388771057
3004,0,CNV,1,0,0.772024929523468
3005,0,CNV,0,1,0.6283942461013794
3006,0,CNV,0,1,0.73052978515625
3007,0,CNV,0,1,0.654035747051239
3008,0,CNV,0,1,0.24979905784130096
3009,0,CNV,0,1,0.316056489944458
3010,0,CNV,0,1,0.5153912901878357
3011,0,CNV,0,1,0.7033215165138245
3012,0,CNV,0,1,0.5386041402816772
3013,0,CNV,0,1,0.5862258672714233
3014,0,CNV,0,1,0.7167336940765381
3015,0,CNV,0,1,0.5428141355514526
3016,0,CNV,0,1,0.4629271328449249
3017,0,CNV,0,1,0.5167658925056458
3018,0,CNV,0,1,0.531607985496521
3019,0,CNV,0,1,0.5791258811950684
3020,0,CNV,0,1,0.605674684047699
3021,0,CNV,0,1,0.566687285900116
3022,0,CNV,0,1,0.7591561675071716
3023,0,CNV,0,1,0.4688149392604828
3024,0,CNV,0,1,0.7651790380477905
3025,0,CNV,0,1,0.6067577004432678
3026,0,CNV,0,1,0.5303828120231628
3027,0,CNV,0,1,0.6177845001220703
3028,0,CNV,0,1,0.4238719046115875
3029,0,CNV,0,1,0.5863208770751953
3030,0,CNV,0,1,0.6541609168052673
3031,0,CNV,0,1,0.20920993387699127
3032,0,CNV,0,1,0.5923488736152649
3033,0,CNV,0,1,0.49415794014930725
3034,0,CNV,0,1,0.6430327892303467
3035,0,CNV,0,1,0.49550360441207886
3036,0,CNV,0,1,0.5992974638938904
3037,0,CNV,0,1,0.538950502872467
3038,0,CNV,0,1,0.5634751915931702
3039,0,CNV,0,1,0.539586067199707
3040,0,CNV,0,1,0.7601552605628967
3041,0,CNV,0,1,0.6470191478729248
3042,0,CNV,0,1,0.47765618562698364
3043,0,CNV,0,1,0.6510716080665588
3044,0,CNV,0,1,0.5384013652801514
3045,0,CNV,0,1,0.4822881519794464
3046,0,CNV,0,1,0.27392715215682983
3047,0,CNV,0,1,0.33779552578926086
3048,0,CNV,0,1,0.558090329170227
3049,0,CNV,0,1,0.7875599265098572
3050,0,CNV,0,1,0.6172146201133728
3051,0,CNV,0,1,0.743731677532196
3052,0,CNV,0,1,0.7032564878463745
3053,0,CNV,0,1,0.31526464223861694
3054,0,CNV,0,1,0.49163174629211426
3055,0,CNV,0,1,0.46330323815345764
3056,0,CNV,0,1,0.6419918537139893
3057,0,CNV,0,1,0.12367787957191467
3058,0,CNV,0,1,0.5685059428215027
3059,0,CNV,0,1,0.7212987542152405
3060,0,CNV,0,1,0.5220673680305481
3061,0,CNV,0,1,0.5601039528846741
3062,0,CNV,0,1,0.6035363078117371
3063,0,CNV,0,1,0.6980955600738525
3064,0,CNV,0,1,0.5613874197006226
3065,0,CNV,0,1,0.6640998721122742
3066,0,CNV,0,1,0.5389279127120972
3067,0,CNV,0,1,0.6675423383712769
3068,0,CNV,0,1,0.5261279940605164
3069,0,CNV,0,1,0.6144353747367859
3070,0,CNV,0,1,0.4611339271068573
3071,0,CNV,0,1,0.5358024835586548
3072,0,CNV,0,1,0.5779039859771729
3073,0,CNV,0,1,0.6713321805000305
3074,0,CNV,0,1,0.41325289011001587
3075,0,CNV,0,1,0.5476052761077881
3076,0,CNV,0,1,0.6737010478973389
3077,0,CNV,0,1,0.42768406867980957
3078,0,CNV,0,1,0.3623770773410797
3079,0,CNV,0,1,0.515503466129303
3080,0,CNV,0,1,0.37225422263145447
3081,0,CNV,0,1,0.5578327178955078
3082,0,CNV,0,1,0.6560200452804565
3083,0,CNV,0,1,0.7019920945167542
3084,0,CNV,0,1,0.5154346823692322
3085,0,CNV,0,1,0.5282577276229858
3086,0,CNV,0,1,0.611294150352478
3087,0,CNV,0,1,0.6513760089874268
3088,0,CNV,0,1,0.5460334420204163
3089,0,CNV,0,1,0.6538568139076233
3090,0,CNV,0,1,0.652875542640686
3091,0,CNV,0,1,0.5423133373260498
3092,0,CNV,0,1,0.6085866689682007
3093,0,CNV,0,1,0.5067572593688965
3094,0,CNV,0,1,0.5509226322174072
3095,0,CNV,0,1,0.7055681347846985
3096,0,CNV,0,1,0.5439852476119995
3097,0,CNV,0,1,0.5241337418556213
3098,0,CNV,0,1,0.5056287050247192
3099,0,CNV,0,1,0.23956072330474854
3100,0,CNV,0,1,0.578736424446106
3101,0,CNV,0,1,0.33497434854507446
3102,0,CNV,0,1,0.3735678195953369
3103,0,CNV,0,1,0.3096174895763397
3104,0,CNV,0,1,0.7133690714836121
3105,0,CNV,0,1,0.7189948558807373
3106,0,CNV,0,1,0.23458082973957062
3107,0,CNV,0,1,0.7042121291160583
3108,0,CNV,0,1,0.48273417353630066
3109,0,CNV,0,1,0.3986869156360626
3110,0,CNV,0,1,0.5428447127342224
3111,0,CNV,0,1,0.5525347590446472
3112,0,CNV,0,1,0.4787338078022003
3113,0,CNV,0,1,0.6166905760765076
3114,0,CNV,0,1,0.6383252739906311
3115,0,CNV,0,1,0.5541917681694031
3116,0,CNV,0,1,0.24336010217666626
3117,0,CNV,0,1,0.5135778784751892
3118,0,CNV,0,1,0.7128662467002869
3119,0,CNV,0,1,0.7018494009971619
3120,0,CNV,1,0,0.5365176200866699
3121,0,CNV,0,1,0.5838280916213989
3122,0,CNV,0,1,0.5763621926307678
3123,0,CNV,0,1,0.6397015452384949
3124,0,CNV,0,1,0.5548354983329773
3125,0,CNV,0,1,0.45237767696380615
3126,0,CNV,0,1,0.49201998114585876
3127,0,CNV,0,1,0.41550543904304504
3128,0,CNV,0,1,0.6323599219322205
3129,0,CNV,0,1,0.8341644406318665
3130,0,CNV,0,1,0.586696982383728
3131,0,CNV,0,1,0.7462829351425171
3132,0,CNV,0,1,0.5049297213554382
3133,0,CNV,0,1,0.5495427250862122
3134,0,CNV,0,1,0.5594040751457214
3135,0,CNV,0,1,0.530236542224884
3136,0,CNV,0,1,0.20378068089485168
3137,0,CNV,1,0,0.0038155559450387955
3138,0,CNV,0,1,0.35009652376174927
3139,0,CNV,0,1,0.3489483594894409
3140,0,CNV,0,1,0.6853196024894714
3141,0,CNV,0,1,0.6415340900421143
3142,0,CNV,0,1,0.7089102864265442
3143,0,CNV,0,1,0.4088521897792816
3144,0,CNV,0,1,0.6558070182800293
3145,0,CNV,0,1,0.5213512182235718
3146,0,CNV,0,1,0.4707011878490448
3147,0,CNV,0,1,0.7540082931518555
3148,0,CNV,0,1,0.5283597707748413
3149,0,CNV,0,1,0.7294479608535767
3150,0,CNV,0,1,0.5660324692726135
3151,0,CNV,0,1,0.41514095664024353
3152,0,CNV,0,1,0.5639027953147888
3153,0,CNV,0,1,0.6411886215209961
3154,0,CNV,0,1,0.6154079437255859
3155,0,CNV,0,1,0.5213806629180908
3156,0,CNV,0,1,0.5820760726928711
3157,0,CNV,0,1,0.4896673858165741
3158,0,CNV,0,1,0.5870842337608337
3159,0,CNV,0,1,0.36131855845451355
3160,0,CNV,0,1,0.32181262969970703
3161,0,CNV,0,1,0.6332433223724365
3162,0,CNV,0,1,0.5053962469100952
3163,0,CNV,0,1,0.7339991331100464
3164,0,CNV,0,1,0.6402167081832886
3165,0,CNV,0,1,0.6165309548377991
3166,0,CNV,0,1,0.6207510828971863
3167,0,CNV,0,1,0.1161436140537262
3168,0,CNV,0,1,0.5927740335464478
3169,0,CNV,0,1,0.6211454272270203
3170,0,CNV,0,1,0.6952472925186157
3171,0,CNV,0,1,0.6453698873519897
3172,0,CNV,0,1,0.7675402164459229
3173,0,CNV,0,1,0.5345607399940491
3174,0,CNV,0,1,0.46647757291793823
3175,0,CNV,0,1,0.700503945350647
3176,0,CNV,0,1,0.24582873284816742
3177,0,CNV,0,1,0.614942729473114
3178,0,CNV,0,1,0.7139236330986023
3179,0,CNV,0,1,0.7606002688407898
3180,0,CNV,0,1,0.7439907789230347
3181,0,CNV,0,1,0.3840895891189575
3182,0,CNV,0,1,0.5026717185974121
3183,0,CNV,0,1,0.6332018971443176
3184,0,CNV,0,1,0.5643741488456726
3185,0,CNV,0,1,0.17165294289588928
3186,0,CNV,0,1,0.6709360480308533
3187,0,CNV,0,1,0.35623353719711304
3188,0,CNV,0,1,0.5427786707878113
3189,0,CNV,0,1,0.2213817834854126
3190,0,CNV,0,1,0.843715488910675
3191,0,CNV,0,1,0.6108287572860718
3192,0,CNV,0,1,0.42745715379714966
3193,0,CNV,0,1,0.7103040218353271
3194,0,CNV,0,1,0.5382264852523804
3195,0,CNV,0,1,0.761583149433136
3196,0,CNV,0,1,0.6443794965744019
3197,0,CNV,0,1,0.5886759757995605
3198,0,CNV,0,1,0.44714581966400146
3199,0,CNV,0,1,0.6105911135673523
3200,0,CNV,0,1,0.22013933956623077
3201,0,CNV,0,1,0.5088568329811096
3202,0,CNV,0,1,0.44331640005111694
3203,0,CNV,0,1,0.6734611988067627
3204,0,CNV,0,1,0.4816303551197052
3205,0,CNV,0,1,0.5974956750869751
3206,0,CNV,0,1,0.7360431551933289
3207,0,CNV,0,1,0.6393398642539978
3208,0,CNV,0,1,0.397318571805954
3209,0,CNV,0,1,0.7496582865715027
3210,0,CNV,0,1,0.47898992896080017
3211,0,CNV,0,1,0.486057311296463
3212,0,CNV,0,1,0.48558998107910156
3213,0,CNV,0,1,0.4408720135688782
3214,0,CNV,0,1,0.6466152667999268
3215,0,CNV,0,1,0.6648867726325989
3216,0,CNV,0,1,0.6513270139694214
3217,0,CNV,0,1,0.4646064043045044
3218,0,CNV,0,1,0.5130517482757568
3219,0,CNV,0,1,0.34681084752082825
3220,0,CNV,0,1,0.5654508471488953
3221,0,CNV,0,1,0.804164707660675
3222,0,CNV,0,1,0.740801215171814
3223,0,CNV,0,1,0.6067833304405212
3224,0,CNV,0,1,0.7030296921730042
3225,0,CNV,0,1,0.6429808139801025
3226,0,CNV,0,1,0.6421179175376892
3227,0,CNV,0,1,0.55889892578125
3228,0,CNV,0,1,0.5889025926589966
3229,0,CNV,0,1,0.54700767993927
3230,0,CNV,0,1,0.5044257044792175
3231,0,CNV,0,1,0.3694102466106415
3232,0,CNV,0,1,0.6081693172454834
3233,0,CNV,0,1,0.8058592081069946
3234,0,CNV,0,1,0.4173131585121155
3235,0,CNV,0,1,0.7335347533226013
3236,0,CNV,0,1,0.472461074590683
3237,0,CNV,0,1,0.7442486882209778
3238,0,CNV,0,1,0.7580205798149109
3239,0,CNV,0,1,0.5794054865837097
3240,0,CNV,0,1,0.5593790411949158
3241,0,CNV,0,1,0.6540989875793457
3242,0,CNV,0,1,0.6137005090713501
3243,0,CNV,0,1,0.41561833024024963
3244,0,CNV,0,1,0.5600057244300842
3245,0,CNV,0,1,0.6712540984153748
3246,0,CNV,0,1,0.6826552152633667
3247,0,CNV,0,1,0.5869936943054199
3248,0,CNV,0,1,0.6131590008735657
3249,0,CNV,0,1,0.6340746879577637
3250,0,CNV,0,1,0.6988317966461182
3251,0,CNV,0,1,0.3368018567562103
3252,0,CNV,0,1,0.6719863414764404
3253,0,CNV,0,1,0.5975237488746643
3254,0,CNV,0,1,0.5476278066635132
3255,0,CNV,0,1,0.5785380005836487
3256,0,CNV,0,1,0.4969843327999115
3257,0,CNV,0,1,0.5384774208068848
3258,0,CNV,0,1,0.4555226266384125
3259,0,CNV,0,1,0.729790210723877
3260,0,CNV,0,1,0.6928231120109558
3261,0,CNV,0,1,0.47015827894210815
3262,0,CNV,0,1,0.3870920240879059
3263,0,CNV,0,1,0.5315720438957214
3264,0,CNV,0,1,0.18695329129695892
3265,0,CNV,0,1,0.6669415235519409
3266,0,CNV,0,1,0.6705548167228699
3267,0,CNV,0,1,0.6122190356254578
3268,0,CNV,0,1,0.6124731302261353
3269,0,CNV,0,1,0.4960172176361084
3270,0,CNV,0,1,0.47259536385536194
3271,0,CNV,0,1,0.7135712504386902
3272,0,CNV,0,1,0.5027491450309753
3273,0,CNV,0,1,0.5174908638000488
3274,0,CNV,0,1,0.7141106128692627
3275,0,CNV,0,1,0.7553768157958984
3276,0,CNV,0,1,0.3483077883720398
3277,0,CNV,0,1,0.6986026167869568
3278,0,CNV,0,1,0.5301957726478577
3279,0,CNV,0,1,0.41711798310279846
3280,0,CNV,0,1,0.14246276021003723
3281,0,CNV,0,1,0.456861287355423
3282,0,CNV,0,1,0.742785632610321
3283,0,CNV,0,1,0.6860473155975342
3284,0,CNV,0,1,0.665655255317688
3285,0,CNV,0,1,0.6668336987495422
3286,0,CNV,0,1,0.5161515474319458
3287,0,CNV,0,1,0.4574761390686035
3288,0,CNV,0,1,0.5269867181777954
3289,0,CNV,0,1,0.6395183801651001
3290,0,CNV,0,1,0.5491086840629578
3291,0,CNV,0,1,0.49367478489875793
3292,0,CNV,0,1,0.4740005433559418
3293,0,CNV,0,1,0.6047127842903137
3294,0,CNV,0,1,0.8152740597724915
3295,0,CNV,0,1,0.7127397656440735
3296,0,CNV,0,1,0.524799108505249
3297,0,CNV,0,1,0.6238629817962646
3298,0,CNV,0,1,0.4604090750217438
3299,0,CNV,0,1,0.6511012315750122
3300,0,CNV,0,1,0.4653461277484894
3301,0,CNV,0,1,0.7067511677742004
3302,0,CNV,0,1,0.4727816581726074
3303,0,CNV,0,1,0.6356518268585205
3304,0,CNV,0,1,0.6220381855964661
3305,0,CNV,0,1,0.4504237771034241
3306,0,CNV,0,1,0.6155910491943359
3307,0,CNV,0,1,0.7208849787712097
3308,0,CNV,0,1,0.5940065383911133
3309,0,CNV,0,1,0.24409694969654083
3310,0,CNV,0,1,0.3587496876716614
3311,0,CNV,0,1,0.6030645966529846
3312,0,CNV,2,0,0.6937294602394104
3313,0,CNV,0,1,0.6512884497642517
3314,0,CNV,0,1,0.5693138837814331
3315,0,CNV,0,1,0.44899046421051025
3316,0,CNV,0,1,0.7018063068389893
3317,0,CNV,0,1,0.5425122976303101
3318,0,CNV,0,1,0.6265887022018433
3319,0,CNV,0,1,0.4396224617958069
3320,0,CNV,0,1,0.6226807236671448
3321,0,CNV,0,1,0.6271370053291321
3322,0,CNV,0,1,0.4998774230480194
3323,0,CNV,0,1,0.7103747725486755
3324,0,CNV,0,1,0.4047434329986572
3325,0,CNV,0,1,0.4058283269405365
3326,0,CNV,0,1,0.4669088125228882
3327,0,CNV,0,1,0.8058347105979919
3328,0,CNV,0,1,0.5817188024520874
3329,0,CNV,0,1,0.41186606884002686
3330,0,CNV,0,1,0.5746506452560425
3331,0,CNV,0,1,0.7020987272262573
3332,0,CNV,0,1,0.4723190665245056
3333,0,CNV,0,1,0.6956453323364258
3334,0,CNV,0,1,0.609494149684906
3335,0,CNV,0,1,0.6951308250427246
3336,0,CNV,0,1,0.6321614980697632
3337,0,CNV,0,1,0.6253036260604858
3338,0,CNV,0,1,0.6736594438552856
3339,0,CNV,0,1,0.36128705739974976
3340,0,CNV,0,1,0.35421520471572876
3341,0,CNV,0,1,0.6320794224739075
3342,0,CNV,0,1,0.8045291304588318
3343,0,CNV,0,1,0.5550241470336914
3344,0,CNV,0,1,0.2256397157907486
3345,0,CNV,0,1,0.6269545555114746
3346,0,CNV,0,1,0.4218413531780243
3347,0,CNV,0,1,0.6446745991706848
3348,0,CNV,0,1,0.7241371870040894
3349,0,CNV,0,1,0.6608562469482422
3350,0,CNV,0,1,0.7154416441917419
3351,0,CNV,0,1,0.5988253951072693
3352,0,CNV,0,1,0.45101866126060486
3353,0,CNV,0,1,0.7038280963897705
3354,0,CNV,0,1,0.45819228887557983
3355,0,CNV,0,1,0.5897492170333862
3356,0,CNV,0,1,0.5780342817306519
3357,0,CNV,0,1,0.7528208494186401
3358,0,CNV,0,1,0.7079536318778992
3359,0,CNV,0,1,0.5981648564338684
3360,0,CNV,0,1,0.7046946287155151
3361,0,CNV,0,1,0.7116678953170776
3362,0,CNV,0,1,0.5245979428291321
3363,0,CNV,0,1,0.7416420578956604
3364,0,CNV,0,1,0.2487662136554718
3365,0,CNV,0,1,0.48775315284729004
3366,0,CNV,0,1,0.38804924488067627
3367,0,CNV,0,1,0.7283885478973389
3368,0,CNV,0,1,0.7673285007476807
3369,0,CNV,0,1,0.6027396321296692
3370,0,CNV,0,1,0.6823377013206482
3371,0,CNV,0,1,0.43973758816719055
3372,0,CNV,0,1,0.6337626576423645
3373,0,CNV,0,1,0.7659107446670532
3374,0,CNV,0,1,0.5971117615699768
3375,0,CNV,0,1,0.6099705100059509
3376,0,CNV,0,1,0.585608720779419
3377,0,CNV,0,1,0.7342607975006104
3378,0,CNV,0,1,0.6593005061149597
3379,0,CNV,0,1,0.4584351181983948
3380,0,CNV,0,1,0.708787202835083
3381,0,CNV,0,1,0.19889581203460693
3382,0,CNV,0,1,0.49443790316581726
3383,0,CNV,0,1,0.22306941449642181
3384,0,CNV,0,1,0.7262331247329712
3385,0,CNV,0,1,0.7155028581619263
3386,0,CNV,0,1,0.7196212410926819
3387,0,CNV,0,1,0.6422765254974365
3388,0,CNV,0,1,0.6415532231330872
3389,0,CNV,0,1,0.5558646321296692
3390,0,CNV,0,1,0.43397846817970276
3391,0,CNV,0,1,0.6505299806594849
3392,0,CNV,0,1,0.28015631437301636
3393,0,CNV,0,1,0.6512914896011353
3394,0,CNV,0,1,0.7311875820159912
3395,0,CNV,0,1,0.4945797920227051
3396,0,CNV,0,1,0.6165729761123657
3397,0,CNV,0,1,0.7401736378669739
3398,0,CNV,0,1,0.6212824583053589
3399,0,CNV,0,1,0.4712178707122803
3400,0,CNV,0,1,0.21140900254249573
3401,0,CNV,0,1,0.733884871006012
3402,0,CNV,0,1,0.5470795631408691
3403,0,CNV,0,1,0.5828096270561218
3404,0,CNV,0,1,0.5797728896141052
3405,0,CNV,0,1,0.5331980586051941
3406,0,CNV,0,1,0.592753529548645
3407,0,CNV,0,1,0.5172212719917297
3408,0,CNV,0,1,0.6991156935691833
3409,0,CNV,0,1,0.7500694394111633
3410,0,CNV,0,1,0.5172613859176636
3411,0,CNV,0,1,0.6162852048873901
3412,0,CNV,0,1,0.5974220037460327
3413,0,CNV,0,1,0.5685366988182068
3414,0,CNV,0,1,0.5072625279426575
3415,0,CNV,0,1,0.49408093094825745
3416,0,CNV,0,1,0.6057502627372742
3417,0,CNV,0,1,0.756296694278717
3418,0,CNV,0,1,0.4966208040714264
3419,0,CNV,0,1,0.6339359283447266
3420,0,CNV,0,1,0.7438550591468811
3421,0,CNV,0,1,0.565324604511261
3422,0,CNV,0,1,0.6292439699172974
3423,0,CNV,0,1,0.4300556182861328
3424,0,CNV,0,1,0.7320482730865479
3425,0,CNV,0,1,0.5844141840934753
3426,0,CNV,0,1,0.8196730613708496
3427,0,CNV,0,1,0.47308504581451416
3428,0,CNV,0,1,0.7483786344528198
3429,0,CNV,0,1,0.6901382803916931
3430,0,CNV,0,1,0.6498388648033142
3431,0,CNV,0,1,0.6303980946540833
3432,0,CNV,0,1,0.5606688261032104
3433,0,CNV,0,1,0.27441567182540894
3434,0,CNV,0,1,0.4984278976917267
3435,0,CNV,0,1,0.493094265460968
3436,0,CNV,0,1,0.32928627729415894
3437,0,CNV,0,1,0.41197699308395386
3438,0,CNV,0,1,0.3675007224082947
3439,0,CNV,0,1,0.6634681224822998
3440,0,CNV,0,1,0.6681929230690002
3441,0,CNV,0,1,0.5807361006736755
3442,0,CNV,0,1,0.6883468627929688
3443,0,CNV,0,1,0.6549768447875977
3444,0,CNV,0,1,0.4983808100223541
3445,0,CNV,0,1,0.4049181342124939
3446,0,CNV,0,1,0.6081196069717407
3447,0,CNV,0,1,0.4566640555858612
3448,0,CNV,0,1,0.6429306268692017
3449,0,CNV,0,1,0.495564728975296
3450,0,CNV,0,1,0.7531580328941345
3451,0,CNV,0,1,0.6248195767402649
3452,0,CNV,0,1,0.4130539298057556
3453,0,CNV,0,1,0.5848084092140198
3454,0,CNV,0,1,0.5803006887435913
3455,0,CNV,0,1,0.6418004631996155
3456,0,CNV,0,1,0.4438168406486511
3457,0,CNV,0,1,0.5401338934898376
3458,0,CNV,0,1,0.4788230061531067
3459,0,CNV,0,1,0.5730518698692322
3460,0,CNV,0,1,0.5694094300270081
3461,0,CNV,0,1,0.6571187376976013
3462,0,CNV,0,1,0.47507891058921814
3463,0,CNV,0,1,0.6603448390960693
3464,0,CNV,0,1,0.7284398674964905
3465,0,CNV,0,1,0.26465433835983276
3466,0,CNV,0,1,0.7030948400497437
3467,0,CNV,0,1,0.5260017514228821
3468,0,CNV,0,1,0.3202730417251587
3469,0,CNV,0,1,0.7007321119308472
3470,0,CNV,0,1,0.5464524626731873
3471,0,CNV,0,1,0.6723659038543701
3472,0,CNV,0,1,0.6794109344482422
3473,0,CNV,0,1,0.6334955096244812
3474,0,CNV,0,1,0.23000091314315796
3475,0,CNV,0,1,0.4688941538333893
3476,0,CNV,0,1,0.6156291961669922
3477,0,CNV,0,1,0.5641564130783081
3478,0,CNV,0,1,0.525005042552948
3479,0,CNV,0,1,0.6358945965766907
3480,0,CNV,0,1,0.5974281430244446
3481,0,CNV,2,0,0.6571075916290283
3482,0,CNV,0,1,0.20435893535614014
3483,0,CNV,0,1,0.5979493856430054
3484,0,CNV,2,0,0.5342663526535034
3485,0,CNV,0,1,0.4981849193572998
3486,0,CNV,0,1,0.3865317702293396
3487,0,CNV,0,1,0.7022528648376465
3488,0,CNV,0,1,0.7002958059310913
3489,0,CNV,0,1,0.6891500353813171
3490,0,CNV,0,1,0.7157158851623535
3491,0,CNV,0,1,0.6949712038040161
3492,0,CNV,0,1,0.5712202787399292
3493,0,CNV,0,1,0.6825934648513794
3494,0,CNV,0,1,0.5093444585800171
3495,0,CNV,0,1,0.686626672744751
3496,0,CNV,0,1,0.5589057803153992
3497,0,CNV,0,1,0.6637135744094849
3498,0,CNV,0,1,0.4499654769897461
3499,0,CNV,0,1,0.7011998295783997
3500,0,CNV,0,1,0.6510652303695679
3501,0,CNV,0,1,0.44409698247909546
3502,0,CNV,0,1,0.3678230345249176
3503,0,CNV,0,1,0.3320768475532532
3504,0,CNV,0,1,0.24084265530109406
3505,0,CNV,0,1,0.4817725419998169
3506,0,CNV,0,1,0.5795750617980957
3507,0,CNV,0,1,0.6963527202606201
3508,0,CNV,0,1,0.5465854406356812
3509,0,CNV,0,1,0.6492791771888733
3510,0,CNV,0,1,0.5274771451950073
3511,0,CNV,0,1,0.7686770558357239
3512,0,CNV,0,1,0.7135522365570068
3513,0,CNV,0,1,0.555964469909668
3514,0,CNV,0,1,0.4988429844379425
3515,0,CNV,0,1,0.14519505202770233
3516,0,CNV,0,1,0.502921462059021
3517,0,CNV,0,1,0.6651118993759155
3518,0,CNV,0,1,0.587863564491272
3519,0,CNV,0,1,0.5350871086120605
3520,0,CNV,0,1,0.6668204665184021
3521,0,CNV,0,1,0.5690934062004089
3522,0,CNV,0,1,0.6408779621124268
3523,0,CNV,0,1,0.7019756436347961
3524,0,CNV,0,1,0.5710859298706055
3525,0,CNV,0,1,0.5018247365951538
3526,0,CNV,0,1,0.5741843581199646
3527,0,CNV,0,1,0.523531973361969
3528,0,CNV,0,1,0.6522440314292908
3529,0,CNV,0,1,0.2123987078666687
3530,0,CNV,0,1,0.5531545281410217
3531,0,CNV,0,1,0.47273868322372437
3532,0,CNV,0,1,0.5191777348518372
3533,0,CNV,1,0,0.2060149610042572
3534,0,CNV,0,1,0.5921123027801514
3535,0,CNV,0,1,0.783332347869873
3536,0,CNV,0,1,0.6867730617523193
3537,0,CNV,0,1,0.8416465520858765
3538,0,CNV,0,1,0.6372461915016174
3539,0,CNV,0,1,0.5963638424873352
3540,0,CNV,0,1,0.6659765243530273
3541,0,CNV,0,1,0.2543383836746216
3542,0,CNV,0,1,0.5591579079627991
3543,0,CNV,0,1,0.5052536725997925
3544,0,CNV,0,1,0.6689876914024353
3545,0,CNV,0,1,0.4313583970069885
3546,0,CNV,0,1,0.3544343411922455
3547,0,CNV,0,1,0.5216259956359863
3548,0,CNV,0,1,0.4912632703781128
3549,0,CNV,0,1,0.6235525608062744
3550,0,CNV,0,1,0.6322491765022278
3551,0,CNV,0,1,0.5874669551849365
3552,0,CNV,0,1,0.27601906657218933
3553,0,CNV,0,1,0.6040782928466797
3554,0,CNV,0,1,0.5552045702934265
3555,0,CNV,0,1,0.6638278961181641
3556,0,CNV,0,1,0.7634713649749756
3557,0,CNV,0,1,0.7055211067199707
3558,0,CNV,0,1,0.5765314698219299
3559,0,CNV,0,1,0.6973192691802979
3560,0,CNV,2,0,0.666172981262207
3561,0,CNV,0,1,0.7009130120277405
3562,0,CNV,0,1,0.6665798425674438
3563,0,CNV,0,1,0.5161241292953491
3564,0,CNV,0,1,0.6270462870597839
3565,0,CNV,0,1,0.448112815618515
3566,0,CNV,0,1,0.5428367853164673
3567,0,CNV,0,1,0.603068470954895
3568,0,CNV,0,1,0.6926049590110779
3569,0,CNV,0,1,0.4843153953552246
3570,0,CNV,0,1,0.6680885553359985
3571,0,CNV,0,1,0.5945598483085632
3572,0,CNV,0,1,0.606977105140686
3573,0,CNV,0,1,0.7369228601455688
3574,0,CNV,0,1,0.6699198484420776
3575,0,CNV,0,1,0.32280123233795166
3576,0,CNV,0,1,0.40164458751678467
3577,0,CNV,0,1,0.45667144656181335
3578,0,CNV,0,1,0.422011137008667
3579,0,CNV,0,1,0.7859945893287659
3580,0,CNV,0,1,0.6557252407073975
3581,0,CNV,0,1,0.6723284721374512
3582,0,CNV,0,1,0.5587618947029114
3583,0,CNV,0,1,0.7325165867805481
3584,0,CNV,0,1,0.5260189771652222
3585,0,CNV,0,1,0.2765648365020752
3586,0,CNV,0,1,0.38664740324020386
3587,0,CNV,0,1,0.6445388793945312
3588,0,CNV,0,1,0.8002503514289856
3589,0,CNV,0,1,0.6485193371772766
3590,0,CNV,0,1,0.5878002047538757
3591,0,CNV,0,1,0.6323660016059875
3592,0,CNV,0,1,0.2358432412147522
3593,0,CNV,0,1,0.7082780599594116
3594,0,CNV,0,1,0.609881579875946
3595,0,CNV,0,1,0.2919221818447113
3596,0,CNV,0,1,0.7024354338645935
3597,0,CNV,0,1,0.5991716980934143
3598,0,CNV,0,1,0.4846786856651306
3599,0,CNV,0,1,0.5526583790779114
3600,0,CNV,0,1,0.5377578139305115
3601,0,CNV,0,1,0.3369366526603699
3602,0,CNV,0,1,0.5801144242286682
3603,0,CNV,0,1,0.8006739020347595
3604,0,CNV,0,1,0.8387584686279297
3605,0,CNV,0,1,0.7334955930709839
3606,0,CNV,0,1,0.7611562013626099
3607,0,CNV,0,1,0.4513438940048218
3608,0,CNV,0,1,0.5756174325942993
3609,0,CNV,0,1,0.5533300042152405
3610,0,CNV,0,1,0.4316999018192291
3611,0,CNV,0,1,0.4682711362838745
3612,0,CNV,0,1,0.6894981265068054
3613,0,CNV,0,1,0.5000868439674377
3614,0,CNV,0,1,0.6975212693214417
3615,0,CNV,0,1,0.4737556576728821
3616,0,CNV,0,1,0.6109409332275391
3617,0,CNV,0,1,0.48820924758911133
3618,0,CNV,0,1,0.5450068712234497
3619,0,CNV,0,1,0.42714253067970276
3620,0,CNV,0,1,0.4160630404949188
3621,0,CNV,0,1,0.6255526542663574
3622,0,CNV,0,1,0.6075751185417175
3623,0,CNV,0,1,0.553752601146698
3624,0,CNV,2,0,0.6349643468856812
3625,0,CNV,0,1,0.7489681243896484
3626,0,CNV,0,1,0.4906391203403473
3627,0,CNV,0,1,0.7582941651344299
3628,0,CNV,0,1,0.6199164986610413
3629,0,CNV,0,1,0.6486728191375732
3630,0,CNV,0,1,0.5087680816650391
3631,0,CNV,0,1,0.5090280175209045
3632,0,CNV,0,1,0.5515245199203491
3633,0,CNV,0,1,0.6481170058250427
3634,0,CNV,0,1,0.44400572776794434
3635,0,CNV,0,1,0.5849372744560242
3636,0,CNV,0,1,0.5278975963592529
3637,0,CNV,0,1,0.42738571763038635
3638,0,CNV,0,1,0.6696737408638
3639,0,CNV,0,1,0.5568432211875916
3640,0,CNV,0,1,0.5500187277793884
3641,0,CNV,0,1,0.4239667057991028
3642,0,CNV,0,1,0.6378352046012878
3643,0,CNV,0,1,0.6157760620117188
3644,0,CNV,0,1,0.4864064157009125
3645,0,CNV,0,1,0.5579845905303955
3646,0,CNV,0,1,0.5936813950538635
3647,0,CNV,0,1,0.5137426257133484
3648,0,CNV,0,1,0.7773739695549011
3649,0,CNV,0,1,0.6613051295280457
3650,0,CNV,0,1,0.6458880305290222
3651,0,CNV,0,1,0.08997169137001038
3652,0,CNV,0,1,0.607183575630188
3653,0,CNV,0,1,0.4755716323852539
3654,0,CNV,0,1,0.15301544964313507
3655,0,CNV,0,1,0.44696369767189026
3656,0,CNV,0,1,0.69349604845047
3657,0,CNV,0,1,0.48906955122947693
3658,0,CNV,0,1,0.6714291572570801
3659,0,CNV,0,1,0.5939851999282837
3660,0,CNV,0,1,0.7553706169128418
3661,0,CNV,0,1,0.7508085370063782
3662,0,CNV,0,1,0.7075914144515991
3663,0,CNV,2,0,0.517957866191864
3664,0,CNV,0,1,0.5581759214401245
3665,0,CNV,0,1,0.7387654781341553
3666,0,CNV,0,1,0.7133772373199463
3667,0,CNV,0,1,0.5168464183807373
3668,0,CNV,0,1,0.4172108769416809
3669,0,CNV,0,1,0.443308562040329
3670,0,CNV,0,1,0.6277725100517273
3671,0,CNV,0,1,0.5926725268363953
3672,0,CNV,0,1,0.48623156547546387
3673,0,CNV,0,1,0.2320990413427353
3674,0,CNV,0,1,0.30490800738334656
3675,0,CNV,0,1,0.15242959558963776
3676,0,CNV,0,1,0.6309550404548645
3677,0,CNV,0,1,0.6167023777961731
3678,0,CNV,0,1,0.5600438714027405
3679,0,CNV,0,1,0.5118163228034973
3680,0,CNV,0,1,0.5985799431800842
3681,0,CNV,0,1,0.6672453284263611
3682,0,CNV,0,1,0.3321130573749542
3683,0,CNV,1,0,0.20079351961612701
3684,0,CNV,0,1,0.47892704606056213
3685,0,CNV,0,1,0.6662992238998413
3686,0,CNV,0,1,0.3716805577278137
3687,0,CNV,2,0,0.46349745988845825
3688,0,CNV,0,1,0.5204696655273438
3689,0,CNV,0,1,0.3119383156299591
3690,0,CNV,0,1,0.549774706363678
3691,0,CNV,0,1,0.667453944683075
3692,0,CNV,0,1,0.5670267343521118
3693,0,CNV,0,1,0.5801215767860413
3694,0,CNV,0,1,0.49388957023620605
3695,0,CNV,0,1,0.7251096367835999
3696,0,CNV,0,1,0.4574761390686035
3697,0,CNV,0,1,0.526078462600708
3698,0,CNV,0,1,0.7659791111946106
3699,0,CNV,0,1,0.4475421607494354
3700,0,CNV,0,1,0.6575479507446289
3701,0,CNV,0,1,0.4895426034927368
3702,0,CNV,0,1,0.791242778301239
3703,0,CNV,0,1,0.3952427804470062
3704,0,CNV,0,1,0.46386224031448364
3705,0,CNV,0,1,0.7576338052749634
3706,0,CNV,0,1,0.5677981972694397
3707,0,CNV,0,1,0.6429740786552429
3708,0,CNV,0,1,0.5050934553146362
3709,0,CNV,0,1,0.3888341188430786
3710,0,CNV,0,1,0.580570638179779
3711,0,CNV,0,1,0.4390885531902313
3712,0,CNV,0,1,0.4661506414413452
3713,0,CNV,0,1,0.6552883982658386
3714,0,CNV,0,1,0.7297526597976685
3715,0,CNV,0,1,0.501504123210907
3716,0,CNV,0,1,0.6875237226486206
3717,0,CNV,0,1,0.6399070024490356
3718,0,CNV,0,1,0.745616614818573
3719,0,CNV,0,1,0.7780249118804932
3720,0,CNV,0,1,0.5545520782470703
3721,0,CNV,0,1,0.6661009788513184
3722,0,CNV,0,1,0.5504887700080872
3723,0,CNV,0,1,0.6759128570556641
3724,0,CNV,0,1,0.4922122061252594
3725,0,CNV,0,1,0.4706950783729553
3726,0,CNV,0,1,0.6584176421165466
3727,0,CNV,0,1,0.5965219140052795
3728,0,CNV,0,1,0.6287856698036194
3729,0,CNV,0,1,0.6091064214706421
3730,0,CNV,0,1,0.36167046427726746
3731,0,CNV,0,1,0.6397997736930847
3732,0,CNV,0,1,0.624358057975769
3733,0,CNV,0,1,0.7680531740188599
3734,0,CNV,0,1,0.766495406627655
3735,0,CNV,0,1,0.2637365162372589
3736,0,CNV,0,1,0.5814874768257141
3737,0,CNV,0,1,0.5413430333137512
3738,0,CNV,0,1,0.43907126784324646
3739,0,CNV,0,1,0.7053331732749939
3740,0,CNV,0,1,0.5561492443084717
3741,0,CNV,0,1,0.47167298197746277
3742,0,CNV,0,1,0.6162220239639282
3743,0,CNV,0,1,0.6666944026947021
3744,0,CNV,0,1,0.3453684449195862
3745,0,CNV,0,1,0.25463852286338806
3746,0,CNV,0,1,0.6263442635536194
3747,0,CNV,2,0,0.48668986558914185
3748,0,CNV,0,1,0.5892407894134521
3749,0,CNV,0,1,0.5102102160453796
3750,0,CNV,0,1,0.5916942954063416
3751,0,CNV,0,1,0.525128185749054
3752,0,CNV,0,1,0.7419883012771606
3753,0,CNV,0,1,0.6766251921653748
3754,0,CNV,0,1,0.550923228263855
3755,0,CNV,0,1,0.7372971177101135
3756,0,CNV,0,1,0.5707725286483765
3757,0,CNV,0,1,0.6276454925537109
3758,0,CNV,0,1,0.5969883799552917
3759,0,CNV,0,1,0.6982846856117249
3760,0,CNV,0,1,0.5159692168235779
3761,0,CNV,0,1,0.43997618556022644
3762,0,CNV,0,1,0.5522641539573669
3763,0,CNV,0,1,0.7101788520812988
3764,0,CNV,0,1,0.6519083976745605
3765,0,CNV,0,1,0.7508661150932312
3766,0,CNV,0,1,0.3995169699192047
3767,0,CNV,0,1,0.4267096221446991
3768,0,CNV,0,1,0.19634917378425598
3769,0,CNV,0,1,0.7113743424415588
3770,0,CNV,0,1,0.6706344485282898
3771,0,CNV,2,0,0.6964789628982544
3772,0,CNV,0,1,0.5336783528327942
3773,0,CNV,0,1,0.5326043367385864
3774,0,CNV,0,1,0.7154519557952881
3775,0,CNV,0,1,0.7418250441551208
3776,0,CNV,0,1,0.4433252215385437
3777,0,CNV,0,1,0.42036423087120056
3778,0,CNV,0,1,0.689997673034668
3779,0,CNV,0,1,0.713981032371521
3780,0,CNV,0,1,0.44577205181121826
3781,0,CNV,0,1,0.7436774373054504
3782,0,CNV,0,1,0.5729207992553711
3783,0,CNV,0,1,0.47452688217163086
3784,0,CNV,0,1,0.6603215932846069
3785,0,CNV,0,1,0.5496042966842651
3786,0,CNV,0,1,0.624202311038971
3787,0,CNV,0,1,0.6797321438789368
3788,0,CNV,0,1,0.2581585943698883
3789,0,CNV,0,1,0.5683373808860779
3790,0,CNV,0,1,0.5733840465545654
3791,0,CNV,0,1,0.5301058888435364
3792,0,CNV,0,1,0.6332794427871704
3793,0,CNV,0,1,0.45550474524497986
3794,0,CNV,2,0,0.7449836134910583
3795,0,CNV,0,1,0.7112715244293213
3796,0,CNV,0,1,0.4614117741584778
3797,0,CNV,0,1,0.6949882507324219
3798,0,CNV,0,1,0.5425345301628113
3799,0,CNV,0,1,0.6742863059043884
3800,0,CNV,0,1,0.5808680057525635
3801,0,CNV,0,1,0.6124392747879028
3802,0,CNV,0,1,0.5725002884864807
3803,0,CNV,0,1,0.6329136490821838
3804,0,CNV,0,1,0.4590080678462982
3805,0,CNV,0,1,0.49050676822662354
3806,0,CNV,0,1,0.7046939730644226
3807,0,CNV,0,1,0.5680919885635376
3808,0,CNV,0,1,0.6066635847091675
3809,0,CNV,0,1,0.6169514060020447
3810,0,CNV,0,1,0.5694971680641174
3811,0,CNV,0,1,0.6956836581230164
3812,0,CNV,0,1,0.42342475056648254
3813,0,CNV,0,1,0.5804417133331299
3814,0,CNV,0,1,0.4020051062107086
3815,0,CNV,0,1,0.4792264401912689
3816,0,CNV,0,1,0.5984900593757629
3817,0,CNV,0,1,0.4295353293418884
3818,0,CNV,0,1,0.6403363347053528
3819,0,CNV,0,1,0.6673547625541687
3820,0,CNV,0,1,0.5601633787155151
3821,0,CNV,0,1,0.5779430866241455
3822,0,CNV,0,1,0.6678687930107117
3823,0,CNV,0,1,0.37960731983184814
3824,0,CNV,0,1,0.7934952974319458
3825,0,CNV,0,1,0.6613654494285583
3826,0,CNV,0,1,0.29013845324516296
3827,0,CNV,0,1,0.6987369060516357
3828,0,CNV,0,1,0.783410370349884
3829,0,CNV,0,1,0.6156874895095825
3830,0,CNV,0,1,0.5658544898033142
3831,0,CNV,0,1,0.5674514174461365
3832,0,CNV,0,1,0.6032902598381042
3833,0,CNV,0,1,0.5733506679534912
3834,0,CNV,0,1,0.5230058431625366
3835,0,CNV,0,1,0.6750145554542542
3836,0,CNV,0,1,0.615899384021759
3837,0,CNV,0,1,0.43237584829330444
3838,0,CNV,2,0,0.6570463180541992
3839,0,CNV,0,1,0.5639162063598633
3840,0,CNV,0,1,0.5840109586715698
3841,0,CNV,0,1,0.47267183661460876
3842,0,CNV,0,1,0.6051859259605408
3843,0,CNV,0,1,0.3332349956035614
3844,0,CNV,0,1,0.6055447459220886
3845,0,CNV,0,1,0.5906845331192017
3846,0,CNV,0,1,0.5957668423652649
3847,0,CNV,0,1,0.650723934173584
3848,0,CNV,0,1,0.6324071884155273
3849,0,CNV,0,1,0.512283980846405
3850,0,CNV,0,1,0.49672794342041016
3851,0,CNV,0,1,0.5260559916496277
3852,0,CNV,0,1,0.6500102281570435
3853,0,CNV,0,1,0.6642776727676392
3854,0,CNV,0,1,0.611556351184845
3855,0,CNV,0,1,0.6032386422157288
3856,0,CNV,0,1,0.7107596397399902
3857,0,CNV,0,1,0.587062656879425
3858,0,CNV,2,0,0.5985230803489685
3859,0,CNV,0,1,0.43927001953125
3860,0,CNV,0,1,0.4690517485141754
3861,0,CNV,0,1,0.628021776676178
3862,0,CNV,0,1,0.47914546728134155
3863,0,CNV,0,1,0.5578233599662781
3864,0,CNV,0,1,0.6402366161346436
3865,0,CNV,0,1,0.6180535554885864
3866,0,CNV,0,1,0.4025229513645172
3867,0,CNV,0,1,0.36131855845451355
3868,0,CNV,0,1,0.5010719299316406
3869,0,CNV,0,1,0.5577672123908997
3870,0,CNV,0,1,0.7729513049125671
3871,0,CNV,0,1,0.6118413209915161
3872,0,CNV,0,1,0.5366790890693665
3873,0,CNV,0,1,0.6284347176551819
3874,0,CNV,0,1,0.7496518492698669
3875,0,CNV,0,1,0.6258152723312378
3876,0,CNV,0,1,0.5672852993011475
3877,0,CNV,0,1,0.5515157580375671
3878,0,CNV,0,1,0.15801498293876648
3879,0,CNV,0,1,0.37212032079696655
3880,0,CNV,0,1,0.7281182408332825
3881,0,CNV,0,1,0.6090415120124817
3882,0,CNV,0,1,0.7350684404373169
3883,0,CNV,0,1,0.712496817111969
3884,0,CNV,0,1,0.8256943821907043
3885,0,CNV,0,1,0.5059474110603333
3886,0,CNV,0,1,0.3328011929988861
3887,0,CNV,0,1,0.7798717021942139
3888,0,CNV,0,1,0.45923396944999695
3889,0,CNV,0,1,0.4910678267478943
3890,0,CNV,0,1,0.5618612766265869
3891,0,CNV,0,1,0.4676806330680847
3892,0,CNV,0,1,0.7326142191886902
3893,0,CNV,0,1,0.5216867327690125
3894,0,CNV,0,1,0.45550474524497986
3895,0,CNV,0,1,0.6721503138542175
3896,0,CNV,0,1,0.626404345035553
3897,0,CNV,0,1,0.5586779713630676
3898,0,CNV,0,1,0.7421309947967529
3899,0,CNV,0,1,0.6870917081832886
3900,0,CNV,0,1,0.5909172296524048
3901,0,CNV,0,1,0.520448625087738
3902,0,CNV,0,1,0.6544007062911987
3903,0,CNV,0,1,0.4186362624168396
3904,0,CNV,0,1,0.5394027233123779
3905,0,CNV,0,1,0.8065458536148071
3906,0,CNV,0,1,0.5248910784721375
3907,0,CNV,0,1,0.3359096646308899
3908,0,CNV,0,1,0.3779716491699219
3909,0,CNV,0,1,0.5290204882621765
3910,0,CNV,0,1,0.5529978275299072
3911,0,CNV,0,1,0.506296694278717
3912,0,CNV,0,1,0.6523402333259583
3913,0,CNV,0,1,0.6236938834190369
3914,0,CNV,0,1,0.4286797046661377
3915,0,CNV,0,1,0.3933154046535492
3916,0,CNV,0,1,0.5798752307891846
3917,0,CNV,0,1,0.484464555978775
3918,0,CNV,0,1,0.3849692940711975
3919,0,CNV,0,1,0.594096302986145
3920,0,CNV,0,1,0.5652631521224976
3921,0,CNV,0,1,0.12401635199785233
3922,0,CNV,0,1,0.4926563799381256
3923,0,CNV,0,1,0.7109960913658142
3924,0,CNV,0,1,0.49999913573265076
3925,0,CNV,0,1,0.5952279567718506
3926,0,CNV,0,1,0.7298204898834229
3927,0,CNV,0,1,0.21103444695472717
3928,0,CNV,0,1,0.5659918785095215
3929,0,CNV,0,1,0.5324810743331909
3930,0,CNV,0,1,0.43877217173576355
3931,0,CNV,0,1,0.7542464137077332
3932,0,CNV,0,1,0.5999541878700256
3933,0,CNV,0,1,0.664277195930481
3934,0,CNV,1,0,0.5172304511070251
3935,0,CNV,0,1,0.7019756436347961
3936,0,CNV,0,1,0.4296588897705078
3937,0,CNV,0,1,0.5472363829612732
3938,0,CNV,0,1,0.6292948722839355
3939,0,CNV,0,1,0.7443819046020508
3940,0,CNV,0,1,0.6452996134757996
3941,0,CNV,0,1,0.6395639181137085
3942,0,CNV,0,1,0.21390525996685028
3943,0,CNV,0,1,0.1364419013261795
3944,0,CNV,0,1,0.319843053817749
3945,0,CNV,0,1,0.45609763264656067
3946,0,CNV,0,1,0.6691388487815857
3947,0,CNV,0,1,0.3186055123806
3948,0,CNV,0,1,0.29663220047950745
3949,0,CNV,0,1,0.6639990210533142
3950,0,CNV,0,1,0.5503020882606506
3951,0,CNV,0,1,0.4608973264694214
3952,0,CNV,0,1,0.45123037695884705
3953,0,CNV,0,1,0.511614203453064
3954,0,CNV,0,1,0.4710575044155121
3955,0,CNV,0,1,0.693892776966095
3956,0,CNV,0,1,0.7501941323280334
3957,0,CNV,0,1,0.7631009221076965
3958,0,CNV,0,1,0.656872034072876
3959,0,CNV,0,1,0.6480740308761597
3960,0,CNV,0,1,0.5397741198539734
3961,0,CNV,0,1,0.35936853289604187
3962,0,CNV,0,1,0.1668667495250702
3963,0,CNV,0,1,0.7990660071372986
3964,0,CNV,0,1,0.6998291611671448
3965,0,CNV,0,1,0.41808077692985535
3966,0,CNV,0,1,0.36348891258239746
3967,0,CNV,0,1,0.7572202086448669
3968,0,CNV,0,1,0.6259604692459106
3969,0,CNV,0,1,0.6148577332496643
3970,0,CNV,0,1,0.6756623387336731
3971,0,CNV,0,1,0.5512188673019409
3972,0,CNV,0,1,0.6638273000717163
3973,0,CNV,0,1,0.2805849015712738
3974,0,CNV,0,1,0.5829562544822693
3975,0,CNV,0,1,0.595467746257782
3976,0,CNV,0,1,0.4689827263355255
3977,0,CNV,0,1,0.38059741258621216
3978,0,CNV,0,1,0.5938754677772522
3979,0,CNV,0,1,0.7468776702880859
3980,0,CNV,0,1,0.5521089434623718
3981,0,CNV,0,1,0.49703848361968994
3982,0,CNV,0,1,0.4893958270549774
3983,0,CNV,0,1,0.6975221037864685
3984,0,CNV,0,1,0.7211161851882935
3985,0,CNV,0,1,0.6585832238197327
3986,0,CNV,0,1,0.7656731009483337
3987,0,CNV,0,1,0.2585555911064148
3988,0,CNV,0,1,0.5895029902458191
3989,0,CNV,1,0,0.269243061542511
3990,0,CNV,0,1,0.6301923394203186
3991,0,CNV,0,1,0.504503071308136
3992,0,CNV,0,1,0.5175032615661621
3993,0,CNV,0,1,0.7095126509666443
3994,0,CNV,0,1,0.67806476354599
3995,0,CNV,0,1,0.3793286383152008
3996,0,CNV,0,1,0.6385068297386169
3997,0,CNV,0,1,0.6926897764205933
3998,0,CNV,0,1,0.7276345491409302
3999,0,CNV,0,1,0.5953831672668457
4000,0,CNV,0,1,0.3032284677028656
4001,0,CNV,0,1,0.5500942468643188
4002,0,CNV,0,1,0.5844096541404724
4003,0,CNV,0,1,0.6719610691070557
4004,0,CNV,0,1,0.7622950077056885
4005,0,CNV,0,1,0.5771238207817078
4006,0,CNV,0,1,0.8196450471878052
4007,0,CNV,0,1,0.5628158450126648
4008,0,CNV,0,1,0.6223099827766418
4009,0,CNV,0,1,0.5689380764961243
4010,0,CNV,0,1,0.7077648043632507
4011,0,CNV,0,1,0.6911269426345825
4012,0,CNV,0,1,0.5161461234092712
4013,0,CNV,0,1,0.6883460283279419
4014,0,CNV,0,1,0.7129677534103394
4015,0,CNV,0,1,0.4972851872444153
4016,0,CNV,0,1,0.6553751826286316
4017,0,CNV,0,1,0.7815203666687012
4018,0,CNV,0,1,0.4919224977493286
4019,0,CNV,0,1,0.5532031655311584
4020,0,CNV,0,1,0.5156055688858032
4021,0,CNV,0,1,0.7406115531921387
4022,0,CNV,0,1,0.5699533820152283
4023,0,CNV,0,1,0.6107015609741211
4024,0,CNV,0,1,0.7428626418113708
4025,0,CNV,0,1,0.3356286585330963
4026,0,CNV,0,1,0.5650548338890076
4027,0,CNV,0,1,0.7609226107597351
4028,0,CNV,0,1,0.49072492122650146
4029,0,CNV,0,1,0.6222842931747437
4030,0,CNV,0,1,0.7152894139289856
4031,0,CNV,0,1,0.6961997747421265
4032,0,CNV,0,1,0.5553514957427979
4033,0,CNV,0,1,0.62371826171875
4034,0,CNV,0,1,0.6453669667243958
4035,0,CNV,0,1,0.6348982453346252
4036,0,CNV,0,1,0.5557020306587219
4037,0,CNV,0,1,0.5377137064933777
4038,0,CNV,0,1,0.49893027544021606
4039,0,CNV,0,1,0.5929783582687378
4040,0,CNV,0,1,0.6098931431770325
4041,0,CNV,0,1,0.532729983329773
4042,0,CNV,0,1,0.5681987404823303
4043,0,CNV,0,1,0.5517973303794861
4044,0,CNV,0,1,0.4889023005962372
4045,0,CNV,0,1,0.5729498863220215
4046,0,CNV,0,1,0.5060563087463379
4047,0,CNV,0,1,0.6296753883361816
4048,0,CNV,0,1,0.5154643058776855
4049,0,CNV,0,1,0.5137054324150085
4050,0,CNV,0,1,0.5335877537727356
4051,0,CNV,0,1,0.4285878539085388
4052,0,CNV,0,1,0.19122807681560516
4053,0,CNV,0,1,0.7096380591392517
4054,0,CNV,0,1,0.625062108039856
4055,0,CNV,0,1,0.6518346667289734
4056,0,CNV,0,1,0.5342913269996643
4057,0,CNV,0,1,0.7302021384239197
4058,0,CNV,0,1,0.6430628299713135
4059,0,CNV,0,1,0.46363380551338196
4060,0,CNV,0,1,0.5221123695373535
4061,0,CNV,0,1,0.7198038101196289
4062,0,CNV,0,1,0.6090981364250183
4063,0,CNV,0,1,0.4052857756614685
4064,0,CNV,0,1,0.542249858379364
4065,0,CNV,0,1,0.4202045202255249
4066,0,CNV,0,1,0.4833740293979645
4067,0,CNV,0,1,0.7265301942825317
4068,0,CNV,0,1,0.36223936080932617
4069,0,CNV,0,1,0.35809603333473206
4070,0,CNV,0,1,0.234431192278862
4071,0,CNV,0,1,0.6726142764091492
4072,0,CNV,0,1,0.527250349521637
4073,0,CNV,0,1,0.6447262167930603
4074,0,CNV,0,1,0.20245879888534546
4075,0,CNV,0,1,0.4518668055534363
4076,0,CNV,0,1,0.504246175289154
4077,0,CNV,0,1,0.5141177773475647
4078,0,CNV,0,1,0.3015594184398651
4079,0,CNV,0,1,0.6086273193359375
4080,0,CNV,0,1,0.4045434296131134
4081,0,CNV,0,1,0.7256360054016113
4082,0,CNV,0,1,0.6667839288711548
4083,0,CNV,0,1,0.4316690266132355
4084,0,CNV,0,1,0.4346151649951935
4085,0,CNV,0,1,0.7550657391548157
4086,0,CNV,0,1,0.34530526399612427
4087,0,CNV,0,1,0.4356864094734192
4088,0,CNV,0,1,0.5165621042251587
4089,0,CNV,0,1,0.3981616497039795
4090,0,CNV,0,1,0.6562791466712952
4091,0,CNV,0,1,0.6157900094985962
4092,0,CNV,0,1,0.584669828414917
4093,0,CNV,0,1,0.6220977306365967
4094,0,CNV,0,1,0.6983256936073303
4095,0,CNV,0,1,0.26465025544166565
4096,0,CNV,0,1,0.7024338841438293
4097,0,CNV,0,1,0.4750855267047882
4098,0,CNV,0,1,0.5926348567008972
4099,0,CNV,0,1,0.24932421743869781
4100,0,CNV,0,1,0.3801879286766052
4101,0,CNV,0,1,0.42333030700683594
4102,0,CNV,0,1,0.6021544337272644
4103,0,CNV,0,1,0.5817536115646362
4104,0,CNV,0,1,0.8135574460029602
4105,0,CNV,0,1,0.46436864137649536
4106,0,CNV,0,1,0.25674471259117126
4107,0,CNV,0,1,0.5040108561515808
4108,0,CNV,0,1,0.5550130605697632
4109,0,CNV,0,1,0.6003672480583191
4110,0,CNV,0,1,0.25991982221603394
4111,0,CNV,0,1,0.6399340629577637
4112,0,CNV,0,1,0.4842672049999237
4113,0,CNV,0,1,0.8176053762435913
4114,0,CNV,0,1,0.5947615504264832
4115,0,CNV,0,1,0.1266585886478424
4116,0,CNV,0,1,0.7164504528045654
4117,0,CNV,0,1,0.4902770221233368
4118,0,CNV,0,1,0.4649355113506317
4119,0,CNV,0,1,0.6364088654518127
4120,0,CNV,0,1,0.5946921110153198
4121,0,CNV,0,1,0.5780380368232727
4122,0,CNV,0,1,0.6796529293060303
4123,0,CNV,0,1,0.6744593381881714
4124,0,CNV,0,1,0.2411583662033081
4125,0,CNV,0,1,0.59670490026474
4126,0,CNV,0,1,0.4627354145050049
4127,0,CNV,0,1,0.6050342917442322
4128,0,CNV,0,1,0.31822019815444946
4129,0,CNV,0,1,0.4660874009132385
4130,0,CNV,0,1,0.5798161625862122
4131,0,CNV,0,1,0.44669678807258606
4132,0,CNV,0,1,0.6991257071495056
4133,0,CNV,0,1,0.7335435152053833
4134,0,CNV,0,1,0.7385690212249756
4135,0,CNV,0,1,0.4981849193572998
4136,0,CNV,0,1,0.5451444983482361
4137,0,CNV,0,1,0.2798020839691162
4138,0,CNV,0,1,0.5348947644233704
4139,0,CNV,2,0,0.5722295641899109
4140,0,CNV,0,1,0.6529753804206848
4141,0,CNV,0,1,0.644074559211731
4142,0,CNV,0,1,0.6073723435401917
4143,0,CNV,0,1,0.4816332459449768
4144,0,CNV,0,1,0.5237534642219543
4145,0,CNV,0,1,0.6739912629127502
4146,0,CNV,0,1,0.4173731803894043
4147,0,CNV,0,1,0.5241207480430603
4148,0,CNV,0,1,0.6074720621109009
4149,0,CNV,0,1,0.593330442905426
4150,0,CNV,0,1,0.4672072231769562
4151,0,CNV,0,1,0.44524404406547546
4152,0,CNV,0,1,0.569936990737915
4153,0,CNV,0,1,0.5029730796813965
4154,0,CNV,0,1,0.7086606621742249
4155,0,CNV,0,1,0.14071479439735413
4156,0,CNV,0,1,0.21833811700344086
4157,0,CNV,0,1,0.7305245995521545
4158,0,CNV,0,1,0.4747462570667267
4159,0,CNV,0,1,0.55675208568573
4160,0,CNV,0,1,0.6660887002944946
4161,0,CNV,0,1,0.5199525952339172
4162,0,CNV,0,1,0.458242803812027
4163,0,CNV,0,1,0.6154484748840332
4164,0,CNV,0,1,0.4975842237472534
4165,0,CNV,0,1,0.6194179058074951
4166,0,CNV,0,1,0.5581221580505371
4167,0,CNV,0,1,0.6574288010597229
4168,0,CNV,0,1,0.12951213121414185
4169,0,CNV,0,1,0.4083413779735565
4170,0,CNV,0,1,0.5413132309913635
4171,0,CNV,0,1,0.4850466847419739
4172,0,CNV,0,1,0.5537785887718201
4173,0,CNV,0,1,0.5365463495254517
4174,0,CNV,0,1,0.6389572620391846
4175,0,CNV,0,1,0.45853087306022644
4176,0,CNV,0,1,0.6848474144935608
4177,0,CNV,0,1,0.5857463479042053
4178,0,CNV,0,1,0.5462113618850708
4179,0,CNV,0,1,0.47349247336387634
4180,0,CNV,0,1,0.5925275087356567
4181,0,CNV,0,1,0.4418048560619354
4182,0,CNV,0,1,0.5300707221031189
4183,0,CNV,0,1,0.43046626448631287
4184,0,CNV,0,1,0.6701077818870544
4185,0,CNV,0,1,0.6080051064491272
4186,0,CNV,0,1,0.4082762598991394
4187,0,CNV,0,1,0.5584201812744141
4188,0,CNV,0,1,0.5098636150360107
4189,0,CNV,0,1,0.2835257947444916
4190,0,CNV,0,1,0.6811000108718872
4191,0,CNV,0,1,0.46589091420173645
4192,0,CNV,0,1,0.4886140823364258
4193,0,CNV,0,1,0.559808075428009
4194,0,CNV,0,1,0.6875945925712585
4195,0,CNV,0,1,0.5919630527496338
4196,0,CNV,0,1,0.5629220604896545
4197,0,CNV,0,1,0.8061940670013428
4198,0,CNV,0,1,0.2806374430656433
4199,0,CNV,0,1,0.5059248805046082
4200,0,CNV,0,1,0.8380977511405945
4201,0,CNV,0,1,0.47515106201171875
4202,0,CNV,0,1,0.5811287760734558
4203,0,CNV,0,1,0.5877224206924438
4204,0,CNV,0,1,0.46796274185180664
4205,0,CNV,0,1,0.4912033975124359
4206,0,CNV,0,1,0.6632322669029236
4207,0,CNV,0,1,0.6718875765800476
4208,0,CNV,0,1,0.7351012229919434
4209,0,CNV,0,1,0.39314836263656616
4210,0,CNV,0,1,0.4965948462486267
4211,0,CNV,0,1,0.6103929877281189
4212,0,CNV,0,1,0.5893706679344177
4213,0,CNV,0,1,0.405870258808136
4214,0,CNV,0,1,0.7963871359825134
4215,0,CNV,0,1,0.6328304409980774
4216,0,CNV,1,0,0.7339370250701904
4217,0,CNV,0,1,0.6600962281227112
4218,0,CNV,0,1,0.23085759580135345
4219,0,CNV,0,1,0.5369046330451965
4220,0,CNV,0,1,0.4171924293041229
4221,0,CNV,0,1,0.5399020314216614
4222,0,CNV,0,1,0.5018243789672852
4223,0,CNV,0,1,0.6900047063827515
4224,0,CNV,0,1,0.573815107345581
4225,0,CNV,0,1,0.6918548345565796
4226,0,CNV,0,1,0.7801882028579712
4227,0,CNV,0,1,0.4683944582939148
4228,0,CNV,0,1,0.6398729085922241
4229,0,CNV,0,1,0.557892382144928
4230,0,CNV,0,1,0.5495746731758118
4231,0,CNV,0,1,0.5198838114738464
4232,0,CNV,0,1,0.4891352951526642
4233,0,CNV,0,1,0.5891145467758179
4234,0,CNV,0,1,0.5914665460586548
4235,0,CNV,0,1,0.5829600691795349
4236,0,CNV,0,1,0.5250804424285889
4237,0,CNV,0,1,0.5886262059211731
4238,0,CNV,0,1,0.7719279527664185
4239,0,CNV,0,1,0.7063848376274109
4240,0,CNV,0,1,0.18772849440574646
4241,0,CNV,0,1,0.47061365842819214
4242,0,CNV,0,1,0.591903805732727
4243,0,CNV,0,1,0.4929453730583191
4244,0,CNV,0,1,0.44418951869010925
4245,0,CNV,0,1,0.7650777101516724
4246,0,CNV,0,1,0.6823066473007202
4247,0,CNV,0,1,0.618043839931488
4248,0,CNV,0,1,0.7944165468215942
4249,0,CNV,0,1,0.3479631245136261
4250,0,CNV,0,1,0.6293962001800537
4251,0,CNV,0,1,0.29260557889938354
4252,0,CNV,0,1,0.43818315863609314
4253,0,CNV,0,1,0.4688560366630554
4254,0,CNV,0,1,0.5315284132957458
4255,0,CNV,0,1,0.5943407416343689
4256,0,CNV,0,1,0.6112716794013977
4257,0,CNV,3,0,0.0013844313798472285
4258,0,CNV,0,1,0.6582768559455872
4259,0,CNV,0,1,0.6825188994407654
4260,0,CNV,0,1,0.1642857939004898
4261,0,CNV,0,1,0.7666063904762268
4262,0,CNV,0,1,0.499408483505249
4263,0,CNV,0,1,0.44469428062438965
4264,0,CNV,0,1,0.5432272553443909
4265,0,CNV,0,1,0.7451930642127991
4266,0,CNV,0,1,0.3235474228858948
4267,0,CNV,0,1,0.505348801612854
4268,0,CNV,0,1,0.5471794605255127
4269,0,CNV,0,1,0.6143156290054321
4270,0,CNV,0,1,0.6626371145248413
4271,0,CNV,0,1,0.7089911103248596
4272,0,CNV,0,1,0.19157525897026062
4273,0,CNV,0,1,0.6105178594589233
4274,0,CNV,0,1,0.7084120512008667
4275,0,CNV,0,1,0.5503905415534973
4276,0,CNV,0,1,0.43701931834220886
4277,0,CNV,0,1,0.5239763259887695
4278,0,CNV,0,1,0.4620392620563507
4279,0,CNV,0,1,0.5542802810668945
4280,0,CNV,0,1,0.5865135788917542
4281,0,CNV,0,1,0.26728513836860657
4282,0,CNV,0,1,0.4073563814163208
4283,0,CNV,0,1,0.7537538409233093
4284,0,CNV,0,1,0.6347742080688477
4285,0,CNV,0,1,0.742863655090332
4286,0,CNV,0,1,0.7734760046005249
4287,0,CNV,0,1,0.49761179089546204
4288,0,CNV,0,1,0.6456084847450256
4289,0,CNV,0,1,0.46011051535606384
4290,0,CNV,0,1,0.7616126537322998
4291,0,CNV,0,1,0.6618261337280273
4292,0,CNV,0,1,0.5719179511070251
4293,0,CNV,0,1,0.20191343128681183
4294,0,CNV,0,1,0.4389115273952484
4295,0,CNV,0,1,0.3853157162666321
4296,0,CNV,0,1,0.7266250252723694
4297,0,CNV,0,1,0.5478318333625793
4298,0,CNV,0,1,0.5500662326812744
4299,0,CNV,0,1,0.5264150500297546
4300,0,CNV,0,1,0.6600282788276672
4301,0,CNV,0,1,0.5831785202026367
4302,0,CNV,0,1,0.5411605834960938
4303,0,CNV,0,1,0.7536226511001587
4304,0,CNV,0,1,0.5210314393043518
4305,0,CNV,0,1,0.5777076482772827
4306,0,CNV,0,1,0.5530247688293457
4307,0,CNV,0,1,0.7072461843490601
4308,0,CNV,0,1,0.5945252180099487
4309,0,CNV,0,1,0.7400686740875244
4310,0,CNV,0,1,0.5424919724464417
4311,0,CNV,0,1,0.6612551808357239
4312,0,CNV,0,1,0.47853466868400574
4313,0,CNV,0,1,0.636202335357666
4314,0,CNV,0,1,0.5174179077148438
4315,0,CNV,0,1,0.6223925352096558
4316,0,CNV,0,1,0.49461042881011963
4317,0,CNV,0,1,0.11525459587574005
4318,0,CNV,0,1,0.4134674668312073
4319,0,CNV,0,1,0.5667788982391357
4320,0,CNV,0,1,0.3037906587123871
4321,0,CNV,0,1,0.5853990912437439
4322,0,CNV,0,1,0.6713964939117432
4323,0,CNV,0,1,0.6108828186988831
4324,0,CNV,0,1,0.5461142659187317
4325,0,CNV,0,1,0.6410701274871826
4326,0,CNV,0,1,0.4494265019893646
4327,0,CNV,0,1,0.6320295929908752
4328,0,CNV,0,1,0.7156239151954651
4329,0,CNV,0,1,0.47337353229522705
4330,0,CNV,0,1,0.4792274534702301
4331,0,CNV,0,1,0.584669828414917
4332,0,CNV,0,1,0.4664842486381531
4333,0,CNV,0,1,0.6481104493141174
4334,0,CNV,0,1,0.651403546333313
4335,0,CNV,0,1,0.3958284258842468
4336,0,CNV,0,1,0.36926886439323425
4337,0,CNV,0,1,0.6048921942710876
4338,0,CNV,0,1,0.7185347676277161
4339,0,CNV,0,1,0.4076944887638092
4340,0,CNV,0,1,0.4262300133705139
4341,0,CNV,0,1,0.5529345273971558
4342,0,CNV,0,1,0.5453961491584778
4343,0,CNV,0,1,0.5538903474807739
4344,0,CNV,2,0,0.5264265537261963
4345,0,CNV,0,1,0.49292823672294617
4346,0,CNV,0,1,0.5328962802886963
4347,0,CNV,0,1,0.6182906627655029
4348,0,CNV,0,1,0.6705016493797302
4349,0,CNV,0,1,0.5725994110107422
4350,0,CNV,0,1,0.5553261637687683
4351,0,CNV,0,1,0.7319927215576172
4352,0,CNV,0,1,0.39499518275260925
4353,0,CNV,1,0,0.5315477252006531
4354,0,CNV,0,1,0.6264592409133911
4355,0,CNV,0,1,0.4875320792198181
4356,0,CNV,0,1,0.5546209812164307
4357,0,CNV,0,1,0.7112594246864319
4358,0,CNV,0,1,0.6843776106834412
4359,0,CNV,0,1,0.5397708415985107
4360,0,CNV,0,1,0.24254615604877472
4361,0,CNV,0,1,0.592930793762207
4362,0,CNV,1,0,0.1840553730726242
4363,0,CNV,0,1,0.6106290817260742
4364,0,CNV,0,1,0.7101976871490479
4365,0,CNV,0,1,0.6089072823524475
4366,0,CNV,0,1,0.4745505452156067
4367,0,CNV,0,1,0.7129368782043457
4368,0,CNV,0,1,0.5930148363113403
4369,0,CNV,0,1,0.5585841536521912
4370,0,CNV,0,1,0.5932010412216187
4371,0,CNV,0,1,0.7865872979164124
4372,0,CNV,0,1,0.5353846549987793
4373,0,CNV,0,1,0.6056643128395081
4374,0,CNV,0,1,0.46828368306159973
4375,0,CNV,0,1,0.5472623109817505
4376,0,CNV,0,1,0.5389837622642517
4377,0,CNV,0,1,0.5151119828224182
4378,0,CNV,0,1,0.5965626835823059
4379,0,CNV,0,1,0.444798082113266
4380,0,CNV,0,1,0.7257790565490723
4381,0,CNV,0,1,0.6275709867477417
4382,0,CNV,0,1,0.642012894153595
4383,0,CNV,0,1,0.568697988986969
4384,0,CNV,0,1,0.6608608365058899
4385,0,CNV,0,1,0.6924620866775513
4386,0,CNV,0,1,0.5597111582756042
4387,0,CNV,0,1,0.510680079460144
4388,0,CNV,0,1,0.5565018057823181
4389,0,CNV,0,1,0.4756419360637665
4390,0,CNV,0,1,0.548613429069519
4391,0,CNV,0,1,0.5189370512962341
4392,0,CNV,0,1,0.5606648921966553
4393,0,CNV,0,1,0.5704686641693115
4394,0,CNV,0,1,0.5041972398757935
4395,0,CNV,0,1,0.6916756629943848
4396,0,CNV,0,1,0.5808815956115723
4397,0,CNV,0,1,0.4973086416721344
4398,0,CNV,0,1,0.5448984503746033
4399,0,CNV,3,0,0.39237332344055176
4400,0,CNV,0,1,0.7659074664115906
4401,0,CNV,0,1,0.7187094688415527
4402,0,CNV,0,1,0.5283311009407043
4403,0,CNV,0,1,0.475737065076828
4404,0,CNV,0,1,0.6824510097503662
4405,0,CNV,0,1,0.755419909954071
4406,0,CNV,0,1,0.6484379768371582
4407,0,CNV,0,1,0.5529558062553406
4408,0,CNV,0,1,0.5507259368896484
4409,0,CNV,0,1,0.5378846526145935
4410,0,CNV,0,1,0.6265503764152527
4411,0,CNV,0,1,0.6196166276931763
4412,0,CNV,0,1,0.47086238861083984
4413,0,CNV,0,1,0.5268769860267639
4414,0,CNV,0,1,0.6108171939849854
4415,0,CNV,0,1,0.40073779225349426
4416,0,CNV,0,1,0.7018327713012695
4417,0,CNV,0,1,0.5514289736747742
4418,0,CNV,0,1,0.19234277307987213
4419,0,CNV,2,0,0.7242287397384644
4420,0,CNV,0,1,0.48102113604545593
4421,0,CNV,0,1,0.5538204312324524
4422,0,CNV,0,1,0.7324984669685364
4423,0,CNV,0,1,0.7319272756576538
4424,0,CNV,0,1,0.19775524735450745
4425,0,CNV,0,1,0.5929722189903259
4426,0,CNV,0,1,0.47264888882637024
4427,0,CNV,0,1,0.6432027816772461
4428,0,CNV,0,1,0.6715702414512634
4429,0,CNV,0,1,0.5148363709449768
4430,0,CNV,0,1,0.3555251657962799
4431,0,CNV,0,1,0.6424351930618286
4432,0,CNV,0,1,0.6018881797790527
4433,0,CNV,0,1,0.7740554213523865
4434,0,CNV,0,1,0.6141576170921326
4435,0,CNV,0,1,0.4962749779224396
4436,0,CNV,0,1,0.6115494966506958
4437,0,CNV,0,1,0.6105340123176575
4438,0,CNV,0,1,0.29795700311660767
4439,0,CNV,0,1,0.5819118022918701
4440,0,CNV,0,1,0.31886494159698486
4441,0,CNV,0,1,0.291929692029953
4442,0,CNV,0,1,0.5513144135475159
4443,0,CNV,0,1,0.5262244939804077
4444,0,CNV,0,1,0.6086916923522949
4445,0,CNV,0,1,0.5342756509780884
4446,0,CNV,0,1,0.5992853045463562
4447,0,CNV,0,1,0.5791041254997253
4448,0,CNV,0,1,0.6546342968940735
4449,0,CNV,0,1,0.5735171437263489
4450,0,CNV,0,1,0.6400595307350159
4451,0,CNV,0,1,0.5800926685333252
4452,0,CNV,0,1,0.6881201267242432
4453,0,CNV,0,1,0.5801274180412292
4454,0,CNV,0,1,0.6957745552062988
4455,0,CNV,0,1,0.6685863733291626
4456,0,CNV,0,1,0.5742318034172058
4457,0,CNV,0,1,0.46745216846466064
4458,0,CNV,0,1,0.5243405699729919
4459,0,CNV,0,1,0.41608068346977234
4460,0,CNV,0,1,0.43332797288894653
4461,0,CNV,0,1,0.549358069896698
4462,0,CNV,0,1,0.46208053827285767
4463,0,CNV,0,1,0.5833838582038879
4464,0,CNV,0,1,0.5974449515342712
4465,0,CNV,0,1,0.4426923394203186
4466,0,CNV,0,1,0.5829004645347595
4467,0,CNV,0,1,0.49634408950805664
4468,0,CNV,0,1,0.5210715532302856
4469,0,CNV,0,1,0.5396226048469543
4470,0,CNV,0,1,0.5968508720397949
4471,0,CNV,0,1,0.7003139853477478
4472,0,CNV,0,1,0.616564929485321
4473,0,CNV,0,1,0.6121894121170044
4474,0,CNV,0,1,0.6688187718391418
4475,0,CNV,0,1,0.5565276145935059
4476,0,CNV,0,1,0.24743236601352692
4477,0,CNV,0,1,0.6915491223335266
4478,0,CNV,0,1,0.5100656747817993
4479,0,CNV,0,1,0.656987190246582
4480,0,CNV,0,1,0.5408888459205627
4481,0,CNV,0,1,0.4915931224822998
4482,0,CNV,0,1,0.37348759174346924
4483,0,CNV,0,1,0.5119287371635437
4484,0,CNV,0,1,0.23889495432376862
4485,0,CNV,0,1,0.4114905297756195
4486,0,CNV,0,1,0.5573181509971619
4487,0,CNV,0,1,0.6337863206863403
4488,0,CNV,0,1,0.577251672744751
4489,0,CNV,0,1,0.6150115728378296
4490,0,CNV,0,1,0.39448702335357666
4491,0,CNV,0,1,0.613231360912323
4492,0,CNV,0,1,0.6322637796401978
4493,0,CNV,0,1,0.6784106492996216
4494,0,CNV,0,1,0.6274632811546326
4495,0,CNV,0,1,0.4107246696949005
4496,0,CNV,0,1,0.7849857211112976
4497,0,CNV,0,1,0.7246524691581726
4498,0,CNV,0,1,0.6853992938995361
4499,0,CNV,0,1,0.4954111576080322
4500,0,CNV,0,1,0.6663182973861694
4501,0,CNV,0,1,0.5947897434234619
4502,0,CNV,0,1,0.13869155943393707
4503,0,CNV,0,1,0.20590582489967346
4504,0,CNV,0,1,0.39641857147216797
4505,0,CNV,0,1,0.5363233089447021
4506,0,CNV,0,1,0.6953263878822327
4507,0,CNV,0,1,0.7164573669433594
4508,0,CNV,0,1,0.5438774228096008
4509,0,CNV,0,1,0.5892877578735352
4510,0,CNV,0,1,0.29827719926834106
4511,0,CNV,0,1,0.5462150573730469
4512,0,CNV,0,1,0.604302167892456
4513,0,CNV,0,1,0.5779566764831543
4514,0,CNV,0,1,0.6194785237312317
4515,0,CNV,0,1,0.42914441227912903
4516,0,CNV,0,1,0.7097643613815308
4517,0,CNV,0,1,0.620124101638794
4518,0,CNV,0,1,0.7103831171989441
4519,0,CNV,0,1,0.4562673270702362
4520,0,CNV,0,1,0.2953200340270996
4521,0,CNV,0,1,0.42288073897361755
4522,0,CNV,0,1,0.5551533102989197
4523,0,CNV,0,1,0.6706801652908325
4524,0,CNV,0,1,0.5240979790687561
4525,0,CNV,0,1,0.5742389559745789
4526,0,CNV,0,1,0.637065052986145
4527,0,CNV,0,1,0.4698242247104645
4528,0,CNV,0,1,0.6319684982299805
4529,0,CNV,0,1,0.6363794207572937
4530,0,CNV,0,1,0.5169823169708252
4531,0,CNV,0,1,0.6752804517745972
4532,0,CNV,0,1,0.6596831679344177
4533,0,CNV,0,1,0.5748129487037659
4534,0,CNV,0,1,0.6241245865821838
4535,0,CNV,0,1,0.6280337572097778
4536,0,CNV,0,1,0.7859103679656982
4537,0,CNV,0,1,0.5861756801605225
4538,0,CNV,0,1,0.6347816586494446
4539,0,CNV,0,1,0.4934151768684387
4540,0,CNV,0,1,0.7311625480651855
4541,0,CNV,0,1,0.5044830441474915
4542,0,CNV,0,1,0.5980322360992432
4543,0,CNV,0,1,0.5894038677215576
4544,0,CNV,0,1,0.7861733436584473
4545,0,CNV,0,1,0.7209262251853943
4546,0,CNV,0,1,0.5690388083457947
4547,0,CNV,0,1,0.5955967307090759
4548,0,CNV,0,1,0.6868045330047607
4549,0,CNV,0,1,0.304560124874115
4550,0,CNV,0,1,0.5465091466903687
4551,0,CNV,0,1,0.5918154120445251
4552,0,CNV,0,1,0.4440424144268036
4553,0,CNV,0,1,0.5875434875488281
4554,0,CNV,0,1,0.5183814167976379
4555,0,CNV,0,1,0.44889184832572937
4556,0,CNV,0,1,0.6157591342926025
4557,0,CNV,0,1,0.45949044823646545
4558,0,CNV,0,1,0.5516141653060913
4559,0,CNV,0,1,0.5767334699630737
4560,0,CNV,0,1,0.3182961642742157
4561,0,CNV,0,1,0.5403444170951843
4562,0,CNV,0,1,0.6902373433113098
4563,0,CNV,2,0,0.5182633399963379
4564,0,CNV,0,1,0.6231508851051331
4565,0,CNV,0,1,0.11797019839286804
4566,0,CNV,0,1,0.6191475987434387
4567,0,CNV,0,1,0.6521137952804565
4568,0,CNV,0,1,0.6527699828147888
4569,0,CNV,0,1,0.7264187335968018
4570,0,CNV,0,1,0.5680879354476929
4571,0,CNV,0,1,0.5767654776573181
4572,0,CNV,0,1,0.6852229833602905
4573,0,CNV,0,1,0.6627340316772461
4574,0,CNV,0,1,0.46661901473999023
4575,0,CNV,0,1,0.6236024498939514
4576,0,CNV,0,1,0.317846417427063
4577,0,CNV,0,1,0.7258804440498352
4578,0,CNV,0,1,0.5989301204681396
4579,0,CNV,1,0,0.2567569315433502
4580,0,CNV,0,1,0.3413721024990082
4581,0,CNV,0,1,0.7810238003730774
4582,0,CNV,0,1,0.6835867166519165
4583,0,CNV,0,1,0.3124815821647644
4584,0,CNV,0,1,0.6118166446685791
4585,0,CNV,0,1,0.37762650847435
4586,0,CNV,0,1,0.8277391791343689
4587,0,CNV,0,1,0.6602981090545654
4588,0,CNV,0,1,0.7267924547195435
4589,0,CNV,0,1,0.6521419286727905
4590,0,CNV,0,1,0.5653612017631531
4591,0,CNV,0,1,0.5919276475906372
4592,0,CNV,0,1,0.6480082869529724
4593,0,CNV,0,1,0.6748855113983154
4594,0,CNV,0,1,0.5048091411590576
4595,0,CNV,0,1,0.5519127249717712
4596,0,CNV,0,1,0.7634872198104858
4597,0,CNV,0,1,0.19532306492328644
4598,0,CNV,0,1,0.6518293023109436
4599,0,CNV,0,1,0.5602168440818787
4600,0,CNV,0,1,0.8256124258041382
4601,0,CNV,0,1,0.6736192107200623
4602,0,CNV,0,1,0.6564093232154846
4603,0,CNV,0,1,0.6516709923744202
4604,0,CNV,0,1,0.5294188261032104
4605,0,CNV,1,0,0.01858557015657425
4606,0,CNV,0,1,0.6212063431739807
4607,0,CNV,0,1,0.5843307375907898
4608,0,CNV,1,0,0.5630311369895935
4609,0,CNV,0,1,0.38256940245628357
4610,0,CNV,0,1,0.5922679901123047
4611,0,CNV,0,1,0.39328521490097046
4612,0,CNV,0,1,0.47458821535110474
4613,0,CNV,0,1,0.5294560790061951
4614,0,CNV,0,1,0.4526425004005432
4615,0,CNV,0,1,0.7481303215026855
4616,0,CNV,0,1,0.6897311210632324
4617,0,CNV,0,1,0.7637654542922974
4618,0,CNV,0,1,0.6634734869003296
4619,0,CNV,0,1,0.6920652389526367
4620,0,CNV,0,1,0.20657819509506226
4621,0,CNV,0,1,0.6046469211578369
4622,0,CNV,0,1,0.6597170233726501
4623,0,CNV,0,1,0.560471773147583
4624,0,CNV,0,1,0.5892013311386108
4625,0,CNV,0,1,0.5407488346099854
4626,0,CNV,0,1,0.5137385725975037
4627,0,CNV,0,1,0.3984656035900116
4628,0,CNV,0,1,0.5780556797981262
4629,0,CNV,0,1,0.7342801094055176
4630,0,CNV,0,1,0.27175748348236084
4631,0,CNV,0,1,0.5781531929969788
4632,0,CNV,0,1,0.6309520602226257
4633,0,CNV,2,0,0.767160177230835
4634,0,CNV,0,1,0.6682177186012268
4635,0,CNV,0,1,0.6502829194068909
4636,0,CNV,0,1,0.6873130202293396
4637,0,CNV,0,1,0.8161562085151672
4638,0,CNV,0,1,0.511996865272522
4639,0,CNV,0,1,0.7471472024917603
4640,0,CNV,0,1,0.5306329131126404
4641,0,CNV,0,1,0.5434451699256897
4642,0,CNV,0,1,0.5046159029006958
4643,0,CNV,0,1,0.6844155192375183
4644,0,CNV,0,1,0.7126919627189636
4645,0,CNV,0,1,0.639398992061615
4646,0,CNV,0,1,0.7158278226852417
4647,0,CNV,0,1,0.5389546751976013
4648,0,CNV,0,1,0.610679566860199
4649,0,CNV,0,1,0.7183786034584045
4650,0,CNV,0,1,0.6064046025276184
4651,0,CNV,0,1,0.6195158362388611
4652,0,CNV,0,1,0.714962363243103
4653,0,CNV,0,1,0.2948823869228363
4654,0,CNV,0,1,0.6955569386482239
4655,0,CNV,0,1,0.6417422294616699
4656,0,CNV,0,1,0.6528213024139404
4657,0,CNV,0,1,0.5853855609893799
4658,0,CNV,0,1,0.5696921348571777
4659,0,CNV,0,1,0.37168195843696594
4660,0,CNV,0,1,0.6452383995056152
4661,0,CNV,0,1,0.6293069124221802
4662,0,CNV,0,1,0.166751429438591
4663,0,CNV,0,1,0.24325169622898102
4664,0,CNV,0,1,0.7452688217163086
4665,0,CNV,0,1,0.3084387481212616
4666,0,CNV,0,1,0.5687470436096191
4667,0,CNV,0,1,0.6005592346191406
4668,0,CNV,0,1,0.48823803663253784
4669,0,CNV,0,1,0.6083639860153198
4670,0,CNV,0,1,0.7721194624900818
4671,0,CNV,0,1,0.5218499302864075
4672,0,CNV,0,1,0.7291774749755859
4673,0,CNV,1,0,0.25058403611183167
4674,0,CNV,0,1,0.5642325282096863
4675,0,CNV,0,1,0.7286043763160706
4676,0,CNV,0,1,0.5993679165840149
4677,0,CNV,0,1,0.5054126381874084
4678,0,CNV,0,1,0.3391302227973938
4679,0,CNV,0,1,0.682266891002655
4680,0,CNV,0,1,0.5868942141532898
4681,0,CNV,0,1,0.5074074268341064
4682,0,CNV,0,1,0.5318694710731506
4683,0,CNV,0,1,0.5809679627418518
4684,0,CNV,0,1,0.6399307250976562
4685,0,CNV,0,1,0.647695779800415
4686,0,CNV,0,1,0.6718427538871765
4687,0,CNV,0,1,0.4449450671672821
4688,0,CNV,0,1,0.7698653936386108
4689,0,CNV,0,1,0.7201780676841736
4690,0,CNV,0,1,0.7963446974754333
4691,0,CNV,0,1,0.5475567579269409
4692,0,CNV,0,1,0.6020070314407349
4693,0,CNV,0,1,0.6379892230033875
4694,0,CNV,0,1,0.5423824787139893
4695,0,CNV,0,1,0.8135792016983032
4696,0,CNV,0,1,0.6318888068199158
4697,0,CNV,0,1,0.5820233821868896
4698,0,CNV,0,1,0.622976541519165
4699,0,CNV,0,1,0.6513485312461853
4700,0,CNV,0,1,0.4200393557548523
4701,0,CNV,0,1,0.1972590982913971
4702,0,CNV,0,1,0.7599384784698486
4703,0,CNV,0,1,0.14092031121253967
4704,0,CNV,0,1,0.551461935043335
4705,0,CNV,0,1,0.6549733281135559
4706,0,CNV,0,1,0.7072721719741821
4707,0,CNV,0,1,0.5406872630119324
4708,0,CNV,0,1,0.6237975358963013
4709,0,CNV,0,1,0.5910256505012512
4710,0,CNV,0,1,0.5555163025856018
4711,0,CNV,0,1,0.5095973014831543
4712,0,CNV,0,1,0.5032100081443787
4713,0,CNV,0,1,0.571946382522583
4714,0,CNV,0,1,0.6217805743217468
4715,0,CNV,0,1,0.5562665462493896
4716,0,CNV,0,1,0.6392940878868103
4717,0,CNV,0,1,0.6373410820960999
4718,0,CNV,0,1,0.8095888495445251
4719,0,CNV,0,1,0.7112419009208679
4720,0,CNV,0,1,0.32286879420280457
4721,0,CNV,0,1,0.5543064475059509
4722,0,CNV,0,1,0.5891757607460022
4723,0,CNV,0,1,0.7908547520637512
4724,0,CNV,0,1,0.47935664653778076
4725,0,CNV,0,1,0.5204761028289795
4726,0,CNV,0,1,0.6248356699943542
4727,0,CNV,0,1,0.7937013506889343
4728,0,CNV,0,1,0.7588263750076294
4729,0,CNV,0,1,0.4852956235408783
4730,0,CNV,0,1,0.43680569529533386
4731,0,CNV,0,1,0.7145859003067017
4732,0,CNV,0,1,0.6784257292747498
4733,0,CNV,0,1,0.6213022470474243
4734,0,CNV,0,1,0.5919564962387085
4735,0,CNV,0,1,0.35190799832344055
4736,0,CNV,0,1,0.4928547441959381
4737,0,CNV,0,1,0.6487442851066589
4738,0,CNV,0,1,0.6323015689849854
4739,0,CNV,0,1,0.15052779018878937
4740,0,CNV,0,1,0.15317896008491516
4741,0,CNV,0,1,0.749573290348053
4742,0,CNV,0,1,0.5038131475448608
4743,0,CNV,0,1,0.25918257236480713
4744,0,CNV,0,1,0.6583011150360107
4745,0,CNV,0,1,0.6751763224601746
4746,0,CNV,0,1,0.4256231486797333
4747,0,CNV,0,1,0.6849518418312073
4748,0,CNV,0,1,0.5800310969352722
4749,0,CNV,0,1,0.7652368545532227
4750,0,CNV,0,1,0.5709565877914429
4751,0,CNV,0,1,0.4743279218673706
4752,0,CNV,0,1,0.4967152774333954
4753,0,CNV,0,1,0.2894822657108307
4754,0,CNV,0,1,0.6922085881233215
4755,0,CNV,0,1,0.7853251099586487
4756,0,CNV,0,1,0.6183914542198181
4757,0,CNV,0,1,0.5996997952461243
4758,0,CNV,0,1,0.5136400461196899
4759,0,CNV,0,1,0.6992295980453491
4760,0,CNV,0,1,0.5702618360519409
4761,0,CNV,0,1,0.5231205821037292
4762,0,CNV,0,1,0.7445511221885681
4763,0,CNV,0,1,0.6168645620346069
4764,0,CNV,0,1,0.19813048839569092
4765,0,CNV,0,1,0.76861572265625
4766,0,CNV,0,1,0.2519693076610565
4767,0,CNV,0,1,0.35102978348731995
4768,0,CNV,0,1,0.6552073359489441
4769,0,CNV,0,1,0.37126466631889343
4770,0,CNV,0,1,0.7074916362762451
4771,0,CNV,0,1,0.5439521670341492
4772,0,CNV,0,1,0.5133352875709534
4773,0,CNV,0,1,0.49095574021339417
4774,0,CNV,0,1,0.6555254459381104
4775,0,CNV,0,1,0.7689094543457031
4776,0,CNV,0,1,0.5060415267944336
4777,0,CNV,0,1,0.5470610857009888
4778,0,CNV,0,1,0.6002515554428101
4779,0,CNV,0,1,0.5974801778793335
4780,0,CNV,0,1,0.5277294516563416
4781,0,CNV,0,1,0.4291507303714752
4782,0,CNV,0,1,0.7165581583976746
4783,0,CNV,0,1,0.5117571353912354
4784,0,CNV,0,1,0.4267977774143219
4785,0,CNV,0,1,0.5128961801528931
4786,0,CNV,0,1,0.6323736906051636
4787,0,CNV,0,1,0.46221935749053955
4788,0,CNV,0,1,0.5961636304855347
4789,0,CNV,0,1,0.46014514565467834
4790,0,CNV,0,1,0.5631271004676819
4791,0,CNV,0,1,0.573114812374115
4792,0,CNV,0,1,0.5666700601577759
4793,0,CNV,0,1,0.6883062124252319
4794,0,CNV,0,1,0.5306485295295715
4795,0,CNV,0,1,0.5193790197372437
4796,0,CNV,0,1,0.3481217920780182
4797,0,CNV,0,1,0.5592947602272034
4798,0,CNV,0,1,0.36099374294281006
4799,0,CNV,0,1,0.3054403066635132
4800,0,CNV,2,0,0.6725268959999084
4801,0,CNV,0,1,0.5367555022239685
4802,0,CNV,0,1,0.5116861462593079
4803,0,CNV,0,1,0.575735330581665
4804,0,CNV,0,1,0.7145859003067017
4805,0,CNV,0,1,0.5859718918800354
4806,0,CNV,0,1,0.686297595500946
4807,0,CNV,0,1,0.5201177597045898
4808,0,CNV,0,1,0.8188313245773315
4809,0,CNV,0,1,0.6940262317657471
4810,0,CNV,0,1,0.648520827293396
4811,0,CNV,0,1,0.6663682460784912
4812,0,CNV,0,1,0.5411635637283325
4813,0,CNV,0,1,0.4970668852329254
4814,0,CNV,0,1,0.5654798150062561
4815,0,CNV,0,1,0.7584162950515747
4816,0,CNV,0,1,0.70310378074646
4817,0,CNV,0,1,0.6050133109092712
4818,0,CNV,0,1,0.5209335684776306
4819,0,CNV,0,1,0.6624197363853455
4820,0,CNV,0,1,0.6806290745735168
4821,0,CNV,0,1,0.6349691152572632
4822,0,CNV,0,1,0.3500722050666809
4823,0,CNV,0,1,0.6183356046676636
4824,0,CNV,0,1,0.6607292890548706
4825,0,CNV,0,1,0.20342545211315155
4826,0,CNV,0,1,0.4012868404388428
4827,0,CNV,0,1,0.4034639596939087
4828,0,CNV,0,1,0.5675966143608093
4829,0,CNV,0,1,0.43624305725097656
4830,0,CNV,0,1,0.5257927179336548
4831,0,CNV,0,1,0.7277014851570129
4832,0,CNV,0,1,0.735831618309021
4833,0,CNV,0,1,0.5576798915863037
4834,0,CNV,0,1,0.5781531929969788
4835,0,CNV,0,1,0.6332206726074219
4836,0,CNV,0,1,0.4586804509162903
4837,0,CNV,0,1,0.6170654892921448
4838,0,CNV,0,1,0.7499240636825562
4839,0,CNV,0,1,0.32490989565849304
4840,0,CNV,0,1,0.6375769972801208
4841,0,CNV,0,1,0.7010696530342102
4842,0,CNV,0,1,0.4488999843597412
4843,0,CNV,0,1,0.4823847711086273
4844,0,CNV,1,0,0.4519362151622772
4845,0,CNV,0,1,0.3807709217071533
4846,0,CNV,0,1,0.4812036454677582
4847,0,CNV,0,1,0.5727673768997192
4848,0,CNV,0,1,0.4382602274417877
4849,0,CNV,0,1,0.5425671935081482
4850,0,CNV,0,1,0.6929550170898438
4851,0,CNV,0,1,0.4713418185710907
4852,0,CNV,0,1,0.24259459972381592
4853,0,CNV,0,1,0.602691113948822
4854,0,CNV,0,1,0.489928275346756
4855,0,CNV,0,1,0.5362099409103394
4856,0,CNV,0,1,0.506720781326294
4857,0,CNV,0,1,0.5082626938819885
4858,0,CNV,0,1,0.4453718662261963
4859,0,CNV,0,1,0.3644067049026489
4860,0,CNV,0,1,0.5406829714775085
4861,0,CNV,0,1,0.47402819991111755
4862,0,CNV,0,1,0.7717434167861938
4863,0,CNV,0,1,0.6639233231544495
4864,0,CNV,0,1,0.48241034150123596
4865,0,CNV,0,1,0.5282807350158691
4866,0,CNV,0,1,0.5844230055809021
4867,0,CNV,0,1,0.7477443814277649
4868,0,CNV,0,1,0.48873862624168396
4869,0,CNV,0,1,0.6345738768577576
4870,0,CNV,0,1,0.7899428606033325
4871,0,CNV,0,1,0.7947490811347961
4872,0,CNV,0,1,0.4672020673751831
4873,0,CNV,0,1,0.3455072045326233
4874,0,CNV,0,1,0.7189150452613831
4875,0,CNV,1,0,0.5547242164611816
4876,0,CNV,0,1,0.6898093819618225
4877,0,CNV,0,1,0.6097111701965332
4878,0,CNV,0,1,0.7272761464118958
4879,0,CNV,0,1,0.5543241500854492
4880,0,CNV,0,1,0.536450982093811
4881,0,CNV,0,1,0.6332703828811646
4882,0,CNV,0,1,0.7840417623519897
4883,0,CNV,0,1,0.765654981136322
4884,0,CNV,0,1,0.637013852596283
4885,0,CNV,0,1,0.24344402551651
4886,0,CNV,0,1,0.6612390279769897
4887,0,CNV,0,1,0.4519740045070648
4888,0,CNV,0,1,0.39603161811828613
4889,0,CNV,0,1,0.6449410915374756
4890,0,CNV,0,1,0.5795750617980957
4891,0,CNV,0,1,0.6268748641014099
4892,0,CNV,0,1,0.7867517471313477
4893,0,CNV,0,1,0.489597886800766
4894,0,CNV,0,1,0.21760639548301697
4895,0,CNV,0,1,0.5973799824714661
4896,0,CNV,0,1,0.6339038610458374
4897,0,CNV,0,1,0.7630709409713745
4898,0,CNV,0,1,0.5770096778869629
4899,0,CNV,0,1,0.7553484439849854
4900,0,CNV,0,1,0.381174772977829
4901,0,CNV,0,1,0.6402051448822021
4902,0,CNV,0,1,0.757635772228241
4903,0,CNV,0,1,0.5626632571220398
4904,0,CNV,0,1,0.5618846416473389
4905,0,CNV,0,1,0.5139998197555542
4906,0,CNV,0,1,0.6861520409584045
4907,0,CNV,0,1,0.49485963582992554
4908,0,CNV,0,1,0.5003910064697266
4909,0,CNV,0,1,0.5942283868789673
4910,0,CNV,0,1,0.5240026116371155
4911,0,CNV,0,1,0.6089913845062256
4912,0,CNV,0,1,0.5043551921844482
4913,0,CNV,0,1,0.48458975553512573
4914,0,CNV,0,1,0.7489838600158691
4915,0,CNV,0,1,0.5969842076301575
4916,0,CNV,0,1,0.7202553153038025
4917,0,CNV,0,1,0.5526419281959534
4918,0,CNV,0,1,0.6221411824226379
4919,0,CNV,0,1,0.6426271200180054
4920,0,CNV,0,1,0.5693196654319763
4921,0,CNV,0,1,0.5051830410957336
4922,0,CNV,0,1,0.13352073729038239
4923,0,CNV,0,1,0.6281093955039978
4924,0,CNV,0,1,0.7050681710243225
4925,0,CNV,0,1,0.5524058938026428
4926,0,CNV,0,1,0.5417854189872742
4927,0,CNV,0,1,0.4797661602497101
4928,0,CNV,0,1,0.5517604947090149
4929,0,CNV,0,1,0.5890344977378845
4930,0,CNV,0,1,0.5978904366493225
4931,0,CNV,0,1,0.38743826746940613
4932,0,CNV,0,1,0.4194699823856354
4933,0,CNV,0,1,0.7292614579200745
4934,0,CNV,0,1,0.5139124393463135
4935,0,CNV,0,1,0.7586289048194885
4936,0,CNV,0,1,0.4009841978549957
4937,0,CNV,0,1,0.6680087447166443
4938,0,CNV,0,1,0.41954469680786133
4939,0,CNV,1,0,0.5471107959747314
4940,0,CNV,0,1,0.7799893617630005
4941,0,CNV,0,1,0.48324236273765564
4942,0,CNV,0,1,0.7028802037239075
4943,0,CNV,0,1,0.35671019554138184
4944,0,CNV,0,1,0.587706983089447
4945,0,CNV,0,1,0.7539448142051697
4946,0,CNV,0,1,0.6178051829338074
4947,0,CNV,0,1,0.4745212495326996
4948,0,CNV,2,0,0.6325764656066895
4949,0,CNV,0,1,0.7262110710144043
4950,0,CNV,2,0,0.5318689346313477
4951,0,CNV,0,1,0.5779016613960266
4952,0,CNV,0,1,0.539740264415741
4953,0,CNV,0,1,0.3844594359397888
4954,0,CNV,0,1,0.7384759783744812
4955,0,CNV,0,1,0.6428637504577637
4956,0,CNV,0,1,0.795210599899292
4957,0,CNV,0,1,0.08122823387384415
4958,0,CNV,0,1,0.7198143005371094
4959,0,CNV,0,1,0.5044978260993958
4960,0,CNV,0,1,0.7397592067718506
4961,0,CNV,2,0,0.6422498822212219
4962,0,CNV,0,1,0.5297393798828125
4963,0,CNV,0,1,0.5275669097900391
4964,0,CNV,0,1,0.7698209285736084
4965,0,CNV,0,1,0.6341870427131653
4966,0,CNV,0,1,0.5543643832206726
4967,0,CNV,0,1,0.7446325421333313
4968,0,CNV,0,1,0.5905687808990479
4969,0,CNV,0,1,0.5086960196495056
4970,0,CNV,0,1,0.2965874969959259
4971,0,CNV,0,1,0.5289825797080994
4972,0,CNV,0,1,0.5156406164169312
4973,0,CNV,0,1,0.27336421608924866
4974,0,CNV,0,1,0.470810204744339
4975,0,CNV,0,1,0.5712282061576843
4976,0,CNV,0,1,0.6607041954994202
4977,0,CNV,0,1,0.4761078655719757
4978,0,CNV,0,1,0.7755990028381348
4979,0,CNV,0,1,0.6352587938308716
4980,0,CNV,0,1,0.6301544904708862
4981,0,CNV,0,1,0.18224987387657166
4982,0,CNV,0,1,0.7685675024986267
4983,0,CNV,0,1,0.7386608719825745
4984,0,CNV,0,1,0.5595630407333374
4985,0,CNV,0,1,0.6302313208580017
4986,0,CNV,0,1,0.6618342995643616
4987,0,CNV,0,1,0.5255845189094543
4988,0,CNV,0,1,0.5691912174224854
4989,0,CNV,0,1,0.20552954077720642
4990,0,CNV,0,1,0.10124286264181137
4991,0,CNV,0,1,0.5816630125045776
4992,0,CNV,0,1,0.6872962117195129
4993,0,CNV,0,1,0.5183035135269165
4994,0,CNV,0,1,0.6732428669929504
4995,0,CNV,0,1,0.5980655550956726
4996,0,CNV,0,1,0.48882734775543213
4997,0,CNV,0,1,0.7999807000160217
4998,0,CNV,0,1,0.5617297291755676
4999,0,CNV,0,1,0.348253071308136
5000,0,CNV,0,1,0.6088997721672058
5001,0,CNV,0,1,0.49737128615379333
5002,0,CNV,0,1,0.606031060218811
5003,0,CNV,0,1,0.5763779878616333
5004,0,CNV,0,1,0.5475537776947021
5005,0,CNV,0,1,0.743517279624939
5006,0,CNV,0,1,0.743645966053009
5007,0,CNV,0,1,0.1972590982913971
5008,0,CNV,0,1,0.5645145773887634
5009,0,CNV,0,1,0.6730523109436035
5010,0,CNV,0,1,0.773980975151062
5011,0,CNV,0,1,0.5417990684509277
5012,0,CNV,0,1,0.538023829460144
5013,0,CNV,0,1,0.6262556910514832
5014,0,CNV,0,1,0.6578499674797058
5015,0,CNV,0,1,0.6614671349525452
5016,0,CNV,0,1,0.7286043763160706
5017,0,CNV,0,1,0.14965635538101196
5018,0,CNV,0,1,0.6210851669311523
5019,0,CNV,0,1,0.43429094552993774
5020,0,CNV,0,1,0.22723522782325745
5021,0,CNV,0,1,0.7072997093200684
5022,0,CNV,0,1,0.7137423157691956
5023,0,CNV,0,1,0.43332797288894653
5024,0,CNV,0,1,0.692792534828186
5025,0,CNV,0,1,0.6211885213851929
5026,0,CNV,0,1,0.6851542592048645
5027,0,CNV,0,1,0.5358638763427734
5028,0,CNV,0,1,0.3279658555984497
5029,0,CNV,0,1,0.6019054651260376
5030,0,CNV,0,1,0.6577104330062866
5031,0,CNV,0,1,0.6757283210754395
5032,0,CNV,0,1,0.6038774847984314
5033,0,CNV,0,1,0.5736923813819885
5034,0,CNV,0,1,0.6551414132118225
5035,0,CNV,0,1,0.3214203417301178
5036,0,CNV,0,1,0.25463852286338806
5037,0,CNV,0,1,0.6760621070861816
5038,0,CNV,0,1,0.6186640858650208
5039,0,CNV,0,1,0.6412047743797302
5040,0,CNV,0,1,0.408429890871048
5041,0,CNV,0,1,0.4202037751674652
5042,0,CNV,0,1,0.5641564130783081
5043,0,CNV,0,1,0.5775212645530701
5044,0,CNV,0,1,0.7153612971305847
5045,0,CNV,0,1,0.6236741542816162
5046,0,CNV,0,1,0.5243098735809326
5047,0,CNV,0,1,0.6375586986541748
5048,0,CNV,0,1,0.4594546854496002
5049,0,CNV,0,1,0.7785575985908508
5050,0,CNV,0,1,0.6187906265258789
5051,0,CNV,0,1,0.768440842628479
5052,0,CNV,0,1,0.43586182594299316
5053,0,CNV,0,1,0.632326066493988
5054,0,CNV,0,1,0.6812995076179504
5055,0,CNV,0,1,0.5561426281929016
5056,0,CNV,0,1,0.6671698093414307
5057,0,CNV,0,1,0.7335282564163208
5058,0,CNV,0,1,0.5629056096076965
5059,0,CNV,0,1,0.7818846106529236
5060,0,CNV,0,1,0.35763707756996155
5061,0,CNV,0,1,0.7464934587478638
5062,0,CNV,0,1,0.4890400767326355
5063,0,CNV,0,1,0.5454027056694031
5064,0,CNV,0,1,0.38707247376441956
5065,0,CNV,0,1,0.6331482529640198
5066,0,CNV,0,1,0.39150190353393555
5067,0,CNV,0,1,0.5890170335769653
5068,0,CNV,0,1,0.7412856817245483
5069,0,CNV,0,1,0.5704230666160583
5070,0,CNV,0,1,0.5837463736534119
5071,0,CNV,0,1,0.7292393445968628
5072,0,CNV,0,1,0.5016416311264038
5073,0,CNV,0,1,0.49419012665748596
5074,0,CNV,0,1,0.7189509868621826
5075,0,CNV,0,1,0.739029049873352
5076,0,CNV,0,1,0.6912121772766113
5077,0,CNV,0,1,0.5784289240837097
5078,0,CNV,0,1,0.6481441855430603
5079,0,CNV,0,1,0.6352818012237549
5080,0,CNV,0,1,0.6608334183692932
5081,0,CNV,0,1,0.5999977588653564
5082,0,CNV,0,1,0.6883062124252319
5083,0,CNV,0,1,0.41109272837638855
5084,0,CNV,0,1,0.4883387088775635
5085,0,CNV,0,1,0.5253130197525024
5086,0,CNV,0,1,0.6323541402816772
5087,0,CNV,0,1,0.4803147614002228
5088,0,CNV,0,1,0.200090691447258
5089,0,CNV,0,1,0.5938308238983154
5090,0,CNV,0,1,0.6418428421020508
5091,0,CNV,0,1,0.4724279046058655
5092,0,CNV,0,1,0.7277741432189941
5093,0,CNV,0,1,0.39917755126953125
5094,0,CNV,0,1,0.47975459694862366
5095,0,CNV,0,1,0.4987097978591919
5096,0,CNV,0,1,0.5220377445220947
5097,0,CNV,0,1,0.5358138680458069
5098,0,CNV,0,1,0.7025182843208313
5099,0,CNV,0,1,0.2961269021034241
5100,0,CNV,0,1,0.44916877150535583
5101,0,CNV,0,1,0.5961520075798035
5102,0,CNV,0,1,0.555152177810669
5103,0,CNV,0,1,0.5764427185058594
5104,0,CNV,0,1,0.5192541480064392
5105,0,CNV,0,1,0.6308687925338745
5106,0,CNV,0,1,0.5907192230224609
5107,0,CNV,0,1,0.516957700252533
5108,0,CNV,0,1,0.48514989018440247
5109,0,CNV,0,1,0.8066319823265076
5110,0,CNV,0,1,0.5042758584022522
5111,0,CNV,0,1,0.7670226693153381
5112,0,CNV,0,1,0.3765372335910797
5113,0,CNV,0,1,0.4929788112640381
5114,0,CNV,0,1,0.5431143641471863
5115,0,CNV,0,1,0.7413725256919861
5116,0,CNV,0,1,0.622599184513092
5117,0,CNV,0,1,0.6884564757347107
5118,0,CNV,0,1,0.6417545080184937
5119,0,CNV,0,1,0.612621545791626
5120,0,CNV,0,1,0.5005223155021667
5121,0,CNV,0,1,0.6299908757209778
5122,0,CNV,0,1,0.6172906160354614
5123,0,CNV,0,1,0.4505181610584259
5124,0,CNV,0,1,0.5856978297233582
5125,0,CNV,0,1,0.6306103467941284
5126,0,CNV,0,1,0.36793312430381775
5127,0,CNV,0,1,0.564114511013031
5128,0,CNV,0,1,0.7708019018173218
5129,0,CNV,0,1,0.4464249312877655
5130,0,CNV,0,1,0.6145836114883423
5131,0,CNV,0,1,0.4030687212944031
5132,0,CNV,2,0,0.581573486328125
5133,0,CNV,0,1,0.42471083998680115
5134,0,CNV,0,1,0.5903789401054382
5135,0,CNV,0,1,0.594083309173584
5136,0,CNV,0,1,0.6711012721061707
5137,0,CNV,0,1,0.7883120775222778
5138,0,CNV,0,1,0.6299907565116882
5139,0,CNV,0,1,0.5739753246307373
5140,0,CNV,0,1,0.48159655928611755
5141,0,CNV,0,1,0.6775186657905579
5142,0,CNV,0,1,0.5606688261032104
5143,0,CNV,0,1,0.6757411360740662
5144,0,CNV,0,1,0.6062893271446228
5145,0,CNV,0,1,0.41090527176856995
5146,0,CNV,0,1,0.3935754597187042
5147,0,CNV,0,1,0.617653489112854
5148,0,CNV,0,1,0.22892342507839203
5149,0,CNV,0,1,0.3620440661907196
5150,0,CNV,0,1,0.7635536789894104
5151,0,CNV,0,1,0.4295355975627899
5152,0,CNV,0,1,0.5255669951438904
5153,0,CNV,0,1,0.720867395401001
5154,0,CNV,0,1,0.44057419896125793
5155,0,CNV,0,1,0.6784189939498901
5156,0,CNV,0,1,0.7115828990936279
5157,0,CNV,0,1,0.592605710029602
5158,0,CNV,0,1,0.636838436126709
5159,0,CNV,0,1,0.5885277986526489
5160,0,CNV,0,1,0.6231710910797119
5161,0,CNV,0,1,0.6089779138565063
5162,0,CNV,0,1,0.7127609848976135
5163,0,CNV,0,1,0.5828773379325867
5164,0,CNV,0,1,0.234431192278862
5165,0,CNV,0,1,0.7534554600715637
5166,0,CNV,0,1,0.5474860668182373
5167,0,CNV,0,1,0.5520935654640198
5168,0,CNV,0,1,0.6345875859260559
5169,0,CNV,0,1,0.5467565655708313
5170,0,CNV,0,1,0.49220308661460876
5171,0,CNV,0,1,0.5758455395698547
5172,0,CNV,0,1,0.6210939288139343
5173,0,CNV,0,1,0.5889407396316528
5174,0,CNV,0,1,0.40960267186164856
5175,0,CNV,0,1,0.3195982575416565
5176,0,CNV,0,1,0.6292814016342163
5177,0,CNV,0,1,0.5196221470832825
5178,0,CNV,0,1,0.6465899348258972
5179,0,CNV,0,1,0.5316004157066345
5180,0,CNV,0,1,0.6864717602729797
5181,0,CNV,0,1,0.5964255332946777
5182,0,CNV,0,1,0.6603106260299683
5183,0,CNV,0,1,0.43605199456214905
5184,0,CNV,0,1,0.49548014998435974
5185,0,CNV,0,1,0.5247872471809387
5186,0,CNV,0,1,0.6458834409713745
5187,0,CNV,0,1,0.6319559216499329
5188,0,CNV,0,1,0.5747782588005066
5189,0,CNV,0,1,0.640574038028717
5190,0,CNV,0,1,0.6380122900009155
5191,0,CNV,0,1,0.46181216835975647
5192,0,CNV,0,1,0.6066989898681641
5193,0,CNV,0,1,0.4424947500228882
5194,0,CNV,0,1,0.555773913860321
5195,0,CNV,0,1,0.5865605473518372
5196,0,CNV,0,1,0.5826582312583923
5197,0,CNV,0,1,0.47230851650238037
5198,0,CNV,0,1,0.7715464234352112
5199,0,CNV,0,1,0.5637940764427185
5200,0,CNV,0,1,0.5366952419281006
5201,0,CNV,0,1,0.5400757193565369
5202,0,CNV,0,1,0.4770735502243042
5203,0,CNV,0,1,0.7196817994117737
5204,0,CNV,0,1,0.6922609210014343
5205,0,CNV,0,1,0.49522003531455994
5206,0,CNV,0,1,0.7469005584716797
5207,0,CNV,0,1,0.6613702178001404
5208,0,CNV,0,1,0.6488668918609619
5209,0,CNV,0,1,0.621179461479187
5210,0,CNV,0,1,0.28181788325309753
5211,0,CNV,0,1,0.5515671372413635
5212,0,CNV,0,1,0.539642870426178
5213,0,CNV,0,1,0.5491833090782166
5214,0,CNV,0,1,0.3726695477962494
5215,0,CNV,0,1,0.5444247722625732
5216,0,CNV,0,1,0.6472432613372803
5217,0,CNV,0,1,0.6782359480857849
5218,0,CNV,0,1,0.6503464579582214
5219,0,CNV,0,1,0.7151752710342407
5220,0,CNV,0,1,0.688154399394989
5221,0,CNV,0,1,0.6883609890937805
5222,0,CNV,0,1,0.8063254952430725
5223,0,CNV,0,1,0.7306544184684753
5224,0,CNV,0,1,0.4391389489173889
5225,0,CNV,0,1,0.5511525869369507
5226,0,CNV,0,1,0.687989354133606
5227,0,CNV,0,1,0.6922035813331604
5228,0,CNV,0,1,0.593093752861023
5229,0,CNV,0,1,0.7278149127960205
5230,0,CNV,0,1,0.6714745759963989
5231,0,CNV,0,1,0.5888607501983643
5232,0,CNV,0,1,0.5774263143539429
5233,0,CNV,0,1,0.31298014521598816
5234,0,CNV,0,1,0.20593906939029694
5235,0,CNV,0,1,0.45262059569358826
5236,0,CNV,0,1,0.5731233954429626
5237,0,CNV,0,1,0.5733503699302673
5238,0,CNV,0,1,0.4406353831291199
5239,0,CNV,0,1,0.5383294224739075
5240,0,CNV,0,1,0.4604933559894562
5241,0,CNV,0,1,0.5766355991363525
5242,0,CNV,0,1,0.810731053352356
5243,0,CNV,0,1,0.10211875289678574
5244,0,CNV,0,1,0.7312761545181274
5245,0,CNV,0,1,0.50441575050354
5246,0,CNV,0,1,0.6105911135673523
5247,0,CNV,0,1,0.587041437625885
5248,0,CNV,0,1,0.7584320902824402
5249,0,CNV,0,1,0.6574352979660034
5250,0,CNV,0,1,0.7386836409568787
5251,0,CNV,0,1,0.6131264567375183
5252,0,CNV,0,1,0.6526873111724854
5253,0,CNV,0,1,0.5548908710479736
5254,0,CNV,0,1,0.6435899138450623
5255,0,CNV,0,1,0.7301002144813538
5256,0,CNV,0,1,0.548284649848938
5257,0,CNV,0,1,0.44293931126594543
5258,0,CNV,0,1,0.7486834526062012
5259,0,CNV,0,1,0.21515768766403198
5260,0,CNV,0,1,0.6718579530715942
5261,0,CNV,0,1,0.6473426222801208
5262,0,CNV,0,1,0.5456359386444092
5263,0,CNV,0,1,0.6887691617012024
5264,0,CNV,0,1,0.3895566761493683
5265,0,CNV,0,1,0.5874669551849365
5266,0,CNV,0,1,0.27330130338668823
5267,0,CNV,0,1,0.5704603791236877
5268,0,CNV,0,1,0.6014501452445984
5269,0,CNV,0,1,0.5443511009216309
5270,0,CNV,0,1,0.6349619030952454
5271,0,CNV,0,1,0.7095460295677185
5272,0,CNV,0,1,0.5213971138000488
5273,0,CNV,0,1,0.7736020088195801
5274,0,CNV,0,1,0.68971848487854
5275,0,CNV,0,1,0.7198737859725952
5276,0,CNV,0,1,0.19527322053909302
5277,0,CNV,0,1,0.6643049120903015
5278,0,CNV,0,1,0.6963809132575989
5279,0,CNV,0,1,0.5288267731666565
5280,0,CNV,0,1,0.22379307448863983
5281,0,CNV,0,1,0.48988261818885803
5282,0,CNV,0,1,0.539804995059967
5283,0,CNV,0,1,0.6128445267677307
5284,0,CNV,0,1,0.4670178294181824
5285,0,CNV,0,1,0.7262285351753235
5286,0,CNV,0,1,0.5837492346763611
5287,0,CNV,0,1,0.14187827706336975
5288,0,CNV,0,1,0.7585219144821167
5289,0,CNV,0,1,0.5251033902168274
5290,0,CNV,0,1,0.7088395357131958
5291,0,CNV,0,1,0.23004332184791565
5292,0,CNV,0,1,0.5636782050132751
5293,0,CNV,0,1,0.6164711117744446
5294,0,CNV,0,1,0.5648849606513977
5295,0,CNV,0,1,0.669180691242218
5296,0,CNV,0,1,0.5725567936897278
5297,0,CNV,0,1,0.6777389049530029
5298,0,CNV,0,1,0.64490807056427
5299,0,CNV,0,1,0.5560979843139648
5300,0,CNV,0,1,0.6811699867248535
5301,0,CNV,0,1,0.5762885212898254
5302,0,CNV,0,1,0.6924999356269836
5303,0,CNV,0,1,0.4571095108985901
5304,0,CNV,0,1,0.5327154994010925
5305,0,CNV,0,1,0.7271246314048767
5306,0,CNV,0,1,0.7226113080978394
5307,0,CNV,0,1,0.4859183430671692
5308,0,CNV,0,1,0.573906421661377
5309,0,CNV,0,1,0.7261607050895691
5310,0,CNV,0,1,0.6400317549705505
5311,0,CNV,0,1,0.6148867607116699
5312,0,CNV,0,1,0.6138845086097717
5313,0,CNV,0,1,0.5168222784996033
5314,0,CNV,0,1,0.2959423363208771
5315,0,CNV,0,1,0.3174578547477722
5316,0,CNV,0,1,0.45258405804634094
5317,0,CNV,0,1,0.5710623264312744
5318,0,CNV,0,1,0.7449436783790588
5319,0,CNV,0,1,0.44566088914871216
5320,0,CNV,0,1,0.8418139219284058
5321,0,CNV,0,1,0.5813716650009155
5322,0,CNV,0,1,0.7179039716720581
5323,0,CNV,0,1,0.4967615604400635
5324,0,CNV,0,1,0.7341277599334717
5325,0,CNV,0,1,0.693244457244873
5326,0,CNV,0,1,0.5300332307815552
5327,0,CNV,0,1,0.6767996549606323
5328,0,CNV,0,1,0.3784087598323822
5329,0,CNV,0,1,0.7003089189529419
5330,0,CNV,0,1,0.5932541489601135
5331,0,CNV,0,1,0.5794640183448792
5332,0,CNV,0,1,0.689591646194458
5333,0,CNV,0,1,0.5498156547546387
5334,0,CNV,0,1,0.6472732424736023
5335,0,CNV,0,1,0.648849606513977
5336,0,CNV,0,1,0.5849746465682983
5337,0,CNV,0,1,0.41044580936431885
5338,0,CNV,0,1,0.4468528628349304
5339,0,CNV,0,1,0.6654134392738342
5340,0,CNV,0,1,0.5056231617927551
5341,0,CNV,0,1,0.5228442549705505
5342,0,CNV,0,1,0.5455357432365417
5343,0,CNV,0,1,0.6044861674308777
5344,0,CNV,0,1,0.3063295781612396
5345,0,CNV,0,1,0.3896194398403168
5346,0,CNV,0,1,0.685339093208313
5347,0,CNV,0,1,0.5977708101272583
5348,0,CNV,0,1,0.675840437412262
5349,0,CNV,0,1,0.6956807971000671
5350,0,CNV,0,1,0.5788464546203613
5351,0,CNV,0,1,0.6330995559692383
5352,0,CNV,0,1,0.36629635095596313
5353,0,CNV,0,1,0.7191778421401978
5354,0,CNV,0,1,0.4771714508533478
5355,0,CNV,0,1,0.6125988364219666
5356,0,CNV,0,1,0.40608319640159607
5357,0,CNV,0,1,0.5844303369522095
5358,0,CNV,0,1,0.5516670346260071
5359,0,CNV,0,1,0.6126282215118408
5360,0,CNV,0,1,0.5155535936355591
5361,0,CNV,0,1,0.42359933257102966
5362,0,CNV,0,1,0.6598423719406128
5363,0,CNV,0,1,0.4909636080265045
5364,0,CNV,0,1,0.7750659584999084
5365,0,CNV,0,1,0.7209118008613586
5366,0,CNV,0,1,0.4159219264984131
5367,0,CNV,0,1,0.6411240100860596
5368,0,CNV,0,1,0.6826037764549255
5369,0,CNV,0,1,0.49361953139305115
5370,0,CNV,0,1,0.49924436211586
5371,0,CNV,0,1,0.5904983282089233
5372,0,CNV,0,1,0.6436166167259216
5373,0,CNV,0,1,0.676214337348938
5374,0,CNV,0,1,0.5572513937950134
5375,0,CNV,0,1,0.26349228620529175
5376,0,CNV,0,1,0.5481781959533691
5377,0,CNV,0,1,0.6880233883857727
5378,0,CNV,0,1,0.6912580132484436
5379,0,CNV,0,1,0.5177351832389832
5380,0,CNV,0,1,0.6001250147819519
5381,0,CNV,0,1,0.2004949301481247
5382,0,CNV,0,1,0.27135932445526123
5383,0,CNV,0,1,0.6075870990753174
5384,0,CNV,0,1,0.29274171590805054
5385,0,CNV,0,1,0.7571131587028503
5386,0,CNV,0,1,0.5982275605201721
5387,0,CNV,0,1,0.7219722867012024
5388,0,CNV,0,1,0.4752715826034546
5389,0,CNV,0,1,0.353963702917099
5390,0,CNV,0,1,0.7061671018600464
5391,0,CNV,0,1,0.5447425842285156
5392,0,CNV,0,1,0.49451136589050293
5393,0,CNV,1,0,0.5386767387390137
5394,0,CNV,0,1,0.5624485015869141
5395,0,CNV,0,1,0.5632869601249695
5396,0,CNV,0,1,0.6117061972618103
5397,0,CNV,0,1,0.5100656747817993
5398,0,CNV,0,1,0.6413781642913818
5399,0,CNV,0,1,0.5400603413581848
5400,0,CNV,0,1,0.6669950485229492
5401,0,CNV,0,1,0.5884578227996826
5402,0,CNV,0,1,0.4572892189025879
5403,0,CNV,0,1,0.6940600275993347
5404,0,CNV,0,1,0.5511799454689026
5405,0,CNV,0,1,0.5975217223167419
5406,0,CNV,0,1,0.6117411851882935
5407,0,CNV,0,1,0.6698138117790222
5408,0,CNV,0,1,0.40226617455482483
5409,0,CNV,2,0,0.5125474333763123
5410,0,CNV,0,1,0.7588616013526917
5411,0,CNV,0,1,0.6631727814674377
5412,0,CNV,0,1,0.6616620421409607
5413,0,CNV,0,1,0.6738884449005127
5414,0,CNV,0,1,0.6032664179801941
5415,0,CNV,0,1,0.7665041089057922
5416,0,CNV,0,1,0.5828743577003479
5417,0,CNV,0,1,0.7574345469474792
5418,0,CNV,0,1,0.5934005379676819
5419,0,CNV,0,1,0.7607696056365967
5420,0,CNV,0,1,0.456694632768631
5421,0,CNV,0,1,0.6013237833976746
5422,0,CNV,0,1,0.5665802359580994
5423,0,CNV,0,1,0.5270324945449829
5424,0,CNV,0,1,0.5724157094955444
5425,0,CNV,0,1,0.5807408094406128
5426,0,CNV,0,1,0.6326042413711548
5427,0,CNV,0,1,0.600805401802063
5428,0,CNV,0,1,0.5584076642990112
5429,0,CNV,0,1,0.6639492511749268
5430,0,CNV,0,1,0.5532000064849854
5431,0,CNV,0,1,0.5198110938072205
5432,0,CNV,0,1,0.628287672996521
5433,0,CNV,0,1,0.5385317206382751
5434,0,CNV,0,1,0.5718109011650085
5435,0,CNV,0,1,0.5599633455276489
5436,0,CNV,0,1,0.8719068765640259
5437,0,CNV,0,1,0.6723659038543701
5438,0,CNV,0,1,0.43816667795181274
5439,0,CNV,0,1,0.6232562065124512
5440,0,CNV,0,1,0.5867992043495178
5441,0,CNV,0,1,0.7612473368644714
5442,0,CNV,0,1,0.7533783912658691
5443,0,CNV,0,1,0.46684402227401733
5444,0,CNV,0,1,0.6924999356269836
5445,0,CNV,0,1,0.6019020080566406
5446,0,CNV,0,1,0.27773019671440125
5447,0,CNV,0,1,0.5610283017158508
5448,0,CNV,0,1,0.5080819129943848
5449,0,CNV,0,1,0.5570577383041382
5450,0,CNV,0,1,0.5280622839927673
5451,0,CNV,0,1,0.5384722352027893
5452,0,CNV,0,1,0.6138697862625122
5453,0,CNV,0,1,0.4484516978263855
5454,0,CNV,0,1,0.5196107625961304
5455,0,CNV,0,1,0.5623731017112732
5456,0,CNV,0,1,0.6739478707313538
5457,0,CNV,0,1,0.6045410633087158
5458,0,CNV,0,1,0.7044833302497864
5459,0,CNV,0,1,0.5212588906288147
5460,0,CNV,0,1,0.5734895467758179
5461,0,CNV,0,1,0.6352170705795288
5462,0,CNV,0,1,0.33375850319862366
5463,0,CNV,0,1,0.6758139729499817
5464,0,CNV,0,1,0.647620439529419
5465,0,CNV,2,0,0.5158535838127136
5466,0,CNV,0,1,0.5219227075576782
5467,0,CNV,0,1,0.6139795184135437
5468,0,CNV,0,1,0.40974515676498413
5469,0,CNV,0,1,0.5743863582611084
5470,0,CNV,0,1,0.6403042078018188
5471,0,CNV,0,1,0.6053627729415894
5472,0,CNV,0,1,0.5383853912353516
5473,0,CNV,0,1,0.7002533078193665
5474,0,CNV,0,1,0.5414299368858337
5475,0,CNV,0,1,0.6895269751548767
5476,0,CNV,0,1,0.7133806347846985
5477,0,CNV,0,1,0.45421454310417175
5478,0,CNV,0,1,0.5798851847648621
5479,0,CNV,0,1,0.5095292329788208
5480,0,CNV,0,1,0.6124604940414429
5481,0,CNV,0,1,0.41343554854393005
5482,0,CNV,0,1,0.6446736454963684
5483,0,CNV,0,1,0.18357641994953156
5484,0,CNV,0,1,0.5938337445259094
5485,0,CNV,0,1,0.732158899307251
5486,0,CNV,0,1,0.4767402410507202
5487,0,CNV,0,1,0.739006519317627
5488,0,CNV,0,1,0.7460941672325134
5489,0,CNV,0,1,0.6614763140678406
5490,0,CNV,0,1,0.7478761672973633
5491,0,CNV,0,1,0.24927151203155518
5492,0,CNV,0,1,0.5966196656227112
5493,0,CNV,0,1,0.6215662360191345
5494,0,CNV,0,1,0.6159253120422363
5495,0,CNV,0,1,0.4715110659599304
5496,0,CNV,0,1,0.623669445514679
5497,0,CNV,0,1,0.34591567516326904
5498,0,CNV,0,1,0.5048448443412781
5499,0,CNV,0,1,0.5105046629905701
5500,0,CNV,2,0,0.5783462524414062
5501,0,CNV,0,1,0.4260810613632202
5502,0,CNV,0,1,0.629170835018158
5503,0,CNV,0,1,0.5550594925880432
5504,0,CNV,0,1,0.6841680407524109
5505,0,CNV,0,1,0.4649183452129364
5506,0,CNV,0,1,0.5998140573501587
5507,0,CNV,0,1,0.4672865569591522
5508,0,CNV,0,1,0.2189108431339264
5509,0,CNV,0,1,0.5321773886680603
5510,0,CNV,0,1,0.519245445728302
5511,0,CNV,0,1,0.7561897039413452
5512,0,CNV,0,1,0.4159946143627167
5513,0,CNV,0,1,0.5716927647590637
5514,0,CNV,0,1,0.3678073287010193
5515,0,CNV,0,1,0.7565039396286011
5516,0,CNV,0,1,0.6694685816764832
5517,0,CNV,0,1,0.6536217927932739
5518,0,CNV,1,0,0.16393479704856873
5519,0,CNV,0,1,0.6561868190765381
5520,0,CNV,0,1,0.7429593205451965
5521,0,CNV,0,1,0.7151573300361633
5522,0,CNV,0,1,0.7384220957756042
5523,0,CNV,0,1,0.4831923842430115
5524,0,CNV,0,1,0.4402267634868622
5525,0,CNV,0,1,0.6296675801277161
5526,0,CNV,0,1,0.3855416774749756
5527,0,CNV,0,1,0.6917898654937744
5528,0,CNV,0,1,0.5283597707748413
5529,0,CNV,0,1,0.451583594083786
5530,0,CNV,0,1,0.44539982080459595
5531,0,CNV,0,1,0.6744298934936523
5532,0,CNV,0,1,0.517322301864624
5533,0,CNV,0,1,0.6479074954986572
5534,0,CNV,0,1,0.6871016025543213
5535,0,CNV,2,0,0.6812465190887451
5536,0,CNV,0,1,0.5563332438468933
5537,0,CNV,0,1,0.5035063624382019
5538,0,CNV,0,1,0.643733024597168
5539,0,CNV,0,1,0.34479397535324097
5540,0,CNV,0,1,0.22580844163894653
5541,0,CNV,0,1,0.45025935769081116
5542,0,CNV,0,1,0.6209807395935059
5543,0,CNV,0,1,0.46413490176200867
5544,0,CNV,0,1,0.5983744859695435
5545,0,CNV,0,1,0.5432887673377991
5546,0,CNV,0,1,0.36515432596206665
5547,0,CNV,0,1,0.3462298512458801
5548,0,CNV,0,1,0.5640430450439453
5549,0,CNV,0,1,0.23377367854118347
5550,0,CNV,0,1,0.6651484370231628
5551,0,CNV,2,0,0.38804224133491516
5552,0,CNV,0,1,0.6533119678497314
5553,0,CNV,0,1,0.5071865320205688
5554,0,CNV,0,1,0.2400246411561966
5555,0,CNV,0,1,0.7152174115180969
5556,0,CNV,0,1,0.32870057225227356
5557,0,CNV,2,0,0.5233070254325867
5558,0,CNV,0,1,0.8059758543968201
5559,0,CNV,0,1,0.5928449630737305
5560,0,CNV,0,1,0.3035905659198761
5561,0,CNV,0,1,0.534795880317688
5562,0,CNV,0,1,0.6430308222770691
5563,0,CNV,0,1,0.3197327256202698
5564,0,CNV,2,0,0.5396902561187744
5565,0,CNV,0,1,0.3437274992465973
5566,0,CNV,0,1,0.4211776554584503
5567,0,CNV,0,1,0.6258630752563477
5568,0,CNV,0,1,0.5045434236526489
5569,0,CNV,0,1,0.7326142191886902
5570,0,CNV,0,1,0.7427598237991333
5571,0,CNV,0,1,0.7724155783653259
5572,0,CNV,0,1,0.41669923067092896
5573,0,CNV,0,1,0.6788764595985413
5574,0,CNV,0,1,0.7584792971611023
5575,0,CNV,0,1,0.6743631362915039
5576,0,CNV,0,1,0.5899926424026489
5577,0,CNV,0,1,0.5751632452011108
5578,0,CNV,0,1,0.5436175465583801
5579,0,CNV,0,1,0.6633643507957458
5580,0,CNV,0,1,0.6919373869895935
5581,0,CNV,0,1,0.566802442073822
5582,0,CNV,0,1,0.505786120891571
5583,0,CNV,0,1,0.7213372588157654
5584,0,CNV,0,1,0.5617977380752563
5585,0,CNV,0,1,0.2213817834854126
5586,0,CNV,0,1,0.4557388126850128
5587,0,CNV,0,1,0.5807087421417236
5588,0,CNV,0,1,0.4775800406932831
5589,0,CNV,0,1,0.7108033895492554
5590,0,CNV,0,1,0.7103084325790405
5591,0,CNV,0,1,0.7338740229606628
5592,0,CNV,0,1,0.6188709139823914
5593,0,CNV,0,1,0.7248952388763428
5594,0,CNV,0,1,0.36933600902557373
5595,0,CNV,0,1,0.5539868474006653
5596,0,CNV,0,1,0.16898620128631592
5597,0,CNV,0,1,0.5001688003540039
5598,0,CNV,0,1,0.6757900714874268
5599,0,CNV,0,1,0.5511894822120667
5600,0,CNV,0,1,0.4906233847141266
5601,0,CNV,0,1,0.5670514702796936
5602,0,CNV,0,1,0.5318536162376404
5603,0,CNV,0,1,0.7056253552436829
5604,0,CNV,0,1,0.5424083471298218
5605,0,CNV,0,1,0.4888218939304352
5606,0,CNV,0,1,0.6535220742225647
5607,0,CNV,0,1,0.586591362953186
5608,0,CNV,0,1,0.5968313217163086
5609,0,CNV,0,1,0.6710246205329895
5610,0,CNV,0,1,0.570838987827301
5611,0,CNV,0,1,0.44779402017593384
5612,0,CNV,0,1,0.20153367519378662
5613,0,CNV,0,1,0.7276378273963928
5614,1,DME,1,1,0.49522581696510315
5615,1,DME,1,1,0.6853107213973999
5616,1,DME,1,1,0.6268814206123352
5617,1,DME,1,1,0.621188759803772
5618,1,DME,1,1,0.5925590395927429
5619,1,DME,1,1,0.6628872752189636
5620,1,DME,1,1,0.39516642689704895
5621,1,DME,1,1,0.5109732151031494
5622,1,DME,1,1,0.676740825176239
5623,1,DME,1,1,0.4084627330303192
5624,1,DME,1,1,0.5494790077209473
5625,1,DME,1,1,0.6575934290885925
5626,1,DME,1,1,0.6838592290878296
5627,1,DME,1,1,0.6013201475143433
5628,1,DME,1,1,0.6924792528152466
5629,1,DME,1,1,0.7024233341217041
5630,1,DME,1,1,0.5958638191223145
5631,1,DME,1,1,0.6518923044204712
5632,1,DME,1,1,0.7350093126296997
5633,1,DME,1,1,0.48456713557243347
5634,1,DME,1,1,0.5093795657157898
5635,1,DME,1,1,0.5165714621543884
5636,1,DME,1,1,0.6271815896034241
5637,1,DME,1,1,0.5281535387039185
5638,1,DME,1,1,0.6254014372825623
5639,1,DME,1,1,0.5968289971351624
5640,1,DME,1,1,0.5433412194252014
5641,1,DME,1,1,0.48806101083755493
5642,1,DME,1,1,0.5794134736061096
5643,1,DME,1,1,0.7655798196792603
5644,1,DME,1,1,0.5498250722885132
5645,1,DME,1,1,0.7396037578582764
5646,1,DME,1,1,0.4315685033798218
5647,1,DME,1,1,0.5361688137054443
5648,1,DME,1,1,0.6875965595245361
5649,1,DME,1,1,0.49890854954719543
5650,1,DME,1,1,0.6758704781532288
5651,1,DME,1,1,0.7759096622467041
5652,1,DME,1,1,0.42681023478507996
5653,1,DME,1,1,0.7380936741828918
5654,1,DME,1,1,0.4829036593437195
5655,1,DME,1,1,0.7281734943389893
5656,1,DME,1,1,0.4161847233772278
5657,1,DME,1,1,0.6026279330253601
5658,1,DME,1,1,0.5178921222686768
5659,1,DME,1,1,0.5715972781181335
5660,1,DME,1,1,0.6673528552055359
5661,1,DME,1,1,0.5516696572303772
5662,1,DME,1,1,0.7300399541854858
5663,1,DME,1,1,0.620034396648407
5664,1,DME,1,1,0.6413894891738892
5665,1,DME,1,1,0.5505706071853638
5666,1,DME,1,1,0.5741639733314514
5667,1,DME,1,1,0.6371411681175232
5668,1,DME,1,1,0.5860694050788879
5669,1,DME,1,1,0.6604487299919128
5670,1,DME,1,1,0.4717617928981781
5671,1,DME,1,1,0.6663563251495361
5672,1,DME,1,1,0.3634861707687378
5673,1,DME,1,1,0.6224298477172852
5674,1,DME,1,1,0.590395987033844
5675,1,DME,1,1,0.7240712642669678
5676,1,DME,1,1,0.46766915917396545
5677,1,DME,1,1,0.6319073438644409
5678,1,DME,1,1,0.4614678621292114
5679,1,DME,1,1,0.3936842978000641
5680,1,DME,1,1,0.605228841304779
5681,1,DME,1,1,0.5069186687469482
5682,1,DME,1,1,0.42117729783058167
5683,1,DME,1,1,0.729071319103241
5684,1,DME,1,1,0.635208010673523
5685,1,DME,1,1,0.6411337852478027
5686,1,DME,1,1,0.6198641657829285
5687,1,DME,1,1,0.7217315435409546
5688,1,DME,1,1,0.6844007968902588
5689,1,DME,1,1,0.624835193157196
5690,1,DME,1,1,0.47972989082336426
5691,1,DME,1,1,0.49725353717803955
5692,1,DME,1,1,0.6311706304550171
5693,1,DME,1,1,0.6315140128135681
5694,1,DME,1,1,0.46692582964897156
5695,1,DME,1,1,0.6437763571739197
5696,1,DME,1,1,0.5694934725761414
5697,1,DME,1,1,0.457834392786026
5698,1,DME,1,1,0.5541682243347168
5699,1,DME,1,1,0.6836985349655151
5700,1,DME,3,0,0.6322250366210938
5701,1,DME,1,1,0.711057186126709
5702,1,DME,1,1,0.38279175758361816
5703,1,DME,1,1,0.7500373125076294
5704,1,DME,1,1,0.5738323926925659
5705,1,DME,1,1,0.5883139967918396
5706,1,DME,1,1,0.48901134729385376
5707,1,DME,1,1,0.7297174334526062
5708,1,DME,1,1,0.49557873606681824
5709,1,DME,1,1,0.7662312984466553
5710,1,DME,1,1,0.6217172145843506
5711,1,DME,1,1,0.5494596362113953
5712,1,DME,1,1,0.640860915184021
5713,1,DME,1,1,0.5873610973358154
5714,1,DME,1,1,0.4316862225532532
5715,1,DME,1,1,0.5019273161888123
5716,1,DME,1,1,0.7595422267913818
5717,1,DME,1,1,0.652940571308136
5718,1,DME,1,1,0.6132429242134094
5719,1,DME,1,1,0.520107090473175
5720,1,DME,1,1,0.4665481448173523
5721,1,DME,1,1,0.5565108060836792
5722,1,DME,1,1,0.6328674554824829
5723,1,DME,1,1,0.46150439977645874
5724,1,DME,1,1,0.6577320694923401
5725,1,DME,1,1,0.7468346357345581
5726,1,DME,1,1,0.17352916300296783
5727,1,DME,1,1,0.5721264481544495
5728,1,DME,1,1,0.5031406283378601
5729,1,DME,1,1,0.5237912535667419
5730,1,DME,1,1,0.6319728493690491
5731,1,DME,1,1,0.6924458146095276
5732,1,DME,1,1,0.7362578511238098
5733,1,DME,1,1,0.5874144434928894
5734,1,DME,1,1,0.624586820602417
5735,1,DME,1,1,0.4761104881763458
5736,1,DME,1,1,0.3754827082157135
5737,1,DME,1,1,0.6368060111999512
5738,1,DME,1,1,0.620077908039093
5739,1,DME,1,1,0.3482303023338318
5740,1,DME,1,1,0.5496217608451843
5741,1,DME,1,1,0.6660529971122742
5742,1,DME,1,1,0.5606964230537415
5743,1,DME,1,1,0.6613585948944092
5744,1,DME,1,1,0.743657112121582
5745,1,DME,1,1,0.5705129504203796
5746,1,DME,1,1,0.5387848615646362
5747,1,DME,1,1,0.5596241354942322
5748,1,DME,1,1,0.581963300704956
5749,1,DME,1,1,0.6360135674476624
5750,1,DME,1,1,0.4821888208389282
5751,1,DME,1,1,0.14826592803001404
5752,1,DME,1,1,0.600715160369873
5753,1,DME,1,1,0.7320545315742493
5754,1,DME,1,1,0.5533968806266785
5755,1,DME,1,1,0.7051818370819092
5756,1,DME,1,1,0.7777431011199951
5757,1,DME,1,1,0.3937205970287323
5758,1,DME,1,1,0.5989302396774292
5759,1,DME,1,1,0.4867766201496124
5760,1,DME,1,1,0.6602379679679871
5761,1,DME,1,1,0.6999656558036804
5762,1,DME,1,1,0.4944152534008026
5763,1,DME,1,1,0.6251872777938843
5764,1,DME,1,1,0.5459890365600586
5765,1,DME,1,1,0.552889347076416
5766,1,DME,1,1,0.6776893138885498
5767,1,DME,1,1,0.6710212230682373
5768,1,DME,1,1,0.7093218564987183
5769,1,DME,1,1,0.3946743309497833
5770,1,DME,1,1,0.5704900622367859
5771,1,DME,1,1,0.644093930721283
5772,1,DME,1,1,0.5091482996940613
5773,1,DME,1,1,0.4513038694858551
5774,1,DME,1,1,0.4250507950782776
5775,1,DME,2,0,0.0
5776,1,DME,1,1,0.6731787919998169
5777,1,DME,1,1,0.7221112251281738
5778,1,DME,1,1,0.5022202730178833
5779,1,DME,1,1,0.5847568511962891
5780,1,DME,1,1,0.7292719483375549
5781,1,DME,1,1,0.5694724917411804
5782,1,DME,3,0,0.310129851102829
5783,1,DME,1,1,0.7397799491882324
5784,1,DME,1,1,0.46094033122062683
5785,1,DME,1,1,0.7500068545341492
5786,1,DME,1,1,0.43010324239730835
5787,1,DME,1,1,0.5203394293785095
5788,1,DME,1,1,0.7916660308837891
5789,1,DME,1,1,0.659601092338562
5790,1,DME,1,1,0.6423338651657104
5791,1,DME,1,1,0.5160485506057739
5792,1,DME,1,1,0.32867035269737244
5793,1,DME,1,1,0.5785663723945618
5794,1,DME,1,1,0.6869698762893677
5795,1,DME,1,1,0.6787972450256348
5796,1,DME,1,1,0.6934153437614441
5797,1,DME,1,1,0.5105220079421997
5798,1,DME,1,1,0.6474010944366455
5799,1,DME,1,1,0.48678135871887207
5800,1,DME,1,1,0.7942344546318054
5801,1,DME,1,1,0.6611071825027466
5802,1,DME,1,1,0.45094189047813416
5803,1,DME,1,1,0.5677447319030762
5804,1,DME,0,0,0.6507728099822998
5805,1,DME,1,1,0.7288020253181458
5806,1,DME,1,1,0.7268577218055725
5807,1,DME,1,1,0.34381213784217834
5808,1,DME,1,1,0.6414656639099121
5809,1,DME,1,1,0.5633533000946045
5810,1,DME,1,1,0.7112380862236023
5811,1,DME,1,1,0.567327082157135
5812,1,DME,1,1,0.2997080087661743
5813,1,DME,1,1,0.6003579497337341
5814,1,DME,1,1,0.3996187746524811
5815,1,DME,1,1,0.5450921654701233
5816,1,DME,1,1,0.5626221299171448
5817,1,DME,1,1,0.6438300013542175
5818,1,DME,1,1,0.6724563241004944
5819,1,DME,1,1,0.7362141013145447
5820,1,DME,1,1,0.7242142558097839
5821,1,DME,1,1,0.6820148825645447
5822,1,DME,1,1,0.5096685886383057
5823,1,DME,1,1,0.6428375840187073
5824,1,DME,1,1,0.7585241198539734
5825,1,DME,1,1,0.4849662780761719
5826,1,DME,1,1,0.5724698305130005
5827,1,DME,1,1,0.3599885404109955
5828,1,DME,1,1,0.6460687518119812
5829,1,DME,1,1,0.5767677426338196
5830,1,DME,1,1,0.7118125557899475
5831,1,DME,1,1,0.6922215819358826
5832,1,DME,1,1,0.5722398161888123
5833,1,DME,1,1,0.46609535813331604
5834,1,DME,1,1,0.6356723308563232
5835,1,DME,1,1,0.6828357577323914
5836,1,DME,1,1,0.5584166646003723
5837,1,DME,1,1,0.5099852085113525
5838,1,DME,1,1,0.4833921790122986
5839,1,DME,1,1,0.702218234539032
5840,1,DME,1,1,0.5419481992721558
5841,1,DME,1,1,0.7493035793304443
5842,1,DME,1,1,0.5425741672515869
5843,1,DME,1,1,0.6910821795463562
5844,1,DME,1,1,0.6681997776031494
5845,1,DME,1,1,0.5027806162834167
5846,1,DME,1,1,0.6018887758255005
5847,1,DME,1,1,0.6270161271095276
5848,1,DME,1,1,0.3767393231391907
5849,1,DME,1,1,0.7175406813621521
5850,1,DME,1,1,0.7615067958831787
5851,1,DME,1,1,0.3981688618659973
5852,1,DME,1,1,0.38041356205940247
5853,1,DME,1,1,0.6587886214256287
5854,1,DME,1,1,0.4153759181499481
5855,1,DME,1,1,0.49217310547828674
5856,1,DME,1,1,0.5555673241615295
5857,1,DME,1,1,0.5581691265106201
5858,1,DME,1,1,0.7116671204566956
5859,1,DME,1,1,0.7337746620178223
5860,1,DME,1,1,0.6529014110565186
5861,1,DME,1,1,0.4426438808441162
5862,1,DME,1,1,0.5523895621299744
5863,1,DME,1,1,0.41992342472076416
5864,1,DME,1,1,0.6700240969657898
5865,1,DME,1,1,0.7903201580047607
5866,1,DME,1,1,0.4965152442455292
5867,1,DME,1,1,0.6624816656112671
5868,1,DME,1,1,0.545319139957428
5869,1,DME,1,1,0.754116952419281
5870,1,DME,1,1,0.6774285435676575
5871,1,DME,1,1,0.5077068209648132
5872,1,DME,1,1,0.5280687212944031
5873,1,DME,1,1,0.6078803539276123
5874,1,DME,1,1,0.5812535285949707
5875,1,DME,1,1,0.5851868987083435
5876,1,DME,1,1,0.7642454504966736
5877,1,DME,1,1,0.48738330602645874
5878,1,DME,1,1,0.7358760833740234
5879,1,DME,1,1,0.669366717338562
5880,1,DME,1,1,0.588194727897644
5881,1,DME,1,1,0.6763984560966492
5882,1,DME,1,1,0.6759625673294067
5883,1,DME,1,1,0.5442314743995667
5884,1,DME,1,1,0.6457846164703369
5885,1,DME,1,1,0.7740830183029175
5886,1,DME,1,1,0.4195431172847748
5887,1,DME,1,1,0.7746525406837463
5888,1,DME,1,1,0.24291934072971344
5889,1,DME,1,1,0.6172407865524292
5890,1,DME,1,1,0.7121739983558655
5891,1,DME,1,1,0.4681686460971832
5892,1,DME,1,1,0.5908616185188293
5893,1,DME,1,1,0.5253148078918457
5894,1,DME,1,1,0.5691400170326233
5895,1,DME,1,1,0.678501307964325
5896,1,DME,1,1,0.6114521026611328
5897,1,DME,1,1,0.6560087203979492
5898,1,DME,1,1,0.8119760155677795
5899,1,DME,1,1,0.5890883803367615
5900,1,DME,1,1,0.46059849858283997
5901,1,DME,1,1,0.7886635661125183
5902,1,DME,1,1,0.6043082475662231
5903,1,DME,1,1,0.6158718466758728
5904,1,DME,1,1,0.8311180472373962
5905,1,DME,1,1,0.7591306567192078
5906,1,DME,1,1,0.660300076007843
5907,1,DME,1,1,0.5367777943611145
5908,1,DME,1,1,0.5801106691360474
5909,1,DME,1,1,0.5145034193992615
5910,1,DME,1,1,0.4311691224575043
5911,1,DME,1,1,0.7310888767242432
5912,1,DME,1,1,0.6533880829811096
5913,1,DME,0,0,0.7974043488502502
5914,1,DME,1,1,0.5619227290153503
5915,1,DME,1,1,0.6271107792854309
5916,1,DME,1,1,0.31253036856651306
5917,1,DME,1,1,0.653337299823761
5918,1,DME,1,1,0.7809727191925049
5919,1,DME,1,1,0.6629065871238708
5920,1,DME,1,1,0.581927478313446
5921,1,DME,1,1,0.511761486530304
5922,1,DME,1,1,0.5702246427536011
5923,1,DME,1,1,0.738488495349884
5924,1,DME,1,1,0.5785406827926636
5925,1,DME,1,1,0.6572362184524536
5926,1,DME,1,1,0.5128448605537415
5927,1,DME,1,1,0.7611076235771179
5928,1,DME,1,1,0.5745595097541809
5929,1,DME,1,1,0.7397791147232056
5930,1,DME,1,1,0.6613398194313049
5931,1,DME,1,1,0.7089201807975769
5932,1,DME,1,1,0.6140597462654114
5933,1,DME,1,1,0.6129874587059021
5934,1,DME,1,1,0.4726460576057434
5935,1,DME,1,1,0.7313010096549988
5936,1,DME,1,1,0.5714035630226135
5937,1,DME,1,1,0.6931748986244202
5938,1,DME,1,1,0.6794681549072266
5939,1,DME,1,1,0.6297845244407654
5940,1,DME,1,1,0.7528575658798218
5941,1,DME,1,1,0.6428981423377991
5942,1,DME,1,1,0.35931962728500366
5943,1,DME,1,1,0.7050384879112244
5944,1,DME,1,1,0.6265660524368286
5945,1,DME,1,1,0.5267939567565918
5946,1,DME,1,1,0.7118560671806335
5947,1,DME,1,1,0.5940027236938477
5948,1,DME,1,1,0.7318291068077087
5949,1,DME,1,1,0.6155474185943604
5950,1,DME,1,1,0.5123225450515747
5951,1,DME,1,1,0.7416225671768188
5952,1,DME,1,1,0.6552853584289551
5953,1,DME,1,1,0.6053557991981506
5954,1,DME,1,1,0.5907616019248962
5955,1,DME,1,1,0.38982027769088745
5956,1,DME,1,1,0.7199506163597107
5957,1,DME,1,1,0.5699014067649841
5958,1,DME,1,1,0.7033388018608093
5959,1,DME,1,1,0.4596259891986847
5960,1,DME,1,1,0.7192254662513733
5961,1,DME,1,1,0.7248517870903015
5962,1,DME,1,1,0.7036260366439819
5963,1,DME,1,1,0.6725817322731018
5964,1,DME,1,1,0.4375476539134979
5965,1,DME,1,1,0.5638643503189087
5966,1,DME,1,1,0.5566797256469727
5967,1,DME,1,1,0.6628857851028442
5968,1,DME,1,1,0.5737618207931519
5969,1,DME,1,1,0.5529798269271851
5970,1,DME,1,1,0.6525613069534302
5971,1,DME,1,1,0.7349672317504883
5972,1,DME,1,1,0.4827803671360016
5973,1,DME,1,1,0.5753755569458008
5974,1,DME,1,1,0.37319594621658325
5975,1,DME,0,0,0.4732024073600769
5976,1,DME,1,1,0.6138836741447449
5977,1,DME,1,1,0.43724533915519714
5978,1,DME,1,1,0.6144075989723206
5979,1,DME,1,1,0.6783748865127563
5980,1,DME,1,1,0.6169827580451965
5981,1,DME,1,1,0.5560417175292969
5982,1,DME,1,1,0.5367619395256042
5983,1,DME,1,1,0.46177467703819275
5984,1,DME,1,1,0.7213020324707031
5985,1,DME,1,1,0.6461108922958374
5986,1,DME,1,1,0.5407511591911316
5987,1,DME,1,1,0.6868456602096558
5988,1,DME,1,1,0.6234182715415955
5989,1,DME,1,1,0.2812652289867401
5990,1,DME,1,1,0.5264952778816223
5991,1,DME,1,1,0.5700712203979492
5992,1,DME,1,1,0.48548388481140137
5993,1,DME,0,0,0.8846527934074402
5994,1,DME,1,1,0.5525209307670593
5995,1,DME,1,1,0.6560897827148438
5996,1,DME,1,1,0.6877683401107788
5997,1,DME,0,0,0.8037077188491821
5998,1,DME,1,1,0.3853212594985962
5999,1,DME,1,1,0.40827205777168274
6000,1,DME,1,1,0.7288288474082947
6001,1,DME,1,1,0.6597551703453064
6002,1,DME,1,1,0.6835591793060303
6003,1,DME,1,1,0.6815840601921082
6004,1,DME,1,1,0.5701108574867249
6005,1,DME,1,1,0.4449845552444458
6006,1,DME,1,1,0.5681210160255432
6007,1,DME,1,1,0.45539242029190063
6008,1,DME,1,1,0.3983302712440491
6009,1,DME,1,1,0.6058691740036011
6010,1,DME,1,1,0.5735280513763428
6011,1,DME,1,1,0.514430582523346
6012,1,DME,1,1,0.6077035069465637
6013,1,DME,1,1,0.4451111853122711
6014,1,DME,1,1,0.6444908976554871
6015,1,DME,1,1,0.6144052147865295
6016,1,DME,1,1,0.360659122467041
6017,1,DME,1,1,0.6043936610221863
6018,1,DME,1,1,0.5409538149833679
6019,1,DME,1,1,0.7325019240379333
6020,1,DME,1,1,0.5601402521133423
6021,1,DME,1,1,0.4918043613433838
6022,1,DME,1,1,0.737126886844635
6023,1,DME,1,1,0.7415405511856079
6024,1,DME,1,1,0.5897175073623657
6025,1,DME,1,1,0.5459428429603577
6026,1,DME,1,1,0.530868411064148
6027,1,DME,1,1,0.5517066717147827
6028,1,DME,1,1,0.6290379762649536
6029,1,DME,1,1,0.6940112709999084
6030,1,DME,1,1,0.554580807685852
6031,1,DME,1,1,0.7479114532470703
6032,1,DME,1,1,0.6390876770019531
6033,1,DME,1,1,0.48242291808128357
6034,1,DME,1,1,0.7121810913085938
6035,1,DME,1,1,0.5273033380508423
6036,1,DME,1,1,0.547576904296875
6037,1,DME,1,1,0.37260493636131287
6038,1,DME,1,1,0.5377759337425232
6039,1,DME,1,1,0.560774564743042
6040,1,DME,3,0,0.28207799792289734
6041,1,DME,1,1,0.5393915772438049
6042,1,DME,1,1,0.6880659461021423
6043,1,DME,1,1,0.30741584300994873
6044,1,DME,1,1,0.6603248715400696
6045,1,DME,1,1,0.6002365946769714
6046,1,DME,1,1,0.6532637476921082
6047,1,DME,1,1,0.38474979996681213
6048,1,DME,1,1,0.5190112590789795
6049,1,DME,1,1,0.511044979095459
6050,1,DME,1,1,0.7403813600540161
6051,1,DME,1,1,0.5825358629226685
6052,1,DME,1,1,0.635651171207428
6053,1,DME,1,1,0.6444411277770996
6054,1,DME,1,1,0.6131306290626526
6055,1,DME,1,1,0.4314733147621155
6056,1,DME,1,1,0.5230956077575684
6057,1,DME,1,1,0.3901011049747467
6058,1,DME,1,1,0.5902778506278992
6059,1,DME,1,1,0.65943443775177
6060,1,DME,1,1,0.6783488988876343
6061,1,DME,1,1,0.4053170680999756
6062,1,DME,1,1,0.3546430170536041
6063,1,DME,1,1,0.7029024362564087
6064,1,DME,1,1,0.34760382771492004
6065,1,DME,1,1,0.6513710618019104
6066,1,DME,1,1,0.6897290945053101
6067,1,DME,1,1,0.7249862551689148
6068,1,DME,1,1,0.7156636714935303
6069,1,DME,1,1,0.5025084614753723
6070,1,DME,1,1,0.6339122653007507
6071,1,DME,1,1,0.682832658290863
6072,1,DME,1,1,0.576083779335022
6073,1,DME,1,1,0.5745770931243896
6074,1,DME,1,1,0.48019829392433167
6075,1,DME,1,1,0.6411000490188599
6076,1,DME,1,1,0.5872005224227905
6077,1,DME,1,1,0.5171821117401123
6078,1,DME,1,1,0.5692264437675476
6079,1,DME,1,1,0.4215286374092102
6080,1,DME,1,1,0.5227234363555908
6081,1,DME,1,1,0.5841658115386963
6082,1,DME,1,1,0.6087697148323059
6083,1,DME,1,1,0.6995030641555786
6084,1,DME,1,1,0.5524368286132812
6085,1,DME,1,1,0.5394978523254395
6086,1,DME,1,1,0.7005804181098938
6087,1,DME,1,1,0.5597705245018005
6088,1,DME,1,1,0.7037585973739624
6089,1,DME,1,1,0.6422935128211975
6090,1,DME,1,1,0.5372329950332642
6091,1,DME,1,1,0.764262855052948
6092,1,DME,1,1,0.6295379400253296
6093,1,DME,1,1,0.7020012736320496
6094,1,DME,1,1,0.5170237421989441
6095,1,DME,1,1,0.5522980690002441
6096,1,DME,1,1,0.5094152092933655
6097,1,DME,1,1,0.5766480565071106
6098,1,DME,1,1,0.5685210227966309
6099,1,DME,1,1,0.7145798206329346
6100,1,DME,1,1,0.5877067446708679
6101,1,DME,1,1,0.6706276535987854
6102,1,DME,1,1,0.7173927426338196
6103,1,DME,1,1,0.477129727602005
6104,1,DME,1,1,0.5866270661354065
6105,1,DME,1,1,0.6407166719436646
6106,1,DME,1,1,0.5646265745162964
6107,1,DME,1,1,0.6277996301651001
6108,1,DME,1,1,0.5286398530006409
6109,1,DME,1,1,0.6538854837417603
6110,1,DME,1,1,0.45318421721458435
6111,1,DME,1,1,0.807088315486908
6112,1,DME,1,1,0.7020989656448364
6113,1,DME,1,1,0.6500260829925537
6114,1,DME,1,1,0.5464774370193481
6115,1,DME,1,1,0.5656706690788269
6116,1,DME,1,1,0.654020369052887
6117,1,DME,1,1,0.5500403046607971
6118,1,DME,1,1,0.6865537166595459
6119,1,DME,1,1,0.5135761499404907
6120,1,DME,1,1,0.5038163065910339
6121,1,DME,1,1,0.6700901389122009
6122,1,DME,1,1,0.7009586691856384
6123,1,DME,1,1,0.5396934151649475
6124,1,DME,1,1,0.5766140222549438
6125,1,DME,1,1,0.46651893854141235
6126,1,DME,1,1,0.635825514793396
6127,1,DME,1,1,0.6445832848548889
6128,1,DME,1,1,0.5971978902816772
6129,1,DME,1,1,0.720923125743866
6130,1,DME,1,1,0.5535818934440613
6131,1,DME,1,1,0.7895142436027527
6132,1,DME,1,1,0.6478983759880066
6133,1,DME,1,1,0.47072356939315796
6134,1,DME,1,1,0.36701884865760803
6135,1,DME,1,1,0.632957398891449
6136,1,DME,1,1,0.5485275983810425
6137,1,DME,1,1,0.5965309143066406
6138,1,DME,1,1,0.7006397843360901
6139,1,DME,1,1,0.5313873887062073
6140,1,DME,1,1,0.6833131909370422
6141,1,DME,1,1,0.5760431885719299
6142,1,DME,1,1,0.6133084893226624
6143,1,DME,1,1,0.4855188727378845
6144,1,DME,1,1,0.48417189717292786
6145,1,DME,1,1,0.3509521186351776
6146,1,DME,1,1,0.6311706304550171
6147,1,DME,1,1,0.5052554607391357
6148,1,DME,1,1,0.6188402771949768
6149,1,DME,1,1,0.47249293327331543
6150,1,DME,1,1,0.621772825717926
6151,1,DME,1,1,0.679985761642456
6152,1,DME,1,1,0.5520053505897522
6153,1,DME,1,1,0.6977841854095459
6154,1,DME,1,1,0.46637651324272156
6155,1,DME,1,1,0.5731300115585327
6156,1,DME,1,1,0.6541908979415894
6157,1,DME,1,1,0.602688193321228
6158,1,DME,1,1,0.5567994117736816
6159,1,DME,1,1,0.6734353303909302
6160,1,DME,1,1,0.6806593537330627
6161,1,DME,1,1,0.635197639465332
6162,1,DME,1,1,0.6300358772277832
6163,1,DME,1,1,0.5451371073722839
6164,1,DME,1,1,0.6006890535354614
6165,1,DME,1,1,0.6252346634864807
6166,1,DME,1,1,0.7104264497756958
6167,1,DME,1,1,0.6571762561798096
6168,1,DME,1,1,0.7944194078445435
6169,1,DME,1,1,0.6969035863876343
6170,1,DME,1,1,0.3714342713356018
6171,1,DME,1,1,0.4023400545120239
6172,1,DME,1,1,0.5719862580299377
6173,1,DME,1,1,0.5174996256828308
6174,1,DME,1,1,0.4171750247478485
6175,1,DME,1,1,0.7201017141342163
6176,1,DME,1,1,0.6602261662483215
6177,1,DME,1,1,0.38666456937789917
6178,1,DME,1,1,0.5005459189414978
6179,1,DME,1,1,0.6530714631080627
6180,1,DME,1,1,0.5703195333480835
6181,1,DME,1,1,0.4970190227031708
6182,1,DME,1,1,0.5561099648475647
6183,1,DME,1,1,0.6194115877151489
6184,1,DME,1,1,0.5913051962852478
6185,1,DME,1,1,0.6223441362380981
6186,1,DME,1,1,0.6131311655044556
6187,1,DME,1,1,0.2549501359462738
6188,1,DME,1,1,0.6335496306419373
6189,1,DME,1,1,0.6170605421066284
6190,1,DME,1,1,0.47787076234817505
6191,1,DME,1,1,0.44681239128112793
6192,1,DME,1,1,0.3282780349254608
6193,1,DME,1,1,0.45413529872894287
6194,1,DME,1,1,0.573401927947998
6195,1,DME,1,1,0.6539296507835388
6196,1,DME,1,1,0.5332127809524536
6197,1,DME,1,1,0.7120718359947205
6198,1,DME,1,1,0.5976595282554626
6199,1,DME,1,1,0.5512288212776184
6200,1,DME,1,1,0.7180160880088806
6201,1,DME,1,1,0.7606317400932312
6202,1,DME,1,1,0.6445791125297546
6203,1,DME,1,1,0.7610748410224915
6204,1,DME,1,1,0.52315354347229
6205,1,DME,1,1,0.5475208759307861
6206,1,DME,1,1,0.7379733920097351
6207,1,DME,1,1,0.6315866708755493
6208,1,DME,1,1,0.6721338033676147
6209,1,DME,1,1,0.6968506574630737
6210,1,DME,1,1,0.406846284866333
6211,1,DME,1,1,0.5267570614814758
6212,1,DME,1,1,0.5577517151832581
6213,1,DME,1,1,0.787962794303894
6214,1,DME,1,1,0.7115845680236816
6215,1,DME,1,1,0.7068219780921936
6216,1,DME,1,1,0.4622012674808502
6217,1,DME,1,1,0.4548899233341217
6218,1,DME,1,1,0.7042924165725708
6219,1,DME,1,1,0.3314386010169983
6220,1,DME,1,1,0.6676243543624878
6221,1,DME,1,1,0.36737769842147827
6222,1,DME,1,1,0.6082257628440857
6223,1,DME,1,1,0.6292464733123779
6224,1,DME,1,1,0.42578572034835815
6225,1,DME,1,1,0.5494219660758972
6226,1,DME,1,1,0.581963300704956
6227,1,DME,1,1,0.6702935695648193
6228,1,DME,1,1,0.7087060213088989
6229,1,DME,1,1,0.6617584228515625
6230,1,DME,1,1,0.4456212520599365
6231,1,DME,1,1,0.4500029683113098
6232,1,DME,1,1,0.49015891551971436
6233,1,DME,1,1,0.555579423904419
6234,1,DME,1,1,0.5776854157447815
6235,1,DME,1,1,0.5129567980766296
6236,1,DME,1,1,0.6136097311973572
6237,1,DME,1,1,0.5180403590202332
6238,1,DME,1,1,0.5540957450866699
6239,1,DME,1,1,0.6251846551895142
6240,1,DME,1,1,0.42171159386634827
6241,1,DME,1,1,0.5918217301368713
6242,1,DME,1,1,0.3878677487373352
6243,1,DME,1,1,0.45056653022766113
6244,1,DME,1,1,0.43046849966049194
6245,1,DME,1,1,0.6108542680740356
6246,1,DME,1,1,0.7545037865638733
6247,1,DME,1,1,0.7020329236984253
6248,1,DME,1,1,0.7603289484977722
6249,1,DME,1,1,0.5597904920578003
6250,1,DME,1,1,0.7056499719619751
6251,1,DME,1,1,0.2926669716835022
6252,1,DME,1,1,0.6618471145629883
6253,1,DME,1,1,0.6318508386611938
6254,1,DME,1,1,0.7073608636856079
6255,1,DME,1,1,0.6265515685081482
6256,1,DME,1,1,0.6407981514930725
6257,1,DME,1,1,0.5712030529975891
6258,1,DME,1,1,0.6621587872505188
6259,1,DME,1,1,0.5627543926239014
6260,1,DME,1,1,0.5635074377059937
6261,1,DME,1,1,0.6533205509185791
6262,1,DME,1,1,0.5846483111381531
6263,1,DME,1,1,0.5088823437690735
6264,1,DME,1,1,0.7473570108413696
6265,1,DME,1,1,0.5119556188583374
6266,1,DME,1,1,0.5599660873413086
6267,1,DME,1,1,0.6462063193321228
6268,1,DME,1,1,0.7242357730865479
6269,1,DME,1,1,0.5412160158157349
6270,1,DME,1,1,0.6416563987731934
6271,1,DME,1,1,0.5940437912940979
6272,1,DME,1,1,0.6099646687507629
6273,1,DME,1,1,0.5943663716316223
6274,1,DME,1,1,0.623824954032898
6275,1,DME,1,1,0.7895142436027527
6276,1,DME,1,1,0.5653620958328247
6277,1,DME,1,1,0.5079286694526672
6278,1,DME,1,1,0.5722074508666992
6279,1,DME,1,1,0.3491176664829254
6280,1,DME,1,1,0.4896146059036255
6281,1,DME,1,1,0.651904284954071
6282,1,DME,1,1,0.5216295719146729
6283,1,DME,1,1,0.5783727169036865
6284,1,DME,1,1,0.5996297597885132
6285,1,DME,1,1,0.692034125328064
6286,1,DME,1,1,0.5467394590377808
6287,1,DME,1,1,0.4606006443500519
6288,1,DME,1,1,0.5691487193107605
6289,1,DME,1,1,0.6578284502029419
6290,1,DME,1,1,0.3880445957183838
6291,1,DME,1,1,0.5175588130950928
6292,1,DME,1,1,0.5862452387809753
6293,1,DME,1,1,0.7251773476600647
6294,1,DME,1,1,0.6309049129486084
6295,1,DME,1,1,0.4497426450252533
6296,1,DME,1,1,0.536249041557312
6297,1,DME,3,0,0.5281158685684204
6298,1,DME,1,1,0.4811146855354309
6299,1,DME,1,1,0.6247670650482178
6300,1,DME,1,1,0.6015319228172302
6301,1,DME,1,1,0.6779967546463013
6302,1,DME,1,1,0.6660811305046082
6303,1,DME,1,1,0.7420542240142822
6304,1,DME,1,1,0.5948618054389954
6305,1,DME,1,1,0.630363404750824
6306,1,DME,1,1,0.6816847324371338
6307,1,DME,1,1,0.4823095202445984
6308,1,DME,1,1,0.5206668376922607
6309,1,DME,1,1,0.6412913203239441
6310,1,DME,1,1,0.8165350556373596
6311,1,DME,1,1,0.6454915404319763
6312,1,DME,1,1,0.5032795667648315
6313,1,DME,1,1,0.6394742131233215
6314,1,DME,1,1,0.5375247597694397
6315,1,DME,1,1,0.6486231088638306
6316,1,DME,1,1,0.26370975375175476
6317,1,DME,1,1,0.5460713505744934
6318,1,DME,1,1,0.36749929189682007
6319,1,DME,1,1,0.7849100232124329
6320,1,DME,1,1,0.6732302308082581
6321,1,DME,1,1,0.6592477560043335
6322,1,DME,1,1,0.6862524747848511
6323,1,DME,1,1,0.5201547741889954
6324,1,DME,1,1,0.5137750506401062
6325,1,DME,1,1,0.6810562014579773
6326,1,DME,1,1,0.6074409484863281
6327,1,DME,1,1,0.5591297149658203
6328,1,DME,1,1,0.6520670056343079
6329,1,DME,1,1,0.4292037785053253
6330,1,DME,1,1,0.4451148211956024
6331,1,DME,1,1,0.536529004573822
6332,1,DME,1,1,0.3364955186843872
6333,1,DME,1,1,0.5303612947463989
6334,1,DME,0,0,0.3467365801334381
6335,1,DME,0,0,0.7246599793434143
6336,1,DME,1,1,0.5989850759506226
6337,1,DME,1,1,0.7953645586967468
6338,1,DME,1,1,0.7042821049690247
6339,1,DME,1,1,0.5934867858886719
6340,1,DME,1,1,0.6118320226669312
6341,1,DME,1,1,0.5638538002967834
6342,1,DME,1,1,0.46578648686408997
6343,1,DME,1,1,0.5181049704551697
6344,1,DME,1,1,0.5847339034080505
6345,1,DME,1,1,0.5330857634544373
6346,1,DME,1,1,0.6476338505744934
6347,1,DME,1,1,0.784313976764679
6348,1,DME,1,1,0.6803865432739258
6349,1,DME,1,1,0.7302152514457703
6350,1,DME,1,1,0.642204761505127
6351,1,DME,1,1,0.5602383017539978
6352,1,DME,1,1,0.5685716271400452
6353,1,DME,1,1,0.44050273299217224
6354,1,DME,1,1,0.6777187585830688
6355,1,DME,1,1,0.43240854144096375
6356,1,DME,1,1,0.5837246179580688
6357,1,DME,1,1,0.6194077730178833
6358,1,DME,1,1,0.5055806040763855
6359,1,DME,1,1,0.6191458702087402
6360,1,DME,1,1,0.48644062876701355
6361,1,DME,1,1,0.5765414237976074
6362,1,DME,1,1,0.6126341819763184
6363,1,DME,1,1,0.635359525680542
6364,1,DME,1,1,0.5540406703948975
6365,1,DME,1,1,0.558645486831665
6366,1,DME,1,1,0.5921646952629089
6367,1,DME,1,1,0.46800222992897034
6368,1,DME,1,1,0.5042635798454285
6369,1,DME,1,1,0.6964588165283203
6370,1,DME,1,1,0.6073532104492188
6371,1,DME,1,1,0.7840092778205872
6372,1,DME,1,1,0.5449759364128113
6373,1,DME,1,1,0.6802465319633484
6374,1,DME,1,1,0.6004800200462341
6375,1,DME,1,1,0.6908224821090698
6376,1,DME,1,1,0.49186283349990845
6377,1,DME,1,1,0.4437845051288605
6378,1,DME,1,1,0.5962687730789185
6379,1,DME,1,1,0.5012063384056091
6380,1,DME,1,1,0.5363032221794128
6381,1,DME,1,1,0.6715447306632996
6382,1,DME,1,1,0.508954644203186
6383,1,DME,1,1,0.7245419025421143
6384,1,DME,1,1,0.47134360671043396
6385,1,DME,1,1,0.6987224817276001
6386,1,DME,1,1,0.5375471115112305
6387,1,DME,1,1,0.7159600853919983
6388,1,DME,1,1,0.6989116072654724
6389,1,DME,1,1,0.687110960483551
6390,1,DME,1,1,0.5185389518737793
6391,1,DME,1,1,0.5225110650062561
6392,1,DME,1,1,0.760482668876648
6393,1,DME,1,1,0.7011620998382568
6394,1,DME,1,1,0.5815113186836243
6395,1,DME,1,1,0.4736470878124237
6396,1,DME,1,1,0.4068245589733124
6397,1,DME,1,1,0.5631279349327087
6398,1,DME,1,1,0.6682170629501343
6399,1,DME,1,1,0.36540350317955017
6400,1,DME,1,1,0.6161872744560242
6401,1,DME,1,1,0.7327781915664673
6402,1,DME,1,1,0.588828444480896
6403,1,DME,0,0,0.04776724427938461
6404,1,DME,1,1,0.6913684606552124
6405,1,DME,1,1,0.6593617796897888
6406,1,DME,1,1,0.5500025153160095
6407,1,DME,1,1,0.7216930985450745
6408,1,DME,1,1,0.6267314553260803
6409,1,DME,1,1,0.37267565727233887
6410,1,DME,1,1,0.7896550297737122
6411,1,DME,1,1,0.7222511172294617
6412,1,DME,1,1,0.6477263569831848
6413,1,DME,1,1,0.6160507798194885
6414,1,DME,1,1,0.5497390031814575
6415,1,DME,1,1,0.5385836362838745
6416,1,DME,1,1,0.635801374912262
6417,1,DME,1,1,0.5326858758926392
6418,1,DME,1,1,0.4838313162326813
6419,1,DME,1,1,0.799724817276001
6420,1,DME,1,1,0.6652608513832092
6421,1,DME,1,1,0.6091328859329224
6422,1,DME,1,1,0.5018201470375061
6423,1,DME,1,1,0.6434780955314636
6424,1,DME,1,1,0.623254656791687
6425,1,DME,1,1,0.7258233428001404
6426,1,DME,1,1,0.6798986196517944
6427,1,DME,1,1,0.705042839050293
6428,1,DME,1,1,0.699114203453064
6429,1,DME,1,1,0.6407671570777893
6430,1,DME,1,1,0.640860915184021
6431,1,DME,1,1,0.5467554926872253
6432,1,DME,1,1,0.38805776834487915
6433,1,DME,1,1,0.6086705327033997
6434,1,DME,1,1,0.5390182733535767
6435,1,DME,1,1,0.6145750880241394
6436,1,DME,1,1,0.5946740508079529
6437,1,DME,1,1,0.7032097578048706
6438,1,DME,1,1,0.6286277174949646
6439,1,DME,1,1,0.5191993713378906
6440,1,DME,1,1,0.6532304286956787
6441,1,DME,1,1,0.5579697489738464
6442,1,DME,1,1,0.46726372838020325
6443,1,DME,1,1,0.4677010774612427
6444,1,DME,1,1,0.47400549054145813
6445,1,DME,1,1,0.6066653728485107
6446,1,DME,3,0,0.09793661534786224
6447,1,DME,1,1,0.6796640753746033
6448,1,DME,1,1,0.6300897598266602
6449,1,DME,1,1,0.6542994976043701
6450,1,DME,1,1,0.5321223139762878
6451,1,DME,1,1,0.42848697304725647
6452,1,DME,1,1,0.744690477848053
6453,1,DME,1,1,0.5739583969116211
6454,1,DME,1,1,0.7594220638275146
6455,1,DME,1,1,0.6199377775192261
6456,1,DME,1,1,0.5915071368217468
6457,1,DME,1,1,0.6466264128684998
6458,1,DME,1,1,0.7193453311920166
6459,1,DME,1,1,0.5982999205589294
6460,1,DME,1,1,0.6755276918411255
6461,1,DME,1,1,0.6448100805282593
6462,1,DME,1,1,0.7395006418228149
6463,1,DME,1,1,0.4047064483165741
6464,1,DME,1,1,0.5177953839302063
6465,1,DME,1,1,0.5792742371559143
6466,1,DME,1,1,0.5553761124610901
6467,1,DME,1,1,0.7239620685577393
6468,1,DME,1,1,0.20458367466926575
6469,1,DME,1,1,0.4515697658061981
6470,1,DME,1,1,0.5187376737594604
6471,1,DME,1,1,0.4801308512687683
6472,1,DME,1,1,0.7768830060958862
6473,1,DME,1,1,0.36418163776397705
6474,1,DME,1,1,0.5844274163246155
6475,1,DME,1,1,0.5709927678108215
6476,1,DME,1,1,0.7092221975326538
6477,1,DME,1,1,0.5736788511276245
6478,1,DME,1,1,0.5603000521659851
6479,1,DME,1,1,0.5218555331230164
6480,1,DME,1,1,0.6537971496582031
6481,1,DME,1,1,0.7684633731842041
6482,1,DME,1,1,0.531674325466156
6483,1,DME,1,1,0.7783863544464111
6484,1,DME,1,1,0.6801248788833618
6485,1,DME,1,1,0.3665551245212555
6486,1,DME,1,1,0.6573208570480347
6487,1,DME,1,1,0.6505483388900757
6488,1,DME,1,1,0.42452260851860046
6489,1,DME,1,1,0.4732440114021301
6490,1,DME,1,1,0.5335366725921631
6491,1,DME,1,1,0.5607158541679382
6492,1,DME,1,1,0.4566454589366913
6493,1,DME,1,1,0.6936467289924622
6494,1,DME,1,1,0.4970008134841919
6495,1,DME,1,1,0.6291978359222412
6496,1,DME,1,1,0.6294167041778564
6497,1,DME,1,1,0.7454085350036621
6498,1,DME,1,1,0.7231923341751099
6499,1,DME,1,1,0.6211395859718323
6500,1,DME,1,1,0.615466833114624
6501,1,DME,1,1,0.7212835550308228
6502,1,DME,1,1,0.7012552618980408
6503,1,DME,1,1,0.5508856773376465
6504,1,DME,1,1,0.6516618728637695
6505,1,DME,1,1,0.5852940082550049
6506,1,DME,1,1,0.12082264572381973
6507,1,DME,1,1,0.6168601512908936
6508,1,DME,1,1,0.6210023760795593
6509,1,DME,1,1,0.5204344391822815
6510,1,DME,1,1,0.5961447954177856
6511,1,DME,1,1,0.4818964898586273
6512,1,DME,1,1,0.6592243313789368
6513,1,DME,1,1,0.6463248133659363
6514,1,DME,1,1,0.703434944152832
6515,1,DME,1,1,0.5701776742935181
6516,1,DME,1,1,0.5506435036659241
6517,1,DME,1,1,0.5164339542388916
6518,1,DME,1,1,0.5684200525283813
6519,1,DME,1,1,0.6345969438552856
6520,1,DME,1,1,0.6570237278938293
6521,1,DME,1,1,0.5981084704399109
6522,1,DME,1,1,0.6767319440841675
6523,1,DME,1,1,0.619905412197113
6524,1,DME,1,1,0.46006539463996887
6525,1,DME,1,1,0.7131697535514832
6526,1,DME,1,1,0.5340964794158936
6527,1,DME,1,1,0.5272065997123718
6528,1,DME,1,1,0.6299323439598083
6529,1,DME,1,1,0.5266416668891907
6530,1,DME,1,1,0.44634702801704407
6531,1,DME,1,1,0.5908334851264954
6532,1,DME,1,1,0.3179621398448944
6533,1,DME,1,1,0.6598260998725891
6534,1,DME,1,1,0.5810484290122986
6535,1,DME,0,0,0.959999144077301
6536,1,DME,1,1,0.44479602575302124
6537,1,DME,1,1,0.5664342045783997
6538,1,DME,1,1,0.41639599204063416
6539,1,DME,1,1,0.4882175922393799
6540,1,DME,1,1,0.6877806186676025
6541,1,DME,1,1,0.4204011559486389
6542,1,DME,1,1,0.71047043800354
6543,1,DME,3,0,0.19513599574565887
6544,1,DME,1,1,0.6716250777244568
6545,1,DME,1,1,0.5471080541610718
6546,1,DME,1,1,0.6297857165336609
6547,1,DME,1,1,0.6456350684165955
6548,1,DME,1,1,0.34623658657073975
6549,1,DME,1,1,0.6872174143791199
6550,1,DME,1,1,0.566526472568512
6551,1,DME,1,1,0.7442803382873535
6552,1,DME,1,1,0.6189456582069397
6553,1,DME,1,1,0.5346899628639221
6554,1,DME,0,0,0.4852513372898102
6555,1,DME,1,1,0.7119236588478088
6556,1,DME,1,1,0.44862744212150574
6557,1,DME,3,0,0.5028393268585205
6558,1,DME,1,1,0.7083709239959717
6559,1,DME,1,1,0.7964931726455688
6560,1,DME,1,1,0.42514705657958984
6561,1,DME,1,1,0.4236034154891968
6562,1,DME,1,1,0.3840857446193695
6563,1,DME,1,1,0.35213518142700195
6564,1,DME,1,1,0.5092607736587524
6565,1,DME,1,1,0.5067726373672485
6566,1,DME,1,1,0.4491027593612671
6567,1,DME,1,1,0.6452550888061523
6568,1,DME,1,1,0.5770318508148193
6569,1,DME,1,1,0.5090197920799255
6570,1,DME,1,1,0.5295777320861816
6571,1,DME,1,1,0.6172865629196167
6572,1,DME,1,1,0.5493220686912537
6573,1,DME,1,1,0.5958292484283447
6574,1,DME,1,1,0.761793315410614
6575,1,DME,1,1,0.556983232498169
6576,1,DME,3,0,0.4419960677623749
6577,1,DME,1,1,0.6048659682273865
6578,1,DME,1,1,0.6022462844848633
6579,1,DME,1,1,0.6891036629676819
6580,1,DME,1,1,0.5834437608718872
6581,1,DME,1,1,0.6407033205032349
6582,1,DME,1,1,0.5082021355628967
6583,1,DME,1,1,0.5571251511573792
6584,1,DME,1,1,0.571344792842865
6585,1,DME,1,1,0.6777234077453613
6586,1,DME,1,1,0.6851564049720764
6587,1,DME,1,1,0.5218614339828491
6588,1,DME,1,1,0.5872873663902283
6589,1,DME,1,1,0.439389169216156
6590,1,DME,1,1,0.5970914363861084
6591,1,DME,1,1,0.7061641812324524
6592,1,DME,1,1,0.5203058123588562
6593,1,DME,1,1,0.5815551280975342
6594,1,DME,1,1,0.5336702466011047
6595,1,DME,1,1,0.661561906337738
6596,1,DME,1,1,0.6676607728004456
6597,1,DME,1,1,0.5870307683944702
6598,1,DME,1,1,0.6037002801895142
6599,1,DME,1,1,0.7027162909507751
6600,1,DME,1,1,0.30031639337539673
6601,1,DME,1,1,0.7319246530532837
6602,1,DME,1,1,0.3014601171016693
6603,1,DME,1,1,0.6915860772132874
6604,1,DME,1,1,0.5758364796638489
6605,1,DME,1,1,0.6599143743515015
6606,1,DME,1,1,0.45111924409866333
6607,1,DME,1,1,0.5541068315505981
6608,1,DME,1,1,0.5974777936935425
6609,1,DME,1,1,0.44094401597976685
6610,1,DME,1,1,0.5387791395187378
6611,1,DME,1,1,0.6580933332443237
6612,1,DME,1,1,0.6470158100128174
6613,1,DME,1,1,0.537855863571167
6614,1,DME,1,1,0.4579871594905853
6615,1,DME,1,1,0.662250816822052
6616,1,DME,1,1,0.6693281531333923
6617,1,DME,1,1,0.5418466329574585
6618,1,DME,1,1,0.3852875232696533
6619,1,DME,1,1,0.4902043044567108
6620,1,DME,1,1,0.3227725923061371
6621,1,DME,1,1,0.609300971031189
6622,1,DME,1,1,0.6004245281219482
6623,1,DME,1,1,0.5162308812141418
6624,1,DME,1,1,0.6475217342376709
6625,1,DME,1,1,0.6856887340545654
6626,1,DME,0,0,0.8847225904464722
6627,1,DME,1,1,0.5089670419692993
6628,1,DME,1,1,0.737709641456604
6629,1,DME,1,1,0.5779759883880615
6630,1,DME,1,1,0.563499391078949
6631,1,DME,1,1,0.5934129953384399
6632,1,DME,1,1,0.6029102802276611
6633,1,DME,1,1,0.5846343040466309
6634,1,DME,1,1,0.7052000761032104
6635,1,DME,1,1,0.16562962532043457
6636,1,DME,1,1,0.7064120173454285
6637,1,DME,1,1,0.5829491019248962
6638,1,DME,3,0,0.37556207180023193
6639,1,DME,1,1,0.6119782328605652
6640,1,DME,1,1,0.49945661425590515
6641,1,DME,1,1,0.49222758412361145
6642,1,DME,1,1,0.36977076530456543
6643,1,DME,1,1,0.5220291018486023
6644,1,DME,1,1,0.6190457344055176
6645,1,DME,1,1,0.5897504091262817
6646,1,DME,1,1,0.5294306874275208
6647,1,DME,1,1,0.6563882231712341
6648,1,DME,1,1,0.5462846159934998
6649,1,DME,1,1,0.6753942966461182
6650,1,DME,1,1,0.6810247302055359
6651,1,DME,1,1,0.5457754731178284
6652,1,DME,1,1,0.6896916627883911
6653,1,DME,1,1,0.7244415283203125
6654,1,DME,1,1,0.7590613961219788
6655,1,DME,1,1,0.5940090417861938
6656,1,DME,1,1,0.5212373733520508
6657,1,DME,1,1,0.4055536985397339
6658,1,DME,1,1,0.6646714210510254
6659,1,DME,1,1,0.4987402558326721
6660,1,DME,1,1,0.5881281495094299
6661,1,DME,1,1,0.5539403557777405
6662,1,DME,1,1,0.493047833442688
6663,1,DME,1,1,0.6334604620933533
6664,1,DME,1,1,0.5737618207931519
6665,1,DME,1,1,0.4755914509296417
6666,1,DME,1,1,0.3862420618534088
6667,1,DME,1,1,0.6579172015190125
6668,1,DME,1,1,0.4419766664505005
6669,1,DME,1,1,0.5723937749862671
6670,1,DME,1,1,0.4084274470806122
6671,1,DME,1,1,0.5140830874443054
6672,1,DME,1,1,0.660419225692749
6673,1,DME,1,1,0.5004396438598633
6674,1,DME,1,1,0.5998634099960327
6675,1,DME,1,1,0.48400524258613586
6676,1,DME,1,1,0.5902901291847229
6677,1,DME,1,1,0.415115088224411
6678,1,DME,1,1,0.41116923093795776
6679,1,DME,1,1,0.6223751306533813
6680,1,DME,1,1,0.7325205206871033
6681,1,DME,1,1,0.5601473450660706
6682,1,DME,1,1,0.6096853017807007
6683,1,DME,1,1,0.696596622467041
6684,1,DME,1,1,0.5786794424057007
6685,1,DME,1,1,0.771504282951355
6686,1,DME,1,1,0.4373953938484192
6687,1,DME,1,1,0.5386930704116821
6688,1,DME,1,1,0.6410731673240662
6689,1,DME,1,1,0.7007076144218445
6690,1,DME,1,1,0.6124651432037354
6691,1,DME,1,1,0.6192983984947205
6692,1,DME,1,1,0.4579404890537262
6693,1,DME,1,1,0.6506342887878418
6694,1,DME,1,1,0.7098942399024963
6695,1,DME,1,1,0.5720626711845398
6696,1,DME,1,1,0.5266669988632202
6697,1,DME,1,1,0.4932083189487457
6698,1,DME,1,1,0.2943158745765686
6699,1,DME,1,1,0.726733386516571
6700,1,DME,1,1,0.45119065046310425
6701,1,DME,1,1,0.7868595719337463
6702,1,DME,1,1,0.6341742277145386
6703,1,DME,1,1,0.7494595050811768
6704,1,DME,1,1,0.42238008975982666
6705,1,DME,1,1,0.5178418159484863
6706,1,DME,1,1,0.736914873123169
6707,1,DME,1,1,0.53843092918396
6708,1,DME,1,1,0.48471248149871826
6709,1,DME,1,1,0.6437138915061951
6710,1,DME,1,1,0.5337113738059998
6711,1,DME,3,0,0.6683803796768188
6712,1,DME,1,1,0.4593590199947357
6713,1,DME,1,1,0.4140103757381439
6714,1,DME,1,1,0.6179373264312744
6715,1,DME,1,1,0.6196712851524353
6716,1,DME,1,1,0.48385047912597656
6717,1,DME,1,1,0.5351054072380066
6718,1,DME,1,1,0.5516495108604431
6719,1,DME,1,1,0.5421382784843445
6720,1,DME,1,1,0.5449187159538269
6721,1,DME,1,1,0.5172487497329712
6722,1,DME,1,1,0.14818280935287476
6723,1,DME,1,1,0.5640237927436829
6724,1,DME,1,1,0.7267755270004272
6725,1,DME,1,1,0.787327229976654
6726,1,DME,1,1,0.4113181531429291
6727,1,DME,1,1,0.5610703825950623
6728,1,DME,1,1,0.7912535071372986
6729,1,DME,1,1,0.7012765407562256
6730,1,DME,1,1,0.5618059635162354
6731,1,DME,1,1,0.5317463278770447
6732,1,DME,1,1,0.6788105368614197
6733,1,DME,1,1,0.6724149584770203
6734,1,DME,1,1,0.5518477559089661
6735,1,DME,1,1,0.5759037733078003
6736,1,DME,1,1,0.39350542426109314
6737,1,DME,1,1,0.6541923880577087
6738,1,DME,1,1,0.5409378409385681
6739,1,DME,1,1,0.5586910247802734
6740,1,DME,1,1,0.4758395254611969
6741,1,DME,1,1,0.5489126443862915
6742,1,DME,1,1,0.7761356234550476
6743,1,DME,1,1,0.6003710627555847
6744,1,DME,1,1,0.6435733437538147
6745,1,DME,1,1,0.3635503947734833
6746,1,DME,1,1,0.5080522298812866
6747,1,DME,1,1,0.7157287001609802
6748,1,DME,1,1,0.6471086144447327
6749,1,DME,1,1,0.5376104116439819
6750,1,DME,1,1,0.4564400613307953
6751,1,DME,1,1,0.7048164010047913
6752,1,DME,1,1,0.6028491854667664
6753,1,DME,1,1,0.6332057118415833
6754,1,DME,1,1,0.540529727935791
6755,1,DME,1,1,0.4102556109428406
6756,1,DME,1,1,0.5161756277084351
6757,1,DME,1,1,0.6024799942970276
6758,1,DME,1,1,0.6141499876976013
6759,1,DME,1,1,0.649931788444519
6760,1,DME,1,1,0.6105205416679382
6761,1,DME,1,1,0.5951839685440063
6762,1,DME,1,1,0.5620312094688416
6763,1,DME,1,1,0.6449378728866577
6764,1,DME,1,1,0.6197558641433716
6765,1,DME,1,1,0.45683982968330383
6766,1,DME,1,1,0.7255074977874756
6767,1,DME,1,1,0.7031000256538391
6768,1,DME,1,1,0.4137306809425354
6769,1,DME,1,1,0.5025051236152649
6770,1,DME,1,1,0.5761944055557251
6771,1,DME,1,1,0.6289864182472229
6772,1,DME,1,1,0.6950255632400513
6773,1,DME,1,1,0.5634598731994629
6774,1,DME,1,1,0.385432630777359
6775,1,DME,1,1,0.47906526923179626
6776,1,DME,1,1,0.45852866768836975
6777,1,DME,1,1,0.7198570966720581
6778,1,DME,1,1,0.6678901314735413
6779,1,DME,1,1,0.67105633020401
6780,1,DME,1,1,0.6162814497947693
6781,1,DME,1,1,0.4979630410671234
6782,1,DME,1,1,0.49232417345046997
6783,1,DME,1,1,0.7878926992416382
6784,1,DME,1,1,0.7105658650398254
6785,1,DME,1,1,0.6808276772499084
6786,1,DME,1,1,0.21100358664989471
6787,1,DME,1,1,0.5562430620193481
6788,1,DME,1,1,0.6414544582366943
6789,1,DME,1,1,0.48287826776504517
6790,1,DME,1,1,0.427755743265152
6791,1,DME,1,1,0.6187189221382141
6792,1,DME,1,1,0.5222963094711304
6793,1,DME,1,1,0.5588144063949585
6794,1,DME,1,1,0.5865492224693298
6795,1,DME,1,1,0.5290332436561584
6796,1,DME,1,1,0.34113794565200806
6797,1,DME,1,1,0.6119841933250427
6798,1,DME,1,1,0.7818476557731628
6799,1,DME,1,1,0.7158897519111633
6800,1,DME,1,1,0.4815976917743683
6801,1,DME,1,1,0.7255682349205017
6802,1,DME,1,1,0.5129269957542419
6803,1,DME,1,1,0.590523898601532
6804,1,DME,1,1,0.280338317155838
6805,1,DME,1,1,0.5558067560195923
6806,1,DME,1,1,0.5786094069480896
6807,1,DME,1,1,0.42268335819244385
6808,1,DME,1,1,0.5177790522575378
6809,1,DME,1,1,0.5575945377349854
6810,1,DME,1,1,0.5682991147041321
6811,1,DME,1,1,0.5501077175140381
6812,1,DME,1,1,0.7203715443611145
6813,1,DME,1,1,0.4847811162471771
6814,1,DME,1,1,0.6411713361740112
6815,1,DME,1,1,0.4626394808292389
6816,1,DME,1,1,0.5235496163368225
6817,1,DME,1,1,0.5043111443519592
6818,1,DME,1,1,0.5599541068077087
6819,1,DME,1,1,0.6965329051017761
6820,1,DME,1,1,0.49791091680526733
6821,1,DME,1,1,0.5842621326446533
6822,1,DME,1,1,0.6743102073669434
6823,1,DME,0,0,0.7190902233123779
6824,1,DME,1,1,0.7715170383453369
6825,1,DME,1,1,0.7092797756195068
6826,1,DME,1,1,0.6412574648857117
6827,1,DME,1,1,0.6631304621696472
6828,1,DME,1,1,0.682712197303772
6829,1,DME,1,1,0.3764450252056122
6830,1,DME,1,1,0.6202262043952942
6831,1,DME,1,1,0.5291305184364319
6832,1,DME,1,1,0.776745080947876
6833,1,DME,1,1,0.5656776428222656
6834,1,DME,1,1,0.465172678232193
6835,1,DME,1,1,0.5436068773269653
6836,1,DME,1,1,0.5435197353363037
6837,1,DME,1,1,0.7323621511459351
6838,1,DME,1,1,0.6968444585800171
6839,1,DME,1,1,0.5689859986305237
6840,1,DME,1,1,0.44904595613479614
6841,1,DME,1,1,0.6408596634864807
6842,1,DME,1,1,0.6540408134460449
6843,1,DME,1,1,0.6666456460952759
6844,1,DME,1,1,0.5464076995849609
6845,1,DME,1,1,0.5264469981193542
6846,1,DME,1,1,0.5786652565002441
6847,1,DME,1,1,0.736940324306488
6848,1,DME,1,1,0.5800790190696716
6849,1,DME,1,1,0.7173699140548706
6850,1,DME,1,1,0.5690617561340332
6851,1,DME,1,1,0.7411859035491943
6852,1,DME,1,1,0.45705750584602356
6853,1,DME,1,1,0.5613868832588196
6854,1,DME,1,1,0.6209042072296143
6855,1,DME,1,1,0.7028541564941406
6856,1,DME,1,1,0.5500864386558533
6857,1,DME,1,1,0.7249740362167358
6858,1,DME,1,1,0.5878874659538269
6859,1,DME,1,1,0.6093716025352478
6860,1,DME,1,1,0.644221842288971
6861,1,DME,3,0,0.403533935546875
6862,1,DME,1,1,0.6119282841682434
6863,1,DME,1,1,0.5446557402610779
6864,1,DME,1,1,0.6753806471824646
6865,1,DME,1,1,0.7446663975715637
6866,1,DME,1,1,0.42002055048942566
6867,1,DME,1,1,0.559194803237915
6868,1,DME,1,1,0.6405666470527649
6869,1,DME,1,1,0.294430136680603
6870,1,DME,1,1,0.7210625410079956
6871,1,DME,1,1,0.655534029006958
6872,1,DME,1,1,0.7003779411315918
6873,1,DME,1,1,0.35492879152297974
6874,1,DME,1,1,0.7110918760299683
6875,1,DME,1,1,0.8133095502853394
6876,1,DME,1,1,0.704937756061554
6877,1,DME,1,1,0.5786591172218323
6878,1,DME,1,1,0.527622640132904
6879,1,DME,1,1,0.6837853789329529
6880,1,DME,1,1,0.6580460071563721
6881,1,DME,1,1,0.6529765129089355
6882,1,DME,1,1,0.47192618250846863
6883,1,DME,1,1,0.43981823325157166
6884,1,DME,1,1,0.5191824436187744
6885,1,DME,1,1,0.6080607771873474
6886,1,DME,1,1,0.6111829280853271
6887,1,DME,1,1,0.6914941668510437
6888,1,DME,1,1,0.6320071816444397
6889,1,DME,1,1,0.6282486915588379
6890,1,DME,1,1,0.6560897827148438
6891,1,DME,1,1,0.6598294377326965
6892,1,DME,1,1,0.6934700608253479
6893,1,DME,1,1,0.7578768134117126
6894,1,DME,1,1,0.5167719125747681
6895,1,DME,1,1,0.7005941271781921
6896,1,DME,1,1,0.5339430570602417
6897,1,DME,1,1,0.49812114238739014
6898,1,DME,1,1,0.632351279258728
6899,1,DME,1,1,0.4477427005767822
6900,1,DME,1,1,0.7677825689315796
6901,1,DME,1,1,0.5812326073646545
6902,1,DME,1,1,0.596960186958313
6903,1,DME,1,1,0.6376322507858276
6904,1,DME,1,1,0.6203612089157104
6905,1,DME,1,1,0.7309741377830505
6906,1,DME,1,1,0.530973494052887
6907,1,DME,1,1,0.6734567284584045
6908,1,DME,1,1,0.5352951288223267
6909,1,DME,1,1,0.60660719871521
6910,1,DME,1,1,0.7912110090255737
6911,1,DME,1,1,0.6959992051124573
6912,1,DME,1,1,0.613268256187439
6913,1,DME,1,1,0.666508674621582
6914,1,DME,1,1,0.3999045789241791
6915,1,DME,1,1,0.5876943469047546
6916,1,DME,1,1,0.6357975006103516
6917,1,DME,1,1,0.5761879086494446
6918,1,DME,1,1,0.5128719210624695
6919,1,DME,1,1,0.5951839685440063
6920,1,DME,1,1,0.6184514760971069
6921,1,DME,1,1,0.6380974054336548
6922,1,DME,1,1,0.5359787344932556
6923,1,DME,1,1,0.6472349762916565
6924,1,DME,0,0,0.7116659283638
6925,1,DME,1,1,0.5728932619094849
6926,1,DME,1,1,0.3918052613735199
6927,1,DME,1,1,0.5368919372558594
6928,1,DME,1,1,0.45828449726104736
6929,1,DME,1,1,0.6383123993873596
6930,1,DME,1,1,0.5662769079208374
6931,1,DME,1,1,0.7525833249092102
6932,1,DME,1,1,0.5953747630119324
6933,1,DME,1,1,0.5067781209945679
6934,1,DME,1,1,0.4662614166736603
6935,1,DME,1,1,0.538853645324707
6936,1,DME,1,1,0.7189855575561523
6937,1,DME,1,1,0.5521883368492126
6938,1,DME,1,1,0.4830491840839386
6939,1,DME,1,1,0.5556750893592834
6940,1,DME,1,1,0.6390355229377747
6941,1,DME,1,1,0.4959067404270172
6942,1,DME,1,1,0.6688535213470459
6943,1,DME,1,1,0.7058717012405396
6944,1,DME,1,1,0.584269106388092
6945,1,DME,1,1,0.6599671244621277
6946,1,DME,1,1,0.4602753818035126
6947,1,DME,1,1,0.5171924233436584
6948,1,DME,1,1,0.7027931809425354
6949,1,DME,1,1,0.6963230967521667
6950,1,DME,1,1,0.5460333228111267
6951,1,DME,1,1,0.5451942086219788
6952,1,DME,1,1,0.5253024101257324
6953,1,DME,1,1,0.6096757650375366
6954,1,DME,1,1,0.7371203303337097
6955,1,DME,1,1,0.6325199007987976
6956,1,DME,1,1,0.5719972252845764
6957,1,DME,1,1,0.6724600195884705
6958,1,DME,1,1,0.5142320394515991
6959,1,DME,1,1,0.5396290421485901
6960,1,DME,1,1,0.6707952618598938
6961,1,DME,1,1,0.6113459467887878
6962,1,DME,1,1,0.6540102362632751
6963,1,DME,1,1,0.2785412073135376
6964,1,DME,1,1,0.4725472331047058
6965,1,DME,1,1,0.36740759015083313
6966,1,DME,1,1,0.45749205350875854
6967,1,DME,1,1,0.6657387614250183
6968,1,DME,1,1,0.4940463602542877
6969,1,DME,1,1,0.5068192481994629
6970,1,DME,1,1,0.11870965361595154
6971,1,DME,1,1,0.17064182460308075
6972,1,DME,1,1,0.7495694160461426
6973,1,DME,1,1,0.6221818327903748
6974,1,DME,1,1,0.6676258444786072
6975,1,DME,1,1,0.4832081198692322
6976,1,DME,1,1,0.7701380252838135
6977,1,DME,1,1,0.5507351756095886
6978,1,DME,3,0,0.6021384596824646
6979,1,DME,1,1,0.6571676135063171
6980,1,DME,1,1,0.548797607421875
6981,1,DME,1,1,0.49803024530410767
6982,1,DME,1,1,0.5822994112968445
6983,1,DME,3,0,0.19567708671092987
6984,1,DME,1,1,0.7350844740867615
6985,1,DME,1,1,0.5972543358802795
6986,1,DME,1,1,0.35964956879615784
6987,1,DME,1,1,0.5872482657432556
6988,1,DME,1,1,0.5096538662910461
6989,1,DME,1,1,0.6787004470825195
6990,1,DME,1,1,0.5725054740905762
6991,1,DME,1,1,0.5937967300415039
6992,1,DME,1,1,0.5262707471847534
6993,1,DME,1,1,0.7668418884277344
6994,1,DME,1,1,0.41590407490730286
6995,1,DME,1,1,0.8524388670921326
6996,1,DME,1,1,0.5322209596633911
6997,1,DME,1,1,0.5086867213249207
6998,1,DME,3,0,0.16675421595573425
6999,1,DME,1,1,0.523540198802948
7000,1,DME,1,1,0.3085506856441498
7001,1,DME,1,1,0.58919757604599
7002,1,DME,1,1,0.6696430444717407
7003,1,DME,1,1,0.6091788411140442
7004,1,DME,1,1,0.5750134587287903
7005,1,DME,1,1,0.2396717369556427
7006,1,DME,1,1,0.5195520520210266
7007,1,DME,1,1,0.5110297203063965
7008,1,DME,1,1,0.43036001920700073
7009,1,DME,1,1,0.5225762128829956
7010,1,DME,1,1,0.632685661315918
7011,1,DME,1,1,0.736732542514801
7012,1,DME,1,1,0.5101467370986938
7013,1,DME,1,1,0.5337105393409729
7014,1,DME,1,1,0.7191396951675415
7015,1,DME,1,1,0.4657280147075653
7016,1,DME,1,1,0.445606529712677
7017,1,DME,1,1,0.5872429609298706
7018,1,DME,1,1,0.5129491686820984
7019,1,DME,1,1,0.5578322410583496
7020,1,DME,1,1,0.7115054130554199
7021,1,DME,1,1,0.6274325847625732
7022,1,DME,1,1,0.41114717721939087
7023,1,DME,1,1,0.4472106397151947
7024,1,DME,1,1,0.6494946479797363
7025,1,DME,1,1,0.5252892374992371
7026,1,DME,1,1,0.615648090839386
7027,1,DME,1,1,0.6272516846656799
7028,1,DME,1,1,0.6105654835700989
7029,1,DME,1,1,0.7030142545700073
7030,1,DME,1,1,0.48103684186935425
7031,1,DME,1,1,0.7324474453926086
7032,1,DME,1,1,0.6729333400726318
7033,1,DME,1,1,0.7414764761924744
7034,1,DME,1,1,0.5895798206329346
7035,1,DME,1,1,0.6736247539520264
7036,1,DME,1,1,0.5923632979393005
7037,1,DME,1,1,0.6226356029510498
7038,1,DME,1,1,0.6727440357208252
7039,1,DME,1,1,0.6868222951889038
7040,1,DME,1,1,0.5257552266120911
7041,1,DME,3,0,0.49670523405075073
7042,1,DME,1,1,0.5090686678886414
7043,1,DME,1,1,0.6240521669387817
7044,1,DME,1,1,0.6232909560203552
7045,1,DME,1,1,0.6044626832008362
7046,1,DME,1,1,0.5754708647727966
7047,1,DME,1,1,0.6606004238128662
7048,1,DME,1,1,0.6715404987335205
7049,1,DME,1,1,0.6803865432739258
7050,1,DME,1,1,0.5832709074020386
7051,1,DME,1,1,0.44423672556877136
7052,1,DME,1,1,0.7404351830482483
7053,1,DME,1,1,0.42991676926612854
7054,1,DME,1,1,0.44306063652038574
7055,1,DME,1,1,0.5678805112838745
7056,1,DME,1,1,0.6151447296142578
7057,1,DME,1,1,0.5566797256469727
7058,1,DME,1,1,0.7358816266059875
7059,1,DME,1,1,0.3412937819957733
7060,1,DME,1,1,0.62544184923172
7061,1,DME,1,1,0.5438249111175537
7062,1,DME,1,1,0.4753766655921936
7063,1,DME,1,1,0.6306017637252808
7064,1,DME,1,1,0.392106294631958
7065,1,DME,1,1,0.7229489088058472
7066,1,DME,1,1,0.5785037875175476
7067,1,DME,1,1,0.4829920828342438
7068,1,DME,1,1,0.6145239472389221
7069,1,DME,1,1,0.47576406598091125
7070,1,DME,1,1,0.47096991539001465
7071,1,DME,1,1,0.5540398955345154
7072,1,DME,1,1,0.48158320784568787
7073,1,DME,1,1,0.7837195992469788
7074,1,DME,1,1,0.7538432478904724
7075,1,DME,1,1,0.4915160834789276
7076,1,DME,1,1,0.7304109930992126
7077,1,DME,1,1,0.5974496603012085
7078,1,DME,1,1,0.4871709942817688
7079,1,DME,1,1,0.5910159945487976
7080,1,DME,1,1,0.6698969006538391
7081,1,DME,1,1,0.536909282207489
7082,1,DME,1,1,0.6670071482658386
7083,1,DME,1,1,0.13690853118896484
7084,1,DME,1,1,0.6556493043899536
7085,1,DME,1,1,0.5324325561523438
7086,1,DME,1,1,0.6114938855171204
7087,1,DME,1,1,0.7279803156852722
7088,1,DME,1,1,0.7080724239349365
7089,1,DME,1,1,0.728845477104187
7090,1,DME,1,1,0.7576614618301392
7091,1,DME,1,1,0.5610966682434082
7092,1,DME,1,1,0.49774685502052307
7093,1,DME,1,1,0.5583124756813049
7094,1,DME,1,1,0.6227313280105591
7095,1,DME,1,1,0.46425318717956543
7096,1,DME,1,1,0.5702770948410034
7097,1,DME,1,1,0.6798623204231262
7098,1,DME,1,1,0.5063497424125671
7099,1,DME,1,1,0.6740193963050842
7100,1,DME,1,1,0.4276432991027832
7101,1,DME,1,1,0.6544302701950073
7102,1,DME,1,1,0.5576027035713196
7103,1,DME,1,1,0.4086102545261383
7104,1,DME,1,1,0.6101353168487549
7105,1,DME,1,1,0.6327669024467468
7106,1,DME,1,1,0.5429038405418396
7107,1,DME,1,1,0.5754708647727966
7108,1,DME,1,1,0.644700288772583
7109,1,DME,1,1,0.6801052093505859
7110,1,DME,1,1,0.6923691630363464
7111,1,DME,1,1,0.44080886244773865
7112,1,DME,1,1,0.7016049027442932
7113,1,DME,1,1,0.5740194916725159
7114,1,DME,1,1,0.4221130311489105
7115,1,DME,1,1,0.45001405477523804
7116,1,DME,1,1,0.6337730288505554
7117,1,DME,1,1,0.6064834594726562
7118,1,DME,1,1,0.7258434891700745
7119,1,DME,1,1,0.5385788083076477
7120,1,DME,1,1,0.7122597098350525
7121,1,DME,1,1,0.11277169734239578
7122,1,DME,1,1,0.6420029401779175
7123,1,DME,1,1,0.3854529857635498
7124,1,DME,1,1,0.6283615231513977
7125,1,DME,1,1,0.703874945640564
7126,1,DME,1,1,0.4501945376396179
7127,1,DME,1,1,0.7203693985939026
7128,1,DME,1,1,0.7149366736412048
7129,1,DME,1,1,0.4448049068450928
7130,1,DME,1,1,0.5380104184150696
7131,1,DME,1,1,0.5507786870002747
7132,1,DME,1,1,0.48586979508399963
7133,1,DME,1,1,0.5533588528633118
7134,1,DME,1,1,0.7030888795852661
7135,1,DME,1,1,0.7893873453140259
7136,1,DME,1,1,0.7029440999031067
7137,1,DME,1,1,0.5914902687072754
7138,1,DME,1,1,0.6877480745315552
7139,1,DME,1,1,0.6114312410354614
7140,1,DME,1,1,0.5409533381462097
7141,1,DME,1,1,0.5172857642173767
7142,1,DME,1,1,0.5405899882316589
7143,1,DME,1,1,0.7079536318778992
7144,1,DME,1,1,0.5232324600219727
7145,1,DME,1,1,0.6915860772132874
7146,1,DME,1,1,0.6752420663833618
7147,1,DME,1,1,0.5833365321159363
7148,1,DME,1,1,0.5062016844749451
7149,1,DME,1,1,0.5418960452079773
7150,1,DME,1,1,0.5638841986656189
7151,1,DME,1,1,0.5703830122947693
7152,1,DME,1,1,0.5501700043678284
7153,1,DME,1,1,0.5397495627403259
7154,1,DME,1,1,0.5869592428207397
7155,1,DME,1,1,0.3705008327960968
7156,1,DME,1,1,0.44981399178504944
7157,1,DME,1,1,0.6072568297386169
7158,1,DME,1,1,0.6803035140037537
7159,1,DME,1,1,0.5507786870002747
7160,1,DME,1,1,0.6587825417518616
7161,1,DME,1,1,0.6238068342208862
7162,1,DME,1,1,0.6018532514572144
7163,1,DME,1,1,0.694176435470581
7164,1,DME,1,1,0.36868971586227417
7165,1,DME,1,1,0.7460361123085022
7166,1,DME,1,1,0.74311763048172
7167,1,DME,1,1,0.41804829239845276
7168,1,DME,1,1,0.6051889061927795
7169,1,DME,1,1,0.5843088030815125
7170,1,DME,1,1,0.5657559633255005
7171,1,DME,1,1,0.4019707441329956
7172,1,DME,1,1,0.5297823548316956
7173,1,DME,1,1,0.5904141068458557
7174,1,DME,1,1,0.6338464617729187
7175,1,DME,1,1,0.5469533205032349
7176,1,DME,1,1,0.3518711030483246
7177,1,DME,1,1,0.5727286338806152
7178,1,DME,1,1,0.6816408634185791
7179,1,DME,1,1,0.6840973496437073
7180,1,DME,1,1,0.4760802388191223
7181,1,DME,1,1,0.5671027302742004
7182,1,DME,1,1,0.6204342842102051
7183,1,DME,1,1,0.6655779480934143
7184,1,DME,1,1,0.6018144488334656
7185,1,DME,1,1,0.5984750986099243
7186,1,DME,1,1,0.5185454487800598
7187,1,DME,1,1,0.5733405947685242
7188,1,DME,1,1,0.5523051023483276
7189,1,DME,1,1,0.4621015787124634
7190,1,DME,1,1,0.5522933006286621
7191,1,DME,1,1,0.4911784529685974
7192,1,DME,1,1,0.5722135305404663
7193,1,DME,1,1,0.4941804111003876
7194,1,DME,1,1,0.7016025185585022
7195,1,DME,1,1,0.4557805359363556
7196,1,DME,1,1,0.6666273474693298
7197,1,DME,1,1,0.5924561619758606
7198,1,DME,1,1,0.6352049708366394
7199,1,DME,3,0,0.6240420341491699
7200,1,DME,1,1,0.6201332807540894
7201,1,DME,1,1,0.5994067788124084
7202,1,DME,1,1,0.5529331564903259
7203,1,DME,1,1,0.3927554488182068
7204,1,DME,1,1,0.48198413848876953
7205,1,DME,1,1,0.6356411576271057
7206,1,DME,1,1,0.5903644561767578
7207,1,DME,1,1,0.8456707000732422
7208,1,DME,1,1,0.6972174048423767
7209,1,DME,1,1,0.7135257720947266
7210,1,DME,1,1,0.6116486191749573
7211,1,DME,1,1,0.7424732446670532
7212,1,DME,1,1,0.6757887005805969
7213,1,DME,1,1,0.6802389025688171
7214,1,DME,1,1,0.6874558925628662
7215,1,DME,1,1,0.5751820206642151
7216,1,DME,1,1,0.7081186175346375
7217,1,DME,3,0,0.398668110370636
7218,1,DME,1,1,0.5321846008300781
7219,1,DME,1,1,0.7565554976463318
7220,1,DME,1,1,0.5534635782241821
7221,1,DME,1,1,0.4908561408519745
7222,1,DME,1,1,0.7005751729011536
7223,1,DME,1,1,0.6348337531089783
7224,1,DME,1,1,0.5992734432220459
7225,1,DME,1,1,0.616320013999939
7226,1,DME,1,1,0.6606622934341431
7227,1,DME,1,1,0.7081094980239868
7228,1,DME,1,1,0.649591863155365
7229,1,DME,1,1,0.7169437408447266
7230,1,DME,3,0,0.2066430300474167
7231,1,DME,1,1,0.680810272693634
7232,1,DME,1,1,0.691753625869751
7233,1,DME,1,1,0.49610722064971924
7234,1,DME,1,1,0.7712572813034058
7235,1,DME,1,1,0.6452220678329468
7236,1,DME,1,1,0.7741619944572449
7237,1,DME,1,1,0.30922722816467285
7238,1,DME,1,1,0.7147213816642761
7239,1,DME,1,1,0.3403109014034271
7240,1,DME,1,1,0.7121307253837585
7241,1,DME,1,1,0.2999113202095032
7242,1,DME,1,1,0.59538733959198
7243,1,DME,1,1,0.6162369847297668
7244,1,DME,1,1,0.5656382441520691
7245,1,DME,1,1,0.6562041640281677
7246,1,DME,1,1,0.641385555267334
7247,1,DME,1,1,0.6037205457687378
7248,1,DME,1,1,0.6356885433197021
7249,1,DME,1,1,0.5662762522697449
7250,1,DME,1,1,0.6167486906051636
7251,1,DME,1,1,0.7952352166175842
7252,1,DME,1,1,0.42802178859710693
7253,1,DME,1,1,0.4013715088367462
7254,1,DME,1,1,0.7022092938423157
7255,1,DME,1,1,0.7281716465950012
7256,1,DME,1,1,0.5500351786613464
7257,1,DME,1,1,0.6535080075263977
7258,1,DME,1,1,0.5280687212944031
7259,1,DME,1,1,0.7473270297050476
7260,1,DME,1,1,0.7507525682449341
7261,1,DME,1,1,0.57799232006073
7262,1,DME,1,1,0.7924309372901917
7263,1,DME,1,1,0.6290540099143982
7264,1,DME,1,1,0.6475133299827576
7265,1,DME,1,1,0.5401856303215027
7266,1,DME,1,1,0.6243323683738708
7267,1,DME,1,1,0.6098546385765076
7268,1,DME,1,1,0.7145485877990723
7269,1,DME,1,1,0.7104974389076233
7270,1,DME,1,1,0.6086567640304565
7271,1,DME,1,1,0.4469583034515381
7272,1,DME,1,1,0.6912840008735657
7273,1,DME,1,1,0.47953668236732483
7274,1,DME,1,1,0.6608376502990723
7275,1,DME,1,1,0.5680304765701294
7276,1,DME,1,1,0.40316241979599
7277,1,DME,1,1,0.768797755241394
7278,1,DME,1,1,0.619336724281311
7279,1,DME,1,1,0.6337432265281677
7280,1,DME,1,1,0.7570366263389587
7281,1,DME,1,1,0.534343957901001
7282,1,DME,1,1,0.6814622282981873
7283,1,DME,1,1,0.6387766003608704
7284,1,DME,1,1,0.7798683047294617
7285,1,DME,1,1,0.7267599105834961
7286,1,DME,1,1,0.7053475975990295
7287,1,DME,1,1,0.6760027408599854
7288,1,DME,1,1,0.6807522177696228
7289,1,DME,1,1,0.6212556958198547
7290,1,DME,1,1,0.7826610207557678
7291,1,DME,1,1,0.6047855019569397
7292,1,DME,1,1,0.648830771446228
7293,1,DME,1,1,0.5621336698532104
7294,1,DME,0,0,0.9235157370567322
7295,1,DME,1,1,0.49440136551856995
7296,1,DME,1,1,0.5100376605987549
7297,1,DME,1,1,0.7095595002174377
7298,1,DME,1,1,0.609137237071991
7299,1,DME,1,1,0.48880159854888916
7300,1,DME,1,1,0.6182767748832703
7301,1,DME,1,1,0.5061292052268982
7302,1,DME,1,1,0.5717176198959351
7303,1,DME,1,1,0.6473246812820435
7304,1,DME,1,1,0.42856574058532715
7305,1,DME,1,1,0.6421481966972351
7306,1,DME,1,1,0.6384905576705933
7307,1,DME,1,1,0.617583692073822
7308,1,DME,1,1,0.5935455560684204
7309,1,DME,1,1,0.5961982011795044
7310,1,DME,1,1,0.44204625487327576
7311,1,DME,1,1,0.666326642036438
7312,1,DME,1,1,0.5930963754653931
7313,1,DME,1,1,0.5558264255523682
7314,1,DME,1,1,0.675325870513916
7315,1,DME,1,1,0.7132091522216797
7316,1,DME,1,1,0.13441139459609985
7317,1,DME,1,1,0.687644898891449
7318,1,DME,1,1,0.4910598397254944
7319,1,DME,1,1,0.37154021859169006
7320,1,DME,1,1,0.6418933272361755
7321,1,DME,1,1,0.5087502002716064
7322,1,DME,1,1,0.6897242665290833
7323,1,DME,1,1,0.6463413834571838
7324,1,DME,1,1,0.6953305602073669
7325,1,DME,1,1,0.6618708372116089
7326,1,DME,1,1,0.6382887959480286
7327,1,DME,1,1,0.5952334403991699
7328,1,DME,0,0,0.386885404586792
7329,1,DME,1,1,0.7322087287902832
7330,1,DME,1,1,0.6111465096473694
7331,1,DME,1,1,0.6795276999473572
7332,1,DME,1,1,0.6285856366157532
7333,1,DME,1,1,0.7447504997253418
7334,1,DME,1,1,0.6612643599510193
7335,1,DME,1,1,0.4627220332622528
7336,1,DME,1,1,0.6081275939941406
7337,1,DME,1,1,0.3861192762851715
7338,1,DME,1,1,0.5577505826950073
7339,1,DME,1,1,0.594405472278595
7340,1,DME,1,1,0.5550755858421326
7341,1,DME,0,0,0.7044320106506348
7342,1,DME,1,1,0.6647549271583557
7343,1,DME,1,1,0.2836169898509979
7344,1,DME,1,1,0.60871821641922
7345,1,DME,1,1,0.5482302904129028
7346,1,DME,1,1,0.6360369324684143
7347,1,DME,1,1,0.6043218374252319
7348,2,DRUSEN,2,1,0.8052915930747986
7349,2,DRUSEN,2,1,0.6995580196380615
7350,2,DRUSEN,2,1,0.7396365404129028
7351,2,DRUSEN,2,1,0.5736005306243896
7352,2,DRUSEN,2,1,0.6345018744468689
7353,2,DRUSEN,2,1,0.5851428508758545
7354,2,DRUSEN,2,1,0.6971139311790466
7355,2,DRUSEN,2,1,0.6750625967979431
7356,2,DRUSEN,2,1,0.6272174119949341
7357,2,DRUSEN,2,1,0.2628220319747925
7358,2,DRUSEN,2,1,0.7774956226348877
7359,2,DRUSEN,2,1,0.6833694577217102
7360,2,DRUSEN,0,0,0.5124245882034302
7361,2,DRUSEN,2,1,0.5848640203475952
7362,2,DRUSEN,2,1,0.7330269813537598
7363,2,DRUSEN,2,1,0.47777315974235535
7364,2,DRUSEN,2,1,0.692102313041687
7365,2,DRUSEN,2,1,0.7470261454582214
7366,2,DRUSEN,2,1,0.2965136468410492
7367,2,DRUSEN,2,1,0.7224287986755371
7368,2,DRUSEN,2,1,0.6076554656028748
7369,2,DRUSEN,2,1,0.8770560622215271
7370,2,DRUSEN,2,1,0.3783144950866699
7371,2,DRUSEN,2,1,0.5241495966911316
7372,2,DRUSEN,2,1,0.7737697958946228
7373,2,DRUSEN,2,1,0.6522073149681091
7374,2,DRUSEN,2,1,0.4367087185382843
7375,2,DRUSEN,2,1,0.6012424230575562
7376,2,DRUSEN,3,0,0.7976745367050171
7377,2,DRUSEN,2,1,0.4902169704437256
7378,2,DRUSEN,2,1,0.5832563042640686
7379,2,DRUSEN,2,1,0.55182945728302
7380,2,DRUSEN,2,1,0.6882600784301758
7381,2,DRUSEN,2,1,0.4310922920703888
7382,2,DRUSEN,2,1,0.7506137490272522
7383,2,DRUSEN,2,1,0.6753133535385132
7384,2,DRUSEN,2,1,0.6717807054519653
7385,2,DRUSEN,2,1,0.7178434133529663
7386,2,DRUSEN,2,1,0.594548761844635
7387,2,DRUSEN,2,1,0.707476794719696
7388,2,DRUSEN,2,1,0.658768892288208
7389,2,DRUSEN,2,1,0.715068519115448
7390,2,DRUSEN,2,1,0.6788109540939331
7391,2,DRUSEN,2,1,0.6948626041412354
7392,2,DRUSEN,2,1,0.6602012515068054
7393,2,DRUSEN,2,1,0.6981080770492554
7394,2,DRUSEN,2,1,0.7713964581489563
7395,2,DRUSEN,2,1,0.6837332248687744
7396,2,DRUSEN,2,1,0.6727113723754883
7397,2,DRUSEN,2,1,0.4391077160835266
7398,2,DRUSEN,2,1,0.5474249720573425
7399,2,DRUSEN,2,1,0.7847697734832764
7400,2,DRUSEN,2,1,0.6784611940383911
7401,2,DRUSEN,2,1,0.6018391847610474
7402,2,DRUSEN,2,1,0.1471303552389145
7403,2,DRUSEN,2,1,0.5104328393936157
7404,2,DRUSEN,2,1,0.7386471033096313
7405,2,DRUSEN,2,1,0.6988077163696289
7406,2,DRUSEN,2,1,0.5856570601463318
7407,2,DRUSEN,2,1,0.7263779044151306
7408,2,DRUSEN,2,1,0.5945703387260437
7409,2,DRUSEN,2,1,0.5739485025405884
7410,2,DRUSEN,2,1,0.6151131391525269
7411,2,DRUSEN,0,0,0.33515462279319763
7412,2,DRUSEN,2,1,0.4336034953594208
7413,2,DRUSEN,2,1,0.596953809261322
7414,2,DRUSEN,3,0,0.2581104040145874
7415,2,DRUSEN,2,1,0.7565613389015198
7416,2,DRUSEN,2,1,0.5757158398628235
7417,2,DRUSEN,2,1,0.6879163980484009
7418,2,DRUSEN,2,1,0.5782003998756409
7419,2,DRUSEN,2,1,0.6537331938743591
7420,2,DRUSEN,2,1,0.7679781317710876
7421,2,DRUSEN,2,1,0.7039014101028442
7422,2,DRUSEN,2,1,0.5508063435554504
7423,2,DRUSEN,2,1,0.6857073903083801
7424,2,DRUSEN,2,1,0.642978847026825
7425,2,DRUSEN,2,1,0.7226743698120117
7426,2,DRUSEN,2,1,0.6717349290847778
7427,2,DRUSEN,2,1,0.6441120505332947
7428,2,DRUSEN,2,1,0.6725525259971619
7429,2,DRUSEN,2,1,0.6659015417098999
7430,2,DRUSEN,2,1,0.6018253564834595
7431,2,DRUSEN,0,0,0.12898297607898712
7432,2,DRUSEN,2,1,0.44291049242019653
7433,2,DRUSEN,2,1,0.7237387299537659
7434,2,DRUSEN,0,0,0.20926901698112488
7435,2,DRUSEN,2,1,0.670244574546814
7436,2,DRUSEN,2,1,0.49675098061561584
7437,2,DRUSEN,2,1,0.7124326825141907
7438,2,DRUSEN,2,1,0.7697327136993408
7439,2,DRUSEN,0,0,0.5370906591415405
7440,2,DRUSEN,2,1,0.4653802514076233
7441,2,DRUSEN,2,1,0.7453813552856445
7442,2,DRUSEN,2,1,0.6718530654907227
7443,2,DRUSEN,2,1,0.6112242937088013
7444,2,DRUSEN,2,1,0.674994945526123
7445,2,DRUSEN,2,1,0.6461126208305359
7446,2,DRUSEN,2,1,0.6020919680595398
7447,2,DRUSEN,3,0,0.49830862879753113
7448,2,DRUSEN,2,1,0.6624775528907776
7449,2,DRUSEN,2,1,0.5684789419174194
7450,2,DRUSEN,2,1,0.7415036559104919
7451,2,DRUSEN,2,1,0.7883691787719727
7452,2,DRUSEN,2,1,0.6030343770980835
7453,2,DRUSEN,2,1,0.8284677863121033
7454,2,DRUSEN,2,1,0.4530726373195648
7455,2,DRUSEN,2,1,0.21839255094528198
7456,2,DRUSEN,2,1,0.6277114748954773
7457,2,DRUSEN,2,1,0.7823137044906616
7458,2,DRUSEN,2,1,0.7474377155303955
7459,2,DRUSEN,2,1,0.6243348717689514
7460,2,DRUSEN,2,1,0.61629319190979
7461,2,DRUSEN,2,1,0.8221265077590942
7462,2,DRUSEN,2,1,0.7737697958946228
7463,2,DRUSEN,3,0,0.6362718939781189
7464,2,DRUSEN,2,1,0.7178128957748413
7465,2,DRUSEN,2,1,0.6428911685943604
7466,2,DRUSEN,2,1,0.4343280792236328
7467,2,DRUSEN,2,1,0.647144079208374
7468,2,DRUSEN,2,1,0.47951194643974304
7469,2,DRUSEN,2,1,0.798488438129425
7470,2,DRUSEN,2,1,0.7539784908294678
7471,2,DRUSEN,2,1,0.7811729907989502
7472,2,DRUSEN,2,1,0.6614783406257629
7473,2,DRUSEN,2,1,0.6460518836975098
7474,2,DRUSEN,2,1,0.7115755677223206
7475,2,DRUSEN,2,1,0.48795491456985474
7476,2,DRUSEN,2,1,0.5860239267349243
7477,2,DRUSEN,2,1,0.5393180251121521
7478,2,DRUSEN,2,1,0.6482475996017456
7479,2,DRUSEN,2,1,0.555783748626709
7480,2,DRUSEN,2,1,0.6041479110717773
7481,2,DRUSEN,2,1,0.5045338869094849
7482,2,DRUSEN,2,1,0.7235485911369324
7483,2,DRUSEN,2,1,0.5886663794517517
7484,2,DRUSEN,3,0,0.12422337383031845
7485,2,DRUSEN,2,1,0.5137465596199036
7486,2,DRUSEN,2,1,0.6295596957206726
7487,2,DRUSEN,2,1,0.7875338792800903
7488,2,DRUSEN,2,1,0.4766087234020233
7489,2,DRUSEN,2,1,0.7878391742706299
7490,2,DRUSEN,2,1,0.8545958995819092
7491,2,DRUSEN,2,1,0.6811001300811768
7492,2,DRUSEN,2,1,0.7033730149269104
7493,2,DRUSEN,2,1,0.716985285282135
7494,2,DRUSEN,2,1,0.7966057062149048
7495,2,DRUSEN,2,1,0.6718541979789734
7496,2,DRUSEN,2,1,0.5440208315849304
7497,2,DRUSEN,2,1,0.6843993663787842
7498,2,DRUSEN,2,1,0.7808442115783691
7499,2,DRUSEN,2,1,0.7243861556053162
7500,2,DRUSEN,2,1,0.6037236452102661
7501,2,DRUSEN,2,1,0.7398061156272888
7502,2,DRUSEN,2,1,0.6510798931121826
7503,2,DRUSEN,2,1,0.5704749822616577
7504,2,DRUSEN,2,1,0.731848955154419
7505,2,DRUSEN,2,1,0.7157666087150574
7506,2,DRUSEN,2,1,0.6706485748291016
7507,2,DRUSEN,2,1,0.5254719853401184
7508,2,DRUSEN,2,1,0.7330825328826904
7509,2,DRUSEN,2,1,0.7681869864463806
7510,2,DRUSEN,2,1,0.7365420460700989
7511,2,DRUSEN,2,1,0.6163010597229004
7512,2,DRUSEN,2,1,0.7281118035316467
7513,2,DRUSEN,2,1,0.5634821057319641
7514,2,DRUSEN,2,1,0.5664168000221252
7515,2,DRUSEN,2,1,0.45428624749183655
7516,2,DRUSEN,0,0,0.6480283737182617
7517,2,DRUSEN,0,0,0.6234947443008423
7518,2,DRUSEN,2,1,0.579037606716156
7519,2,DRUSEN,2,1,0.7315647006034851
7520,2,DRUSEN,2,1,0.7136510014533997
7521,2,DRUSEN,2,1,0.6193773150444031
7522,2,DRUSEN,2,1,0.7942892909049988
7523,2,DRUSEN,2,1,0.37835970520973206
7524,2,DRUSEN,2,1,0.7403488755226135
7525,2,DRUSEN,2,1,0.713520348072052
7526,2,DRUSEN,2,1,0.7339644432067871
7527,2,DRUSEN,2,1,0.691002368927002
7528,2,DRUSEN,2,1,0.7837070822715759
7529,2,DRUSEN,2,1,0.6699159145355225
7530,2,DRUSEN,2,1,0.3963949680328369
7531,2,DRUSEN,3,0,0.7145965099334717
7532,2,DRUSEN,2,1,0.48487213253974915
7533,2,DRUSEN,2,1,0.6112383604049683
7534,2,DRUSEN,2,1,0.5210171937942505
7535,2,DRUSEN,2,1,0.5756657719612122
7536,2,DRUSEN,2,1,0.5850664377212524
7537,2,DRUSEN,2,1,0.7441587448120117
7538,2,DRUSEN,2,1,0.7127254605293274
7539,2,DRUSEN,2,1,0.799906849861145
7540,2,DRUSEN,2,1,0.6660553216934204
7541,2,DRUSEN,2,1,0.7939683198928833
7542,2,DRUSEN,2,1,0.4084736704826355
7543,2,DRUSEN,2,1,0.6430942416191101
7544,2,DRUSEN,2,1,0.44574975967407227
7545,2,DRUSEN,2,1,0.6795449256896973
7546,2,DRUSEN,3,0,0.0
7547,2,DRUSEN,2,1,0.7119972109794617
7548,2,DRUSEN,2,1,0.5928568840026855
7549,2,DRUSEN,2,1,0.67023104429245
7550,2,DRUSEN,2,1,0.8018225431442261
7551,2,DRUSEN,2,1,0.6865434646606445
7552,2,DRUSEN,2,1,0.7517728805541992
7553,2,DRUSEN,2,1,0.6384567022323608
7554,2,DRUSEN,2,1,0.6619001030921936
7555,2,DRUSEN,2,1,0.779671847820282
7556,2,DRUSEN,2,1,0.6741518378257751
7557,2,DRUSEN,2,1,0.731082022190094
7558,2,DRUSEN,2,1,0.6819771528244019
7559,2,DRUSEN,0,0,0.1498510241508484
7560,2,DRUSEN,2,1,0.6590520143508911
7561,2,DRUSEN,1,0,0.0
7562,2,DRUSEN,2,1,0.7273136377334595
7563,2,DRUSEN,2,1,0.705963671207428
7564,2,DRUSEN,3,0,0.9731049537658691
7565,2,DRUSEN,2,1,0.3856081962585449
7566,2,DRUSEN,2,1,0.6666415929794312
7567,2,DRUSEN,2,1,0.6404184103012085
7568,2,DRUSEN,2,1,0.7634310126304626
7569,2,DRUSEN,2,1,0.5066460371017456
7570,2,DRUSEN,2,1,0.6000682711601257
7571,2,DRUSEN,2,1,0.4080082178115845
7572,2,DRUSEN,2,1,0.6013088822364807
7573,2,DRUSEN,1,0,0.9741324782371521
7574,2,DRUSEN,2,1,0.7672731280326843
7575,2,DRUSEN,2,1,0.5507820248603821
7576,2,DRUSEN,2,1,0.6459216475486755
7577,2,DRUSEN,3,0,0.7444483041763306
7578,2,DRUSEN,2,1,0.8033682703971863
7579,2,DRUSEN,2,1,0.6180816292762756
7580,2,DRUSEN,2,1,0.7034399509429932
7581,2,DRUSEN,2,1,0.6942490935325623
7582,2,DRUSEN,2,1,0.7520219683647156
7583,2,DRUSEN,2,1,0.47084474563598633
7584,2,DRUSEN,2,1,0.7271515130996704
7585,2,DRUSEN,2,1,0.5470160245895386
7586,2,DRUSEN,2,1,0.635833203792572
7587,2,DRUSEN,2,1,0.6571933031082153
7588,2,DRUSEN,2,1,0.7079670429229736
7589,2,DRUSEN,2,1,0.5453218221664429
7590,2,DRUSEN,2,1,0.5103020668029785
7591,2,DRUSEN,2,1,0.45350027084350586
7592,2,DRUSEN,2,1,0.6559953689575195
7593,2,DRUSEN,2,1,0.5044367909431458
7594,2,DRUSEN,0,0,0.45252805948257446
7595,2,DRUSEN,2,1,0.7511390447616577
7596,2,DRUSEN,2,1,0.539617657661438
7597,2,DRUSEN,2,1,0.5850997567176819
7598,2,DRUSEN,2,1,0.6988716721534729
7599,2,DRUSEN,2,1,0.7679055333137512
7600,2,DRUSEN,2,1,0.7503770589828491
7601,2,DRUSEN,2,1,0.6864904761314392
7602,2,DRUSEN,2,1,0.6689773201942444
7603,2,DRUSEN,2,1,0.7618517875671387
7604,2,DRUSEN,2,1,0.617332935333252
7605,2,DRUSEN,2,1,0.6435722708702087
7606,2,DRUSEN,2,1,0.6788685917854309
7607,2,DRUSEN,2,1,0.7127152681350708
7608,2,DRUSEN,2,1,0.7071278095245361
7609,2,DRUSEN,2,1,0.6380327939987183
7610,2,DRUSEN,2,1,0.7379167675971985
7611,2,DRUSEN,2,1,0.7129375338554382
7612,2,DRUSEN,2,1,0.7042161822319031
7613,2,DRUSEN,2,1,0.702452540397644
7614,2,DRUSEN,2,1,0.547484278678894
7615,2,DRUSEN,2,1,0.6706676483154297
7616,2,DRUSEN,2,1,0.7265217900276184
7617,2,DRUSEN,2,1,0.6031380295753479
7618,2,DRUSEN,2,1,0.6193874478340149
7619,2,DRUSEN,2,1,0.652276337146759
7620,2,DRUSEN,2,1,0.5466649532318115
7621,2,DRUSEN,2,1,0.6010921597480774
7622,2,DRUSEN,0,0,0.7883102297782898
7623,2,DRUSEN,2,1,0.6929426193237305
7624,2,DRUSEN,2,1,0.610364556312561
7625,2,DRUSEN,2,1,0.6847992539405823
7626,2,DRUSEN,2,1,0.5464443564414978
7627,2,DRUSEN,2,1,0.5276790857315063
7628,2,DRUSEN,2,1,0.5288176536560059
7629,2,DRUSEN,2,1,0.4459725320339203
7630,2,DRUSEN,2,1,0.6368070840835571
7631,2,DRUSEN,2,1,0.6820993423461914
7632,2,DRUSEN,2,1,0.5223703980445862
7633,2,DRUSEN,2,1,0.507968544960022
7634,2,DRUSEN,2,1,0.4875934422016144
7635,2,DRUSEN,2,1,0.4094677269458771
7636,2,DRUSEN,2,1,0.725985586643219
7637,2,DRUSEN,2,1,0.4802209734916687
7638,2,DRUSEN,2,1,0.6514983177185059
7639,2,DRUSEN,2,1,0.7872639298439026
7640,2,DRUSEN,2,1,0.6254559755325317
7641,2,DRUSEN,0,0,0.2076076865196228
7642,2,DRUSEN,2,1,0.7979604601860046
7643,2,DRUSEN,2,1,0.7822225093841553
7644,2,DRUSEN,2,1,0.7759352922439575
7645,2,DRUSEN,2,1,0.6214248538017273
7646,2,DRUSEN,2,1,0.4759325683116913
7647,2,DRUSEN,2,1,0.7762197852134705
7648,2,DRUSEN,2,1,0.6899573802947998
7649,2,DRUSEN,2,1,0.8114160299301147
7650,2,DRUSEN,2,1,0.49052125215530396
7651,2,DRUSEN,2,1,0.7544026970863342
7652,2,DRUSEN,2,1,0.8176418542861938
7653,2,DRUSEN,2,1,0.3288170397281647
7654,2,DRUSEN,2,1,0.5680719614028931
7655,2,DRUSEN,2,1,0.6197266578674316
7656,2,DRUSEN,2,1,0.7779161334037781
7657,2,DRUSEN,2,1,0.7951532602310181
7658,2,DRUSEN,2,1,0.6483293771743774
7659,2,DRUSEN,2,1,0.7353953123092651
7660,2,DRUSEN,2,1,0.6198684573173523
7661,2,DRUSEN,2,1,0.6132335662841797
7662,2,DRUSEN,2,1,0.5112025141716003
7663,2,DRUSEN,2,1,0.6584442257881165
7664,2,DRUSEN,2,1,0.7863436341285706
7665,2,DRUSEN,2,1,0.5206567645072937
7666,2,DRUSEN,2,1,0.46477243304252625
7667,2,DRUSEN,2,1,0.5559009909629822
7668,2,DRUSEN,2,1,0.6823383569717407
7669,2,DRUSEN,2,1,0.7164027094841003
7670,2,DRUSEN,2,1,0.7102089524269104
7671,2,DRUSEN,2,1,0.6790774464607239
7672,2,DRUSEN,2,1,0.7257217168807983
7673,2,DRUSEN,2,1,0.7440245151519775
7674,2,DRUSEN,2,1,0.5221973657608032
7675,2,DRUSEN,2,1,0.5311681032180786
7676,2,DRUSEN,2,1,0.6888129711151123
7677,2,DRUSEN,2,1,0.5651219487190247
7678,2,DRUSEN,2,1,0.5891405940055847
7679,2,DRUSEN,2,1,0.6593457460403442
7680,2,DRUSEN,2,1,0.7745073437690735
7681,2,DRUSEN,2,1,0.7559364438056946
7682,2,DRUSEN,2,1,0.7715513706207275
7683,2,DRUSEN,2,1,0.6943199634552002
7684,2,DRUSEN,2,1,0.3805414140224457
7685,2,DRUSEN,2,1,0.620923638343811
7686,2,DRUSEN,2,1,0.619546115398407
7687,2,DRUSEN,2,1,0.20347318053245544
7688,2,DRUSEN,2,1,0.6148881912231445
7689,2,DRUSEN,0,0,0.4595920145511627
7690,2,DRUSEN,2,1,0.6688286662101746
7691,2,DRUSEN,2,1,0.5287325382232666
7692,2,DRUSEN,3,0,0.7039127945899963
7693,2,DRUSEN,2,1,0.6960180401802063
7694,2,DRUSEN,2,1,0.5009130239486694
7695,2,DRUSEN,2,1,0.8868643045425415
7696,2,DRUSEN,2,1,0.6781976819038391
7697,2,DRUSEN,2,1,0.7064058780670166
7698,2,DRUSEN,2,1,0.8080078363418579
7699,2,DRUSEN,2,1,0.5847498774528503
7700,2,DRUSEN,2,1,0.776637077331543
7701,2,DRUSEN,2,1,0.5210099816322327
7702,2,DRUSEN,2,1,0.778564989566803
7703,2,DRUSEN,2,1,0.7830234169960022
7704,2,DRUSEN,2,1,0.6899426579475403
7705,2,DRUSEN,2,1,0.5671147108078003
7706,2,DRUSEN,2,1,0.5816171169281006
7707,2,DRUSEN,0,0,0.6508681774139404
7708,2,DRUSEN,2,1,0.7144074440002441
7709,2,DRUSEN,2,1,0.7182930111885071
7710,2,DRUSEN,2,1,0.7764225006103516
7711,2,DRUSEN,2,1,0.5923543572425842
7712,2,DRUSEN,3,0,0.39191094040870667
7713,2,DRUSEN,2,1,0.41326627135276794
7714,2,DRUSEN,2,1,0.4729308784008026
7715,2,DRUSEN,2,1,0.7153636813163757
7716,2,DRUSEN,2,1,0.7692054510116577
7717,2,DRUSEN,2,1,0.5458465814590454
7718,2,DRUSEN,2,1,0.6840510368347168
7719,2,DRUSEN,2,1,0.652320921421051
7720,2,DRUSEN,2,1,0.4513557553291321
7721,2,DRUSEN,2,1,0.7370408773422241
7722,2,DRUSEN,2,1,0.6769453883171082
7723,2,DRUSEN,2,1,0.6814754605293274
7724,2,DRUSEN,2,1,0.7826486229896545
7725,2,DRUSEN,2,1,0.7611886262893677
7726,2,DRUSEN,2,1,0.7222460508346558
7727,2,DRUSEN,2,1,0.49794596433639526
7728,2,DRUSEN,2,1,0.7340753078460693
7729,2,DRUSEN,2,1,0.5956002473831177
7730,2,DRUSEN,2,1,0.6017323732376099
7731,2,DRUSEN,2,1,0.6298676133155823
7732,2,DRUSEN,2,1,0.48074862360954285
7733,2,DRUSEN,2,1,0.5219196677207947
7734,2,DRUSEN,0,0,0.11255718022584915
7735,2,DRUSEN,2,1,0.32595136761665344
7736,2,DRUSEN,2,1,0.6698331236839294
7737,2,DRUSEN,2,1,0.8257184624671936
7738,2,DRUSEN,2,1,0.6298245787620544
7739,2,DRUSEN,2,1,0.6603932976722717
7740,2,DRUSEN,2,1,0.5418334603309631
7741,2,DRUSEN,2,1,0.7703267931938171
7742,2,DRUSEN,2,1,0.7516713738441467
7743,2,DRUSEN,2,1,0.5579284429550171
7744,2,DRUSEN,2,1,0.5216425657272339
7745,2,DRUSEN,2,1,0.7666381001472473
7746,2,DRUSEN,2,1,0.6647743582725525
7747,2,DRUSEN,2,1,0.7365613579750061
7748,2,DRUSEN,2,1,0.5178757905960083
7749,2,DRUSEN,2,1,0.7731176614761353
7750,2,DRUSEN,3,0,0.6613723039627075
7751,2,DRUSEN,2,1,0.7888102531433105
7752,2,DRUSEN,2,1,0.8146612048149109
7753,2,DRUSEN,2,1,0.46023231744766235
7754,2,DRUSEN,2,1,0.7919573783874512
7755,2,DRUSEN,2,1,0.36934980750083923
7756,2,DRUSEN,2,1,0.7980074286460876
7757,2,DRUSEN,0,0,0.22689276933670044
7758,2,DRUSEN,2,1,0.6248189806938171
7759,2,DRUSEN,2,1,0.6995062828063965
7760,2,DRUSEN,2,1,0.8036719560623169
7761,2,DRUSEN,2,1,0.5645201802253723
7762,2,DRUSEN,2,1,0.6180071830749512
7763,2,DRUSEN,2,1,0.7748339176177979
7764,2,DRUSEN,2,1,0.5604679584503174
7765,2,DRUSEN,2,1,0.7459972500801086
7766,2,DRUSEN,2,1,0.5675856471061707
7767,2,DRUSEN,2,1,0.7207480072975159
7768,2,DRUSEN,3,0,0.06182276830077171
7769,2,DRUSEN,2,1,0.6884148120880127
7770,2,DRUSEN,2,1,0.6692848801612854
7771,2,DRUSEN,2,1,0.6589357256889343
7772,2,DRUSEN,2,1,0.6180917024612427
7773,2,DRUSEN,3,0,0.0
7774,2,DRUSEN,2,1,0.3892282247543335
7775,2,DRUSEN,2,1,0.7711120247840881
7776,2,DRUSEN,2,1,0.5061964988708496
7777,2,DRUSEN,2,1,0.7352749109268188
7778,2,DRUSEN,2,1,0.5497969388961792
7779,2,DRUSEN,2,1,0.5125521421432495
7780,2,DRUSEN,2,1,0.6962644457817078
7781,2,DRUSEN,2,1,0.8037158250808716
7782,2,DRUSEN,2,1,0.6864904761314392
7783,2,DRUSEN,2,1,0.5676396489143372
7784,2,DRUSEN,2,1,0.7506067156791687
7785,2,DRUSEN,2,1,0.6663312315940857
7786,2,DRUSEN,2,1,0.703213632106781
7787,2,DRUSEN,2,1,0.8176616430282593
7788,2,DRUSEN,2,1,0.6870585083961487
7789,2,DRUSEN,2,1,0.6456815004348755
7790,2,DRUSEN,2,1,0.611439049243927
7791,2,DRUSEN,2,1,0.5283368229866028
7792,2,DRUSEN,2,1,0.789227306842804
7793,2,DRUSEN,2,1,0.743594765663147
7794,2,DRUSEN,2,1,0.589078426361084
7795,2,DRUSEN,2,1,0.6833321452140808
7796,2,DRUSEN,2,1,0.6180282831192017
7797,2,DRUSEN,2,1,0.7698786854743958
7798,2,DRUSEN,3,0,0.7201133966445923
7799,2,DRUSEN,2,1,0.4255330562591553
7800,2,DRUSEN,2,1,0.6512193083763123
7801,2,DRUSEN,2,1,0.5158097147941589
7802,2,DRUSEN,2,1,0.7592336535453796
7803,2,DRUSEN,2,1,0.5744874477386475
7804,2,DRUSEN,2,1,0.6415187120437622
7805,2,DRUSEN,2,1,0.7833759188652039
7806,2,DRUSEN,2,1,0.5364106893539429
7807,2,DRUSEN,2,1,0.7526496648788452
7808,2,DRUSEN,2,1,0.6737003922462463
7809,2,DRUSEN,2,1,0.5545075535774231
7810,2,DRUSEN,2,1,0.7355049252510071
7811,2,DRUSEN,2,1,0.6608022451400757
7812,2,DRUSEN,2,1,0.8429312705993652
7813,2,DRUSEN,2,1,0.6022754907608032
7814,2,DRUSEN,2,1,0.6573755145072937
7815,2,DRUSEN,2,1,0.7282535433769226
7816,2,DRUSEN,2,1,0.6405125260353088
7817,2,DRUSEN,2,1,0.6840074062347412
7818,2,DRUSEN,2,1,0.7899554967880249
7819,2,DRUSEN,2,1,0.5701186060905457
7820,2,DRUSEN,3,0,0.5998618602752686
7821,2,DRUSEN,2,1,0.4005747139453888
7822,2,DRUSEN,2,1,0.758209764957428
7823,2,DRUSEN,2,1,0.3911750614643097
7824,2,DRUSEN,2,1,0.7330833673477173
7825,2,DRUSEN,2,1,0.6117183566093445
7826,2,DRUSEN,2,1,0.6466976404190063
7827,2,DRUSEN,2,1,0.5339438319206238
7828,2,DRUSEN,2,1,0.6020598411560059
7829,2,DRUSEN,2,1,0.6653997302055359
7830,2,DRUSEN,2,1,0.6148980855941772
7831,2,DRUSEN,2,1,0.7107431888580322
7832,2,DRUSEN,2,1,0.5071878433227539
7833,2,DRUSEN,2,1,0.6584723591804504
7834,2,DRUSEN,2,1,0.5075459480285645
7835,2,DRUSEN,2,1,0.7353953123092651
7836,2,DRUSEN,2,1,0.7807820439338684
7837,2,DRUSEN,2,1,0.5593230128288269
7838,2,DRUSEN,0,0,0.6348013281822205
7839,2,DRUSEN,2,1,0.3247462809085846
7840,2,DRUSEN,2,1,0.795885443687439
7841,2,DRUSEN,2,1,0.6698892712593079
7842,2,DRUSEN,2,1,0.7347745299339294
7843,2,DRUSEN,2,1,0.6884059906005859
7844,2,DRUSEN,2,1,0.6502535343170166
7845,2,DRUSEN,2,1,0.6392165422439575
7846,2,DRUSEN,2,1,0.5956514477729797
7847,2,DRUSEN,2,1,0.4981963038444519
7848,2,DRUSEN,2,1,0.5532666444778442
7849,2,DRUSEN,2,1,0.6780506372451782
7850,2,DRUSEN,2,1,0.6127219796180725
7851,2,DRUSEN,0,0,0.5214899778366089
7852,2,DRUSEN,2,1,0.6691219806671143
7853,2,DRUSEN,2,1,0.5907978415489197
7854,2,DRUSEN,2,1,0.7848691344261169
7855,2,DRUSEN,2,1,0.5287461876869202
7856,2,DRUSEN,2,1,0.690559446811676
7857,2,DRUSEN,2,1,0.7662941813468933
7858,2,DRUSEN,3,0,0.24738933145999908
7859,2,DRUSEN,2,1,0.6627870202064514
7860,2,DRUSEN,2,1,0.694990336894989
7861,2,DRUSEN,2,1,0.5163177251815796
7862,2,DRUSEN,2,1,0.6339115500450134
7863,2,DRUSEN,2,1,0.6276547312736511
7864,2,DRUSEN,2,1,0.6751388311386108
7865,2,DRUSEN,2,1,0.4236660599708557
7866,2,DRUSEN,2,1,0.5003021359443665
7867,2,DRUSEN,2,1,0.7375515699386597
7868,2,DRUSEN,2,1,0.6685421466827393
7869,2,DRUSEN,2,1,0.7014426589012146
7870,2,DRUSEN,2,1,0.6601210236549377
7871,2,DRUSEN,2,1,0.7818520069122314
7872,2,DRUSEN,0,0,0.6959328651428223
7873,2,DRUSEN,2,1,0.5754833221435547
7874,2,DRUSEN,2,1,0.7561755776405334
7875,2,DRUSEN,2,1,0.5029322504997253
7876,2,DRUSEN,2,1,0.7350803017616272
7877,2,DRUSEN,2,1,0.6091541051864624
7878,2,DRUSEN,2,1,0.6926575303077698
7879,2,DRUSEN,2,1,0.5738149881362915
7880,2,DRUSEN,2,1,0.6565160751342773
7881,2,DRUSEN,2,1,0.5507463216781616
7882,2,DRUSEN,2,1,0.5517144799232483
7883,2,DRUSEN,2,1,0.6988547444343567
7884,2,DRUSEN,2,1,0.5069026947021484
7885,2,DRUSEN,2,1,0.7703580856323242
7886,2,DRUSEN,2,1,0.5940998792648315
7887,2,DRUSEN,2,1,0.2593466341495514
7888,2,DRUSEN,2,1,0.6205381751060486
7889,2,DRUSEN,3,0,0.7936623692512512
7890,2,DRUSEN,2,1,0.44665616750717163
7891,2,DRUSEN,2,1,0.6366777420043945
7892,2,DRUSEN,2,1,0.43674781918525696
7893,2,DRUSEN,2,1,0.670566201210022
7894,2,DRUSEN,2,1,0.7333224415779114
7895,2,DRUSEN,2,1,0.5010469555854797
7896,2,DRUSEN,2,1,0.8051368594169617
7897,2,DRUSEN,2,1,0.6459128260612488
7898,2,DRUSEN,2,1,0.5630794763565063
7899,2,DRUSEN,2,1,0.5662963390350342
7900,2,DRUSEN,2,1,0.6467780470848083
7901,2,DRUSEN,2,1,0.6057347059249878
7902,2,DRUSEN,2,1,0.7221400141716003
7903,2,DRUSEN,2,1,0.5854827761650085
7904,2,DRUSEN,2,1,0.45688843727111816
7905,2,DRUSEN,2,1,0.548040509223938
7906,2,DRUSEN,2,1,0.549496591091156
7907,2,DRUSEN,2,1,0.7058627605438232
7908,2,DRUSEN,2,1,0.5618253946304321
7909,2,DRUSEN,2,1,0.7299099564552307
7910,2,DRUSEN,2,1,0.5899906158447266
7911,2,DRUSEN,2,1,0.5535198450088501
7912,2,DRUSEN,2,1,0.7149590849876404
7913,2,DRUSEN,3,0,0.8730278611183167
7914,2,DRUSEN,2,1,0.6837589740753174
7915,2,DRUSEN,2,1,0.5364760160446167
7916,2,DRUSEN,2,1,0.5441903471946716
7917,2,DRUSEN,2,1,0.6317336559295654
7918,2,DRUSEN,2,1,0.5437189936637878
7919,2,DRUSEN,0,0,0.30174964666366577
7920,2,DRUSEN,2,1,0.7385265827178955
7921,2,DRUSEN,2,1,0.37133142352104187
7922,2,DRUSEN,3,0,0.9062310457229614
7923,2,DRUSEN,2,1,0.5984798073768616
7924,2,DRUSEN,2,1,0.4866347014904022
7925,2,DRUSEN,2,1,0.7501009106636047
7926,2,DRUSEN,2,1,0.861703634262085
7927,2,DRUSEN,2,1,0.5675943493843079
7928,2,DRUSEN,2,1,0.5477468967437744
7929,2,DRUSEN,2,1,0.20114898681640625
7930,2,DRUSEN,2,1,0.756374716758728
7931,2,DRUSEN,2,1,0.4973304271697998
7932,2,DRUSEN,2,1,0.5297918319702148
7933,2,DRUSEN,2,1,0.6495783925056458
7934,2,DRUSEN,2,1,0.689878523349762
7935,2,DRUSEN,0,0,0.45743685960769653
7936,2,DRUSEN,2,1,0.7263059616088867
7937,2,DRUSEN,2,1,0.4194808602333069
7938,2,DRUSEN,3,0,0.8441287279129028
7939,2,DRUSEN,2,1,0.6678552627563477
7940,2,DRUSEN,2,1,0.23788031935691833
7941,2,DRUSEN,2,1,0.8215140700340271
7942,2,DRUSEN,2,1,0.6679093837738037
7943,2,DRUSEN,2,1,0.7223805785179138
7944,2,DRUSEN,2,1,0.6358090043067932
7945,2,DRUSEN,2,1,0.8608638048171997
7946,2,DRUSEN,2,1,0.4152904450893402
7947,2,DRUSEN,2,1,0.6328606009483337
7948,2,DRUSEN,2,1,0.606673538684845
7949,2,DRUSEN,2,1,0.5648386478424072
7950,2,DRUSEN,3,0,0.36427414417266846
7951,2,DRUSEN,2,1,0.46434280276298523
7952,2,DRUSEN,2,1,0.6678956747055054
7953,2,DRUSEN,2,1,0.7789369225502014
7954,2,DRUSEN,2,1,0.5552829504013062
7955,2,DRUSEN,2,1,0.7250407934188843
7956,2,DRUSEN,2,1,0.6681467294692993
7957,2,DRUSEN,2,1,0.41389888525009155
7958,2,DRUSEN,2,1,0.6761699914932251
7959,2,DRUSEN,2,1,0.4791901707649231
7960,2,DRUSEN,2,1,0.6709757447242737
7961,2,DRUSEN,2,1,0.5690014362335205
7962,2,DRUSEN,2,1,0.6330164670944214
7963,2,DRUSEN,2,1,0.49798616766929626
7964,2,DRUSEN,2,1,0.785912036895752
7965,2,DRUSEN,2,1,0.792256236076355
7966,2,DRUSEN,2,1,0.4275735318660736
7967,2,DRUSEN,2,1,0.7642109394073486
7968,2,DRUSEN,2,1,0.5266585350036621
7969,2,DRUSEN,2,1,0.5362204313278198
7970,2,DRUSEN,2,1,0.7499479651451111
7971,2,DRUSEN,2,1,0.801338255405426
7972,2,DRUSEN,2,1,0.5490683913230896
7973,2,DRUSEN,2,1,0.6692849397659302
7974,2,DRUSEN,2,1,0.7788320779800415
7975,2,DRUSEN,2,1,0.5498971343040466
7976,2,DRUSEN,2,1,0.5138989686965942
7977,2,DRUSEN,2,1,0.6166868209838867
7978,2,DRUSEN,2,1,0.7047412395477295
7979,2,DRUSEN,2,1,0.7642602920532227
7980,2,DRUSEN,3,0,0.751872718334198
7981,2,DRUSEN,2,1,0.7843999266624451
7982,2,DRUSEN,0,0,0.7636814117431641
7983,2,DRUSEN,2,1,0.6003507375717163
7984,2,DRUSEN,2,1,0.4644145667552948
7985,2,DRUSEN,2,1,0.7106969952583313
7986,2,DRUSEN,2,1,0.41888687014579773
7987,2,DRUSEN,2,1,0.6566436290740967
7988,2,DRUSEN,0,0,0.23319120705127716
7989,2,DRUSEN,2,1,0.5334702730178833
7990,2,DRUSEN,2,1,0.6631394028663635
7991,2,DRUSEN,2,1,0.6466172933578491
7992,2,DRUSEN,2,1,0.8285713791847229
7993,2,DRUSEN,2,1,0.6224678754806519
7994,2,DRUSEN,3,0,0.15153400599956512
7995,2,DRUSEN,2,1,0.5988927483558655
7996,2,DRUSEN,2,1,0.7396592497825623
7997,2,DRUSEN,2,1,0.6121606230735779
7998,2,DRUSEN,2,1,0.44898098707199097
7999,2,DRUSEN,2,1,0.7312982082366943
8000,2,DRUSEN,2,1,0.8299383521080017
8001,2,DRUSEN,2,1,0.6520774364471436
8002,2,DRUSEN,2,1,0.7327297329902649
8003,2,DRUSEN,2,1,0.7486636638641357
8004,2,DRUSEN,2,1,0.7554596662521362
8005,2,DRUSEN,2,1,0.663786768913269
8006,2,DRUSEN,2,1,0.6682526469230652
8007,2,DRUSEN,3,0,0.6664465069770813
8008,2,DRUSEN,2,1,0.5448563098907471
8009,2,DRUSEN,2,1,0.5512279272079468
8010,2,DRUSEN,2,1,0.6118588447570801
8011,2,DRUSEN,2,1,0.6657930612564087
8012,2,DRUSEN,2,1,0.8103452920913696
8013,2,DRUSEN,2,1,0.553193986415863
8014,2,DRUSEN,2,1,0.7652957439422607
8015,2,DRUSEN,2,1,0.6945596933364868
8016,2,DRUSEN,2,1,0.7142223119735718
8017,2,DRUSEN,2,1,0.7118331789970398
8018,2,DRUSEN,0,0,0.3370029032230377
8019,2,DRUSEN,0,0,0.34429940581321716
8020,2,DRUSEN,2,1,0.6774189472198486
8021,2,DRUSEN,2,1,0.6256647109985352
8022,2,DRUSEN,2,1,0.5430170893669128
8023,2,DRUSEN,2,1,0.7742581367492676
8024,2,DRUSEN,2,1,0.5539813041687012
8025,2,DRUSEN,2,1,0.5882372260093689
8026,2,DRUSEN,2,1,0.41445422172546387
8027,2,DRUSEN,2,1,0.7017161846160889
8028,2,DRUSEN,2,1,0.7604222893714905
8029,2,DRUSEN,2,1,0.6922507882118225
8030,2,DRUSEN,2,1,0.6003506183624268
8031,2,DRUSEN,2,1,0.6550093293190002
8032,2,DRUSEN,2,1,0.7149590849876404
8033,2,DRUSEN,2,1,0.6298245787620544
8034,2,DRUSEN,2,1,0.5318395495414734
8035,2,DRUSEN,2,1,0.6762737035751343
8036,2,DRUSEN,2,1,0.6813463568687439
8037,2,DRUSEN,2,1,0.20345818996429443
8038,2,DRUSEN,2,1,0.6069273352622986
8039,2,DRUSEN,2,1,0.7694005370140076
8040,2,DRUSEN,2,1,0.5210156440734863
8041,2,DRUSEN,2,1,0.5329717397689819
8042,2,DRUSEN,2,1,0.5465750098228455
8043,2,DRUSEN,2,1,0.7283865213394165
8044,2,DRUSEN,2,1,0.5905573964118958
8045,2,DRUSEN,2,1,0.691261351108551
8046,2,DRUSEN,3,0,0.6952577233314514
8047,2,DRUSEN,1,0,0.24426645040512085
8048,2,DRUSEN,2,1,0.691421389579773
8049,2,DRUSEN,2,1,0.4487210810184479
8050,2,DRUSEN,2,1,0.7338215112686157
8051,2,DRUSEN,2,1,0.7403374910354614
8052,2,DRUSEN,2,1,0.6553131341934204
8053,2,DRUSEN,2,1,0.46170881390571594
8054,2,DRUSEN,3,0,0.7147788405418396
8055,2,DRUSEN,2,1,0.5061704516410828
8056,2,DRUSEN,0,0,0.7144712209701538
8057,2,DRUSEN,2,1,0.6332993507385254
8058,2,DRUSEN,2,1,0.7080302238464355
8059,2,DRUSEN,2,1,0.7562813758850098
8060,2,DRUSEN,0,0,0.619270384311676
8061,2,DRUSEN,2,1,0.7556095719337463
8062,2,DRUSEN,2,1,0.7083669304847717
8063,2,DRUSEN,2,1,0.697972297668457
8064,2,DRUSEN,2,1,0.8076383471488953
8065,2,DRUSEN,2,1,0.7946650385856628
8066,2,DRUSEN,2,1,0.7636500000953674
8067,2,DRUSEN,2,1,0.4790234863758087
8068,2,DRUSEN,2,1,0.6937808990478516
8069,2,DRUSEN,2,1,0.5934009552001953
8070,2,DRUSEN,2,1,0.5184957385063171
8071,2,DRUSEN,2,1,0.6444571018218994
8072,2,DRUSEN,2,1,0.6716349720954895
8073,2,DRUSEN,2,1,0.605697512626648
8074,2,DRUSEN,2,1,0.6193874478340149
8075,2,DRUSEN,2,1,0.5714974999427795
8076,2,DRUSEN,3,0,0.6334652900695801
8077,2,DRUSEN,2,1,0.44582003355026245
8078,2,DRUSEN,2,1,0.5540032386779785
8079,2,DRUSEN,2,1,0.745094895362854
8080,2,DRUSEN,2,1,0.6840177178382874
8081,2,DRUSEN,2,1,0.5559605360031128
8082,2,DRUSEN,2,1,0.3141131103038788
8083,2,DRUSEN,2,1,0.49807533621788025
8084,2,DRUSEN,2,1,0.6737780570983887
8085,2,DRUSEN,2,1,0.5614690184593201
8086,2,DRUSEN,2,1,0.5473337769508362
8087,2,DRUSEN,2,1,0.6444020867347717
8088,2,DRUSEN,0,0,0.5966070294380188
8089,2,DRUSEN,2,1,0.7027509212493896
8090,2,DRUSEN,2,1,0.47223350405693054
8091,2,DRUSEN,2,1,0.38959890604019165
8092,2,DRUSEN,2,1,0.4844580590724945
8093,2,DRUSEN,2,1,0.6124023199081421
8094,2,DRUSEN,2,1,0.719832718372345
8095,2,DRUSEN,2,1,0.7155450582504272
8096,2,DRUSEN,2,1,0.587103545665741
8097,2,DRUSEN,2,1,0.649531364440918
8098,2,DRUSEN,2,1,0.6410990357398987
8099,2,DRUSEN,2,1,0.7991630434989929
8100,2,DRUSEN,2,1,0.7117955088615417
8101,2,DRUSEN,2,1,0.2890404164791107
8102,2,DRUSEN,3,0,0.8144030570983887
8103,2,DRUSEN,2,1,0.7253556251525879
8104,2,DRUSEN,2,1,0.613667368888855
8105,2,DRUSEN,2,1,0.593403160572052
8106,2,DRUSEN,2,1,0.7239949107170105
8107,2,DRUSEN,2,1,0.7408053874969482
8108,2,DRUSEN,2,1,0.6404989957809448
8109,2,DRUSEN,2,1,0.408269464969635
8110,2,DRUSEN,2,1,0.7224287986755371
8111,2,DRUSEN,3,0,0.8087853789329529
8112,2,DRUSEN,2,1,0.43753182888031006
8113,2,DRUSEN,2,1,0.7020168304443359
8114,2,DRUSEN,2,1,0.8320856094360352
8115,2,DRUSEN,2,1,0.5130801200866699
8116,2,DRUSEN,2,1,0.5163846611976624
8117,2,DRUSEN,2,1,0.5895592570304871
8118,2,DRUSEN,2,1,0.30695638060569763
8119,2,DRUSEN,2,1,0.6376973986625671
8120,2,DRUSEN,1,0,0.33306458592414856
8121,2,DRUSEN,2,1,0.7279735803604126
8122,2,DRUSEN,0,0,0.7482894659042358
8123,2,DRUSEN,2,1,0.5319825410842896
8124,2,DRUSEN,2,1,0.7117866277694702
8125,2,DRUSEN,2,1,0.4573734700679779
8126,2,DRUSEN,2,1,0.7470663189888
8127,2,DRUSEN,2,1,0.6279433965682983
8128,2,DRUSEN,2,1,0.7593936920166016
8129,2,DRUSEN,2,1,0.7685357928276062
8130,2,DRUSEN,2,1,0.6759384870529175
8131,2,DRUSEN,2,1,0.6980136036872864
8132,2,DRUSEN,2,1,0.42693284153938293
8133,2,DRUSEN,2,1,0.5791207551956177
8134,2,DRUSEN,2,1,0.5316171646118164
8135,2,DRUSEN,2,1,0.8142327070236206
8136,2,DRUSEN,2,1,0.6306129097938538
8137,2,DRUSEN,2,1,0.7145353555679321
8138,2,DRUSEN,2,1,0.5264097452163696
8139,2,DRUSEN,2,1,0.6610246300697327
8140,2,DRUSEN,2,1,0.7326428890228271
8141,2,DRUSEN,2,1,0.5963197350502014
8142,2,DRUSEN,2,1,0.7713964581489563
8143,2,DRUSEN,2,1,0.6962684392929077
8144,2,DRUSEN,2,1,0.41635048389434814
8145,2,DRUSEN,2,1,0.7057226300239563
8146,2,DRUSEN,2,1,0.7845386266708374
8147,2,DRUSEN,2,1,0.6588655710220337
8148,2,DRUSEN,2,1,0.6697371602058411
8149,2,DRUSEN,2,1,0.7577570080757141
8150,2,DRUSEN,3,0,0.7259860634803772
8151,2,DRUSEN,2,1,0.5990468263626099
8152,2,DRUSEN,2,1,0.5925808548927307
8153,2,DRUSEN,2,1,0.8147825002670288
8154,2,DRUSEN,2,1,0.7055362462997437
8155,2,DRUSEN,2,1,0.7194557785987854
8156,2,DRUSEN,2,1,0.5483335852622986
8157,2,DRUSEN,2,1,0.7930521965026855
8158,2,DRUSEN,2,1,0.4885435402393341
8159,2,DRUSEN,2,1,0.7738445997238159
8160,2,DRUSEN,2,1,0.6540666818618774
8161,2,DRUSEN,2,1,0.6173487901687622
8162,2,DRUSEN,2,1,0.44399943947792053
8163,2,DRUSEN,2,1,0.689454972743988
8164,2,DRUSEN,2,1,0.5595194101333618
8165,2,DRUSEN,2,1,0.7063032984733582
8166,2,DRUSEN,2,1,0.7180521488189697
8167,2,DRUSEN,2,1,0.5361442565917969
8168,2,DRUSEN,2,1,0.7770808339118958
8169,2,DRUSEN,2,1,0.6567218899726868
8170,2,DRUSEN,2,1,0.7180898189544678
8171,2,DRUSEN,2,1,0.5931570529937744
8172,2,DRUSEN,2,1,0.8537304997444153
8173,2,DRUSEN,2,1,0.7230556011199951
8174,2,DRUSEN,2,1,0.5456725358963013
8175,2,DRUSEN,2,1,0.5941398739814758
8176,2,DRUSEN,2,1,0.5827035307884216
8177,2,DRUSEN,2,1,0.6334502100944519
8178,2,DRUSEN,3,0,0.8301249742507935
8179,2,DRUSEN,2,1,0.5676226615905762
8180,2,DRUSEN,2,1,0.6189810633659363
8181,2,DRUSEN,2,1,0.6731976866722107
8182,2,DRUSEN,2,1,0.74360591173172
8183,2,DRUSEN,2,1,0.6962933540344238
8184,2,DRUSEN,2,1,0.6679760813713074
8185,2,DRUSEN,2,1,0.6550970077514648
8186,2,DRUSEN,2,1,0.7893491387367249
8187,2,DRUSEN,0,0,0.7743712067604065
8188,2,DRUSEN,2,1,0.6519002914428711
8189,2,DRUSEN,2,1,0.7687925696372986
8190,2,DRUSEN,2,1,0.6483936309814453
8191,2,DRUSEN,2,1,0.762040913105011
8192,2,DRUSEN,2,1,0.7219464778900146
8193,2,DRUSEN,3,0,0.5822746753692627
8194,2,DRUSEN,2,1,0.5768460631370544
8195,2,DRUSEN,2,1,0.6502193212509155
8196,2,DRUSEN,2,1,0.722652792930603
8197,2,DRUSEN,2,1,0.5272249579429626
8198,2,DRUSEN,2,1,0.591399610042572
8199,2,DRUSEN,2,1,0.6642179489135742
8200,2,DRUSEN,2,1,0.4225896894931793
8201,2,DRUSEN,3,0,0.7518602609634399
8202,2,DRUSEN,2,1,0.7267089486122131
8203,2,DRUSEN,2,1,0.6205583214759827
8204,2,DRUSEN,1,0,0.0
8205,2,DRUSEN,2,1,0.7579134702682495
8206,2,DRUSEN,2,1,0.5201187133789062
8207,2,DRUSEN,2,1,0.6702529191970825
8208,2,DRUSEN,2,1,0.7498228549957275
8209,2,DRUSEN,2,1,0.8106487393379211
8210,2,DRUSEN,2,1,0.8033682703971863
8211,2,DRUSEN,2,1,0.48262083530426025
8212,2,DRUSEN,2,1,0.6554163098335266
8213,2,DRUSEN,2,1,0.44944071769714355
8214,2,DRUSEN,2,1,0.6341786980628967
8215,2,DRUSEN,2,1,0.8466367721557617
8216,2,DRUSEN,2,1,0.5933911800384521
8217,2,DRUSEN,2,1,0.7732405662536621
8218,2,DRUSEN,2,1,0.634531557559967
8219,2,DRUSEN,2,1,0.4734054505825043
8220,2,DRUSEN,2,1,0.6545533537864685
8221,2,DRUSEN,2,1,0.6150807738304138
8222,2,DRUSEN,2,1,0.7309240698814392
8223,2,DRUSEN,2,1,0.47078055143356323
8224,2,DRUSEN,2,1,0.5159809589385986
8225,2,DRUSEN,2,1,0.18306350708007812
8226,2,DRUSEN,0,0,0.5114055871963501
8227,2,DRUSEN,2,1,0.7263907194137573
8228,2,DRUSEN,2,1,0.6898410320281982
8229,2,DRUSEN,2,1,0.6398736238479614
8230,2,DRUSEN,2,1,0.5375463366508484
8231,2,DRUSEN,2,1,0.835446834564209
8232,2,DRUSEN,2,1,0.45350027084350586
8233,2,DRUSEN,2,1,0.76522296667099
8234,2,DRUSEN,2,1,0.5933660864830017
8235,2,DRUSEN,2,1,0.419918417930603
8236,2,DRUSEN,3,0,0.36667177081108093
8237,2,DRUSEN,0,0,0.4239993691444397
8238,2,DRUSEN,2,1,0.7865502834320068
8239,2,DRUSEN,2,1,0.5701190829277039
8240,2,DRUSEN,2,1,0.7128623127937317
8241,2,DRUSEN,2,1,0.6391931176185608
8242,2,DRUSEN,2,1,0.569298267364502
8243,2,DRUSEN,2,1,0.6374562382698059
8244,2,DRUSEN,2,1,0.6004147529602051
8245,2,DRUSEN,2,1,0.7231845855712891
8246,2,DRUSEN,0,0,0.7030555009841919
8247,2,DRUSEN,2,1,0.6049053072929382
8248,2,DRUSEN,2,1,0.6284199357032776
8249,2,DRUSEN,2,1,0.6129549145698547
8250,2,DRUSEN,2,1,0.7398863434791565
8251,2,DRUSEN,2,1,0.6518803238868713
8252,2,DRUSEN,2,1,0.6841751337051392
8253,2,DRUSEN,2,1,0.5272148847579956
8254,2,DRUSEN,2,1,0.5844665765762329
8255,2,DRUSEN,2,1,0.6328606009483337
8256,2,DRUSEN,2,1,0.7443118095397949
8257,2,DRUSEN,2,1,0.5326988697052002
8258,2,DRUSEN,3,0,0.5848879218101501
8259,2,DRUSEN,2,1,0.5962006449699402
8260,2,DRUSEN,2,1,0.6166280508041382
8261,2,DRUSEN,2,1,0.7610448002815247
8262,2,DRUSEN,2,1,0.7290661931037903
8263,2,DRUSEN,2,1,0.7409612536430359
8264,2,DRUSEN,2,1,0.5253757238388062
8265,2,DRUSEN,2,1,0.20439569652080536
8266,2,DRUSEN,2,1,0.6866028904914856
8267,2,DRUSEN,2,1,0.7986049652099609
8268,2,DRUSEN,2,1,0.7318110466003418
8269,2,DRUSEN,2,1,0.43888285756111145
8270,2,DRUSEN,2,1,0.7352142333984375
8271,2,DRUSEN,2,1,0.6666432023048401
8272,2,DRUSEN,2,1,0.7352609038352966
8273,2,DRUSEN,2,1,0.7348672747612
8274,2,DRUSEN,2,1,0.47719714045524597
8275,2,DRUSEN,2,1,0.5025817155838013
8276,2,DRUSEN,2,1,0.6260683536529541
8277,2,DRUSEN,2,1,0.3336663842201233
8278,2,DRUSEN,2,1,0.4585946798324585
8279,2,DRUSEN,2,1,0.5332174897193909
8280,2,DRUSEN,2,1,0.6447556614875793
8281,2,DRUSEN,2,1,0.4200965166091919
8282,2,DRUSEN,2,1,0.7079930305480957
8283,2,DRUSEN,2,1,0.6696940660476685
8284,2,DRUSEN,2,1,0.3071655035018921
8285,2,DRUSEN,2,1,0.21409498155117035
8286,2,DRUSEN,2,1,0.6754994988441467
8287,2,DRUSEN,3,0,0.8119089007377625
8288,2,DRUSEN,2,1,0.7014527916908264
8289,2,DRUSEN,2,1,0.6708967089653015
8290,2,DRUSEN,2,1,0.7221730947494507
8291,2,DRUSEN,2,1,0.6577184200286865
8292,2,DRUSEN,2,1,0.4983570873737335
8293,2,DRUSEN,2,1,0.6285090446472168
8294,2,DRUSEN,2,1,0.6639178991317749
8295,2,DRUSEN,2,1,0.5450468063354492
8296,2,DRUSEN,2,1,0.6240367889404297
8297,2,DRUSEN,2,1,0.6794100403785706
8298,2,DRUSEN,3,0,0.8574520945549011
8299,2,DRUSEN,2,1,0.7747668027877808
8300,2,DRUSEN,2,1,0.7593164443969727
8301,2,DRUSEN,2,1,0.7304815649986267
8302,2,DRUSEN,2,1,0.5090945959091187
8303,2,DRUSEN,2,1,0.6349673867225647
8304,2,DRUSEN,2,1,0.43852487206459045
8305,2,DRUSEN,2,1,0.6244097948074341
8306,2,DRUSEN,2,1,0.5311591625213623
8307,2,DRUSEN,2,1,0.5717934966087341
8308,2,DRUSEN,2,1,0.6259121298789978
8309,2,DRUSEN,2,1,0.5601743459701538
8310,2,DRUSEN,0,0,0.5881054997444153
8311,2,DRUSEN,2,1,0.7364835739135742
8312,2,DRUSEN,2,1,0.7507331371307373
8313,2,DRUSEN,2,1,0.77373206615448
8314,2,DRUSEN,2,1,0.757820725440979
8315,2,DRUSEN,2,1,0.5771235227584839
8316,2,DRUSEN,2,1,0.8480553030967712
8317,2,DRUSEN,2,1,0.5811040997505188
8318,2,DRUSEN,2,1,0.63563072681427
8319,2,DRUSEN,2,1,0.537597119808197
8320,2,DRUSEN,2,1,0.7171996235847473
8321,2,DRUSEN,2,1,0.6533627510070801
8322,2,DRUSEN,2,1,0.761570155620575
8323,2,DRUSEN,2,1,0.5394896864891052
8324,2,DRUSEN,2,1,0.49350547790527344
8325,2,DRUSEN,2,1,0.7187490463256836
8326,2,DRUSEN,2,1,0.6773421168327332
8327,2,DRUSEN,2,1,0.6496539115905762
8328,2,DRUSEN,2,1,0.44437161087989807
8329,2,DRUSEN,2,1,0.22686390578746796
8330,2,DRUSEN,2,1,0.748489260673523
8331,2,DRUSEN,2,1,0.6527128219604492
8332,2,DRUSEN,2,1,0.5994426012039185
8333,2,DRUSEN,3,0,0.5355878472328186
8334,2,DRUSEN,2,1,0.5148173570632935
8335,2,DRUSEN,1,0,0.2606925070285797
8336,2,DRUSEN,2,1,0.7391688227653503
8337,2,DRUSEN,2,1,0.6005251407623291
8338,2,DRUSEN,0,0,0.5902729034423828
8339,2,DRUSEN,2,1,0.6742908358573914
8340,2,DRUSEN,2,1,0.5901620388031006
8341,2,DRUSEN,2,1,0.7365688681602478
8342,2,DRUSEN,2,1,0.5588822364807129
8343,2,DRUSEN,2,1,0.5992978811264038
8344,2,DRUSEN,2,1,0.7410058975219727
8345,2,DRUSEN,2,1,0.7760820984840393
8346,2,DRUSEN,2,1,0.7316747307777405
8347,2,DRUSEN,2,1,0.7469791173934937
8348,2,DRUSEN,2,1,0.6636846661567688
8349,2,DRUSEN,2,1,0.2529674470424652
8350,2,DRUSEN,2,1,0.6261848211288452
8351,2,DRUSEN,2,1,0.6719236373901367
8352,2,DRUSEN,2,1,0.46828311681747437
8353,2,DRUSEN,2,1,0.7591848969459534
8354,2,DRUSEN,2,1,0.643537163734436
8355,2,DRUSEN,2,1,0.6508963108062744
8356,2,DRUSEN,2,1,0.7160050868988037
8357,2,DRUSEN,2,1,0.6730114221572876
8358,2,DRUSEN,2,1,0.6856051087379456
8359,2,DRUSEN,2,1,0.6043709516525269
8360,2,DRUSEN,2,1,0.7215777039527893
8361,2,DRUSEN,3,0,0.47081372141838074
8362,2,DRUSEN,2,1,0.5774447917938232
8363,2,DRUSEN,2,1,0.5667079091072083
8364,2,DRUSEN,2,1,0.5633349418640137
8365,2,DRUSEN,2,1,0.702800989151001
8366,2,DRUSEN,2,1,0.5489319562911987
8367,2,DRUSEN,3,0,0.8652802109718323
8368,2,DRUSEN,2,1,0.49712586402893066
8369,2,DRUSEN,2,1,0.5740898847579956
8370,2,DRUSEN,2,1,0.6247173547744751
8371,2,DRUSEN,2,1,0.7408040165901184
8372,2,DRUSEN,2,1,0.7342419624328613
8373,2,DRUSEN,2,1,0.4903275966644287
8374,2,DRUSEN,0,0,0.7085459232330322
8375,2,DRUSEN,2,1,0.6359440684318542
8376,2,DRUSEN,2,1,0.6006209254264832
8377,2,DRUSEN,2,1,0.6377103328704834
8378,2,DRUSEN,2,1,0.7526456117630005
8379,2,DRUSEN,2,1,0.6823918223381042
8380,2,DRUSEN,2,1,0.7299133539199829
8381,2,DRUSEN,2,1,0.6489154696464539
8382,2,DRUSEN,2,1,0.5016642808914185
8383,2,DRUSEN,2,1,0.5378108620643616
8384,2,DRUSEN,2,1,0.5976288318634033
8385,2,DRUSEN,2,1,0.739004373550415
8386,2,DRUSEN,2,1,0.6540918350219727
8387,2,DRUSEN,2,1,0.7705997824668884
8388,2,DRUSEN,2,1,0.6669716835021973
8389,2,DRUSEN,2,1,0.5981703996658325
8390,2,DRUSEN,2,1,0.7155544757843018
8391,2,DRUSEN,2,1,0.7660250067710876
8392,2,DRUSEN,2,1,0.7746574878692627
8393,2,DRUSEN,2,1,0.5479037165641785
8394,2,DRUSEN,2,1,0.6668515801429749
8395,2,DRUSEN,2,1,0.6913056373596191
8396,2,DRUSEN,2,1,0.6043867468833923
8397,2,DRUSEN,2,1,0.7813902497291565
8398,2,DRUSEN,2,1,0.6705020666122437
8399,2,DRUSEN,2,1,0.7464489340782166
8400,2,DRUSEN,2,1,0.739179253578186
8401,2,DRUSEN,2,1,0.5115890502929688
8402,2,DRUSEN,2,1,0.5145744681358337
8403,2,DRUSEN,2,1,0.591292679309845
8404,2,DRUSEN,2,1,0.7122260928153992
8405,2,DRUSEN,2,1,0.6809008121490479
8406,2,DRUSEN,2,1,0.558948278427124
8407,2,DRUSEN,2,1,0.5264396667480469
8408,2,DRUSEN,2,1,0.615273654460907
8409,2,DRUSEN,2,1,0.6995239853858948
8410,2,DRUSEN,2,1,0.7899348735809326
8411,2,DRUSEN,2,1,0.5483335256576538
8412,2,DRUSEN,2,1,0.6268221735954285
8413,2,DRUSEN,3,0,0.7423890233039856
8414,2,DRUSEN,2,1,0.6623897552490234
8415,2,DRUSEN,2,1,0.7367274761199951
8416,2,DRUSEN,2,1,0.4728546142578125
8417,2,DRUSEN,2,1,0.5514975786209106
8418,2,DRUSEN,2,1,0.7308360934257507
8419,2,DRUSEN,2,1,0.5250465273857117
8420,2,DRUSEN,2,1,0.7010024189949036
8421,2,DRUSEN,2,1,0.6848176717758179
8422,2,DRUSEN,2,1,0.7283843159675598
8423,2,DRUSEN,2,1,0.67428058385849
8424,2,DRUSEN,2,1,0.5772730708122253
8425,2,DRUSEN,2,1,0.5969589948654175
8426,2,DRUSEN,2,1,0.7112473249435425
8427,2,DRUSEN,2,1,0.6852678656578064
8428,2,DRUSEN,2,1,0.7954842448234558
8429,2,DRUSEN,2,1,0.7084491848945618
8430,2,DRUSEN,2,1,0.5588752031326294
8431,2,DRUSEN,2,1,0.7140586972236633
8432,2,DRUSEN,2,1,0.7008230686187744
8433,2,DRUSEN,2,1,0.5826276540756226
8434,2,DRUSEN,2,1,0.6579697728157043
8435,2,DRUSEN,2,1,0.7208521962165833
8436,2,DRUSEN,2,1,0.7141329646110535
8437,2,DRUSEN,2,1,0.6710501313209534
8438,2,DRUSEN,2,1,0.438362181186676
8439,2,DRUSEN,2,1,0.7382074594497681
8440,2,DRUSEN,2,1,0.4715888798236847
8441,2,DRUSEN,2,1,0.7718716859817505
8442,2,DRUSEN,2,1,0.5704517960548401
8443,2,DRUSEN,2,1,0.424439013004303
8444,2,DRUSEN,2,1,0.5188782811164856
8445,2,DRUSEN,2,1,0.5902994871139526
8446,2,DRUSEN,2,1,0.5052080154418945
8447,2,DRUSEN,2,1,0.8208122849464417
8448,2,DRUSEN,2,1,0.39949774742126465
8449,2,DRUSEN,2,1,0.7211285829544067
8450,2,DRUSEN,2,1,0.502212405204773
8451,2,DRUSEN,2,1,0.7130871415138245
8452,2,DRUSEN,2,1,0.40381303429603577
8453,2,DRUSEN,2,1,0.6023861765861511
8454,2,DRUSEN,2,1,0.6861740350723267
8455,2,DRUSEN,2,1,0.7629410624504089
8456,2,DRUSEN,2,1,0.7540647983551025
8457,2,DRUSEN,2,1,0.6076413989067078
8458,2,DRUSEN,2,1,0.6819173097610474
8459,2,DRUSEN,2,1,0.26457470655441284
8460,2,DRUSEN,2,1,0.6562445163726807
8461,2,DRUSEN,2,1,0.46022874116897583
8462,2,DRUSEN,2,1,0.9578840136528015
8463,2,DRUSEN,2,1,0.5006324052810669
8464,2,DRUSEN,2,1,0.6994463801383972
8465,2,DRUSEN,2,1,0.6290384531021118
8466,2,DRUSEN,2,1,0.5647904872894287
8467,2,DRUSEN,2,1,0.602378785610199
8468,2,DRUSEN,2,1,0.5683242678642273
8469,2,DRUSEN,2,1,0.6286742687225342
8470,2,DRUSEN,2,1,0.5717055201530457
8471,2,DRUSEN,2,1,0.3449398875236511
8472,2,DRUSEN,2,1,0.32593047618865967
8473,2,DRUSEN,2,1,0.7564629316329956
8474,2,DRUSEN,2,1,0.6606678366661072
8475,2,DRUSEN,2,1,0.6618452072143555
8476,2,DRUSEN,2,1,0.5434656739234924
8477,2,DRUSEN,3,0,0.7758035063743591
8478,2,DRUSEN,3,0,0.6450644731521606
8479,2,DRUSEN,3,0,0.6208198666572571
8480,2,DRUSEN,0,0,0.48671579360961914
8481,2,DRUSEN,2,1,0.6211437582969666
8482,2,DRUSEN,2,1,0.82527095079422
8483,2,DRUSEN,1,0,0.8846459984779358
8484,2,DRUSEN,2,1,0.5853841304779053
8485,2,DRUSEN,2,1,0.5308804512023926
8486,2,DRUSEN,2,1,0.7428109049797058
8487,2,DRUSEN,2,1,0.7509726881980896
8488,2,DRUSEN,2,1,0.6199623942375183
8489,2,DRUSEN,2,1,0.5349544882774353
8490,2,DRUSEN,2,1,0.713546633720398
8491,2,DRUSEN,2,1,0.6232518553733826
8492,2,DRUSEN,2,1,0.7210678458213806
8493,2,DRUSEN,2,1,0.6994485855102539
8494,2,DRUSEN,2,1,0.6083757877349854
8495,2,DRUSEN,2,1,0.7483975887298584
8496,2,DRUSEN,2,1,0.4528621435165405
8497,2,DRUSEN,2,1,0.5898993015289307
8498,2,DRUSEN,2,1,0.7641767859458923
8499,2,DRUSEN,2,1,0.8667307496070862
8500,2,DRUSEN,2,1,0.5947185754776001
8501,2,DRUSEN,2,1,0.7434059381484985
8502,2,DRUSEN,2,1,0.7076985836029053
8503,2,DRUSEN,2,1,0.557190477848053
8504,2,DRUSEN,2,1,0.6610655188560486
8505,2,DRUSEN,2,1,0.6776204705238342
8506,2,DRUSEN,2,1,0.2903271019458771
8507,2,DRUSEN,2,1,0.6566680669784546
8508,2,DRUSEN,2,1,0.7487101554870605
8509,2,DRUSEN,0,0,0.5056942105293274
8510,2,DRUSEN,0,0,0.4517461657524109
8511,2,DRUSEN,2,1,0.6862484216690063
8512,2,DRUSEN,2,1,0.6790893077850342
8513,2,DRUSEN,2,1,0.5903492569923401
8514,2,DRUSEN,2,1,0.6691402196884155
8515,2,DRUSEN,2,1,0.6926671266555786
8516,2,DRUSEN,2,1,0.6067922115325928
8517,2,DRUSEN,2,1,0.6580666899681091
8518,2,DRUSEN,2,1,0.5226392149925232
8519,2,DRUSEN,2,1,0.5678916573524475
8520,2,DRUSEN,2,1,0.6663107872009277
8521,2,DRUSEN,2,1,0.6691805124282837
8522,2,DRUSEN,2,1,0.8149814009666443
8523,2,DRUSEN,2,1,0.64767986536026
8524,2,DRUSEN,2,1,0.756550133228302
8525,2,DRUSEN,2,1,0.7291527986526489
8526,2,DRUSEN,2,1,0.5257503390312195
8527,2,DRUSEN,2,1,0.7138562202453613
8528,2,DRUSEN,2,1,0.4153101146221161
8529,2,DRUSEN,2,1,0.37837889790534973
8530,2,DRUSEN,2,1,0.5519435405731201
8531,2,DRUSEN,2,1,0.7752417922019958
8532,2,DRUSEN,2,1,0.5676263570785522
8533,2,DRUSEN,2,1,0.7780717015266418
8534,2,DRUSEN,2,1,0.6761735081672668
8535,2,DRUSEN,2,1,0.5482742786407471
8536,2,DRUSEN,2,1,0.5469897985458374
8537,2,DRUSEN,2,1,0.23661686480045319
8538,2,DRUSEN,2,1,0.6195430755615234
8539,2,DRUSEN,2,1,0.6076178550720215
8540,2,DRUSEN,2,1,0.6488414406776428
8541,2,DRUSEN,0,0,0.7990997433662415
8542,2,DRUSEN,2,1,0.45202523469924927
8543,2,DRUSEN,2,1,0.5822315216064453
8544,2,DRUSEN,2,1,0.5554636716842651
8545,2,DRUSEN,2,1,0.8028548955917358
8546,2,DRUSEN,2,1,0.6001380085945129
8547,2,DRUSEN,2,1,0.6467183828353882
8548,2,DRUSEN,0,0,0.3603552579879761
8549,2,DRUSEN,2,1,0.6780238747596741
8550,2,DRUSEN,2,1,0.6706676483154297
8551,2,DRUSEN,2,1,0.5129323601722717
8552,2,DRUSEN,2,1,0.5947185754776001
8553,2,DRUSEN,2,1,0.6752098202705383
8554,2,DRUSEN,2,1,0.6831154823303223
8555,2,DRUSEN,2,1,0.7354881763458252
8556,2,DRUSEN,0,0,0.4111822843551636
8557,2,DRUSEN,2,1,0.633070170879364
8558,2,DRUSEN,2,1,0.7596045136451721
8559,2,DRUSEN,2,1,0.5480583310127258
8560,2,DRUSEN,2,1,0.6105235815048218
8561,2,DRUSEN,2,1,0.731916606426239
8562,2,DRUSEN,2,1,0.7564958930015564
8563,2,DRUSEN,2,1,0.7083669304847717
8564,2,DRUSEN,2,1,0.7872390151023865
8565,2,DRUSEN,2,1,0.7423799633979797
8566,2,DRUSEN,2,1,0.6159606575965881
8567,2,DRUSEN,0,0,0.4202485978603363
8568,2,DRUSEN,0,0,0.7030690312385559
8569,2,DRUSEN,2,1,0.7487257719039917
8570,2,DRUSEN,2,1,0.5933443307876587
8571,2,DRUSEN,2,1,0.7224922180175781
8572,2,DRUSEN,2,1,0.6428766250610352
8573,2,DRUSEN,2,1,0.4548567533493042
8574,2,DRUSEN,2,1,0.5016642808914185
8575,2,DRUSEN,2,1,0.7703099250793457
8576,2,DRUSEN,2,1,0.4329458475112915
8577,2,DRUSEN,2,1,0.7028571963310242
8578,2,DRUSEN,2,1,0.6505491137504578
8579,2,DRUSEN,2,1,0.7244757413864136
8580,2,DRUSEN,2,1,0.7071508169174194
8581,2,DRUSEN,2,1,0.7364340424537659
8582,2,DRUSEN,2,1,0.6562114953994751
8583,2,DRUSEN,2,1,0.6444936394691467
8584,2,DRUSEN,2,1,0.7203305959701538
8585,2,DRUSEN,2,1,0.47945475578308105
8586,2,DRUSEN,2,1,0.4892396926879883
8587,2,DRUSEN,2,1,0.7029399275779724
8588,2,DRUSEN,2,1,0.613722562789917
8589,2,DRUSEN,2,1,0.5770590901374817
8590,2,DRUSEN,2,1,0.5450734496116638
8591,2,DRUSEN,3,0,0.6613895297050476
8592,2,DRUSEN,2,1,0.6745465397834778
8593,2,DRUSEN,0,0,0.4365968108177185
8594,2,DRUSEN,2,1,0.7140389084815979
8595,2,DRUSEN,2,1,0.6182901263237
8596,2,DRUSEN,2,1,0.6218817830085754
8597,2,DRUSEN,2,1,0.6570664048194885
8598,2,DRUSEN,2,1,0.7462188005447388
8599,2,DRUSEN,2,1,0.7679781317710876
8600,2,DRUSEN,2,1,0.7157999873161316
8601,2,DRUSEN,2,1,0.6658998727798462
8602,2,DRUSEN,0,0,0.18253913521766663
8603,2,DRUSEN,2,1,0.5182076692581177
8604,2,DRUSEN,2,1,0.6899573802947998
8605,2,DRUSEN,2,1,0.5933911800384521
8606,2,DRUSEN,2,1,0.7365269660949707
8607,2,DRUSEN,2,1,0.6478803753852844
8608,2,DRUSEN,2,1,0.7625764608383179
8609,2,DRUSEN,2,1,0.589236855506897
8610,2,DRUSEN,2,1,0.6803098320960999
8611,2,DRUSEN,2,1,0.6389195322990417
8612,2,DRUSEN,3,0,0.3137098252773285
8613,2,DRUSEN,2,1,0.718012809753418
8614,2,DRUSEN,2,1,0.5069026947021484
8615,2,DRUSEN,2,1,0.7439848780632019
8616,2,DRUSEN,2,1,0.6882315874099731
8617,2,DRUSEN,2,1,0.7416861653327942
8618,2,DRUSEN,2,1,0.7364642024040222
8619,2,DRUSEN,2,1,0.7720703482627869
8620,2,DRUSEN,3,0,0.6793124675750732
8621,2,DRUSEN,2,1,0.5577248930931091
8622,2,DRUSEN,1,0,0.14607681334018707
8623,2,DRUSEN,2,1,0.5606344938278198
8624,2,DRUSEN,2,1,0.6887037754058838
8625,2,DRUSEN,2,1,0.5945780277252197
8626,2,DRUSEN,2,1,0.7511236667633057
8627,2,DRUSEN,2,1,0.6935870051383972
8628,2,DRUSEN,2,1,0.6588056683540344
8629,2,DRUSEN,2,1,0.5755482316017151
8630,2,DRUSEN,2,1,0.6219981908798218
8631,2,DRUSEN,2,1,0.743164598941803
8632,2,DRUSEN,2,1,0.5388255715370178
8633,2,DRUSEN,2,1,0.5834583044052124
8634,2,DRUSEN,2,1,0.7798281311988831
8635,2,DRUSEN,2,1,0.6933037638664246
8636,2,DRUSEN,2,1,0.5934497714042664
8637,2,DRUSEN,2,1,0.663786768913269
8638,2,DRUSEN,2,1,0.8015013933181763
8639,2,DRUSEN,2,1,0.5599635243415833
8640,2,DRUSEN,2,1,0.5898993015289307
8641,2,DRUSEN,2,1,0.763363778591156
8642,2,DRUSEN,2,1,0.8145120739936829
8643,2,DRUSEN,2,1,0.6761513948440552
8644,2,DRUSEN,2,1,0.7404117584228516
8645,2,DRUSEN,2,1,0.6308735013008118
8646,2,DRUSEN,2,1,0.5886960625648499
8647,2,DRUSEN,2,1,0.47234243154525757
8648,2,DRUSEN,2,1,0.6020324230194092
8649,2,DRUSEN,2,1,0.5633328557014465
8650,2,DRUSEN,0,0,0.2871568500995636
8651,2,DRUSEN,2,1,0.4447939693927765
8652,2,DRUSEN,2,1,0.7123419046401978
8653,2,DRUSEN,2,1,0.39822858572006226
8654,2,DRUSEN,2,1,0.5974313020706177
8655,2,DRUSEN,2,1,0.6523987054824829
8656,2,DRUSEN,2,1,0.6266018748283386
8657,2,DRUSEN,2,1,0.6810832619667053
8658,2,DRUSEN,2,1,0.8127171397209167
8659,2,DRUSEN,2,1,0.7804518938064575
8660,2,DRUSEN,3,0,0.0
8661,2,DRUSEN,2,1,0.7043420076370239
8662,2,DRUSEN,2,1,0.7719663977622986
8663,2,DRUSEN,2,1,0.7369514107704163
8664,2,DRUSEN,2,1,0.7156516909599304
8665,2,DRUSEN,2,1,0.7881485819816589
8666,2,DRUSEN,2,1,0.7167346477508545
8667,2,DRUSEN,2,1,0.5850664377212524
8668,2,DRUSEN,2,1,0.7389158606529236
8669,3,NORMAL,3,1,0.4602365493774414
8670,3,NORMAL,3,1,0.604029655456543
8671,3,NORMAL,3,1,0.4900861382484436
8672,3,NORMAL,3,1,0.541968584060669
8673,3,NORMAL,3,1,0.5663177371025085
8674,3,NORMAL,3,1,0.5967944860458374
8675,3,NORMAL,3,1,0.5997253656387329
8676,3,NORMAL,3,1,0.52489173412323
8677,3,NORMAL,3,1,0.5371320247650146
8678,3,NORMAL,3,1,0.5385332107543945
8679,3,NORMAL,3,1,0.5220767855644226
8680,3,NORMAL,3,1,0.5780345797538757
8681,3,NORMAL,3,1,0.4866487979888916
8682,3,NORMAL,3,1,0.5856309533119202
8683,3,NORMAL,3,1,0.46947720646858215
8684,3,NORMAL,3,1,0.5004315972328186
8685,3,NORMAL,3,1,0.6314398050308228
8686,3,NORMAL,3,1,0.11881615221500397
8687,3,NORMAL,3,1,0.5716082453727722
8688,3,NORMAL,3,1,0.6345015168190002
8689,3,NORMAL,3,1,0.48908156156539917
8690,3,NORMAL,3,1,0.5824620723724365
8691,3,NORMAL,3,1,0.3967992067337036
8692,3,NORMAL,3,1,0.6424124240875244
8693,3,NORMAL,3,1,0.44670164585113525
8694,3,NORMAL,3,1,0.5460039973258972
8695,3,NORMAL,3,1,0.437289297580719
8696,3,NORMAL,3,1,0.5612074732780457
8697,3,NORMAL,3,1,0.605125904083252
8698,3,NORMAL,3,1,0.4258326590061188
8699,3,NORMAL,3,1,0.546654462814331
8700,3,NORMAL,3,1,0.5689669847488403
8701,3,NORMAL,3,1,0.5521001219749451
8702,3,NORMAL,3,1,0.5645654201507568
8703,3,NORMAL,3,1,0.5618831515312195
8704,3,NORMAL,3,1,0.5763758420944214
8705,3,NORMAL,3,1,0.5686546564102173
8706,3,NORMAL,3,1,0.6103668808937073
8707,3,NORMAL,3,1,0.3949010968208313
8708,3,NORMAL,3,1,0.5324825048446655
8709,3,NORMAL,2,0,0.3554540276527405
8710,3,NORMAL,3,1,0.5914438366889954
8711,3,NORMAL,3,1,0.5541484355926514
8712,3,NORMAL,3,1,0.3725668489933014
8713,3,NORMAL,3,1,0.37016716599464417
8714,3,NORMAL,3,1,0.44632357358932495
8715,3,NORMAL,3,1,0.4893079698085785
8716,3,NORMAL,3,1,0.4996092915534973
8717,3,NORMAL,3,1,0.5425674915313721
8718,3,NORMAL,3,1,0.6273117065429688
8719,3,NORMAL,3,1,0.60601806640625
8720,3,NORMAL,3,1,0.1075514480471611
8721,3,NORMAL,3,1,0.5499594807624817
8722,3,NORMAL,3,1,0.5018343329429626
8723,3,NORMAL,3,1,0.6213909983634949
8724,3,NORMAL,3,1,0.6000710725784302
8725,3,NORMAL,3,1,0.440606027841568
8726,3,NORMAL,3,1,0.5756372213363647
8727,3,NORMAL,3,1,0.6710729002952576
8728,3,NORMAL,3,1,0.5732710957527161
8729,3,NORMAL,3,1,0.5907112956047058
8730,3,NORMAL,3,1,0.46893611550331116
8731,3,NORMAL,3,1,0.32967618107795715
8732,3,NORMAL,3,1,0.6273641586303711
8733,3,NORMAL,3,1,0.5535011887550354
8734,3,NORMAL,3,1,0.5251506567001343
8735,3,NORMAL,3,1,0.5138623714447021
8736,3,NORMAL,3,1,0.598266065120697
8737,3,NORMAL,3,1,0.6236133575439453
8738,3,NORMAL,3,1,0.5475643873214722
8739,3,NORMAL,3,1,0.44715866446495056
8740,3,NORMAL,3,1,0.5771960616111755
8741,3,NORMAL,3,1,0.5950261354446411
8742,3,NORMAL,3,1,0.5907989740371704
8743,3,NORMAL,3,1,0.5072281360626221
8744,3,NORMAL,3,1,0.47669583559036255
8745,3,NORMAL,3,1,0.44875454902648926
8746,3,NORMAL,3,1,0.40939363837242126
8747,3,NORMAL,3,1,0.5570961236953735
8748,3,NORMAL,3,1,0.36185672879219055
8749,3,NORMAL,3,1,0.5182161331176758
8750,3,NORMAL,3,1,0.5287317633628845
8751,3,NORMAL,3,1,0.3370118737220764
8752,3,NORMAL,3,1,0.5345449447631836
8753,3,NORMAL,3,1,0.5414015650749207
8754,3,NORMAL,3,1,0.5316280126571655
8755,3,NORMAL,3,1,0.4237111508846283
8756,3,NORMAL,3,1,0.6258527636528015
8757,3,NORMAL,3,1,0.45083338022232056
8758,3,NORMAL,3,1,0.5085975527763367
8759,3,NORMAL,3,1,0.4519135057926178
8760,3,NORMAL,3,1,0.5948850512504578
8761,3,NORMAL,3,1,0.5989793539047241
8762,3,NORMAL,3,1,0.58717280626297
8763,3,NORMAL,3,1,0.49686795473098755
8764,3,NORMAL,3,1,0.31775906682014465
8765,3,NORMAL,3,1,0.4953632950782776
8766,3,NORMAL,3,1,0.565761387348175
8767,3,NORMAL,3,1,0.5314426422119141
8768,3,NORMAL,3,1,0.5829759240150452
8769,3,NORMAL,3,1,0.5792246460914612
8770,3,NORMAL,3,1,0.5616714954376221
8771,3,NORMAL,3,1,0.48854368925094604
8772,3,NORMAL,3,1,0.4646080434322357
8773,3,NORMAL,3,1,0.43107160925865173
8774,3,NORMAL,3,1,0.6527470350265503
8775,3,NORMAL,3,1,0.5607727766036987
8776,3,NORMAL,3,1,0.5166505575180054
8777,3,NORMAL,3,1,0.5924947261810303
8778,3,NORMAL,3,1,0.49605652689933777
8779,3,NORMAL,3,1,0.6370885372161865
8780,3,NORMAL,3,1,0.5545361042022705
8781,3,NORMAL,3,1,0.3744731545448303
8782,3,NORMAL,3,1,0.5228443741798401
8783,3,NORMAL,3,1,0.5747185349464417
8784,3,NORMAL,3,1,0.42703157663345337
8785,3,NORMAL,3,1,0.5956345796585083
8786,3,NORMAL,3,1,0.5895901322364807
8787,3,NORMAL,3,1,0.5606507062911987
8788,3,NORMAL,3,1,0.4919065535068512
8789,3,NORMAL,3,1,0.5773454904556274
8790,3,NORMAL,3,1,0.5608994960784912
8791,3,NORMAL,3,1,0.5988713502883911
8792,3,NORMAL,3,1,0.5831668972969055
8793,3,NORMAL,3,1,0.5020049810409546
8794,3,NORMAL,3,1,0.48908817768096924
8795,3,NORMAL,3,1,0.5508005619049072
8796,3,NORMAL,3,1,0.43363845348358154
8797,3,NORMAL,3,1,0.6322367191314697
8798,3,NORMAL,3,1,0.41197964549064636
8799,3,NORMAL,3,1,0.5716547966003418
8800,3,NORMAL,3,1,0.5426469445228577
8801,3,NORMAL,3,1,0.5072362422943115
8802,3,NORMAL,3,1,0.2647075951099396
8803,3,NORMAL,3,1,0.5519894361495972
8804,3,NORMAL,3,1,0.6126331686973572
8805,3,NORMAL,3,1,0.5818065404891968
8806,3,NORMAL,3,1,0.4399694800376892
8807,3,NORMAL,3,1,0.501401960849762
8808,3,NORMAL,3,1,0.579592227935791
8809,3,NORMAL,3,1,0.5994585752487183
8810,3,NORMAL,3,1,0.5729921460151672
8811,3,NORMAL,3,1,0.5285441279411316
8812,3,NORMAL,3,1,0.5082027912139893
8813,3,NORMAL,3,1,0.5932027101516724
8814,3,NORMAL,3,1,0.5405125021934509
8815,3,NORMAL,3,1,0.5359443426132202
8816,3,NORMAL,3,1,0.581215500831604
8817,3,NORMAL,3,1,0.4866964817047119
8818,3,NORMAL,3,1,0.5673607587814331
8819,3,NORMAL,3,1,0.6146939396858215
8820,3,NORMAL,3,1,0.5909531712532043
8821,3,NORMAL,3,1,0.5822873711585999
8822,3,NORMAL,3,1,0.5669795870780945
8823,3,NORMAL,3,1,0.6002734303474426
8824,3,NORMAL,3,1,0.49004510045051575
8825,3,NORMAL,3,1,0.4408801794052124
8826,3,NORMAL,3,1,0.48716965317726135
8827,3,NORMAL,3,1,0.5832681655883789
8828,3,NORMAL,3,1,0.6027826070785522
8829,3,NORMAL,3,1,0.565704345703125
8830,3,NORMAL,3,1,0.5822818279266357
8831,3,NORMAL,3,1,0.531229555606842
8832,3,NORMAL,3,1,0.5714094638824463
8833,3,NORMAL,3,1,0.5697803497314453
8834,3,NORMAL,3,1,0.6494054794311523
8835,3,NORMAL,3,1,0.4665233790874481
8836,3,NORMAL,3,1,0.46380969882011414
8837,3,NORMAL,3,1,0.5224759578704834
8838,3,NORMAL,3,1,0.5234465003013611
8839,3,NORMAL,3,1,0.6554996371269226
8840,3,NORMAL,3,1,0.5664389133453369
8841,3,NORMAL,3,1,0.4579613506793976
8842,3,NORMAL,3,1,0.45469075441360474
8843,3,NORMAL,3,1,0.5867289304733276
8844,3,NORMAL,1,0,0.47552114725112915
8845,3,NORMAL,3,1,0.6077432632446289
8846,3,NORMAL,3,1,0.5810866355895996
8847,3,NORMAL,3,1,0.5171926617622375
8848,3,NORMAL,3,1,0.5235563516616821
8849,3,NORMAL,3,1,0.42057421803474426
8850,3,NORMAL,3,1,0.4863208830356598
8851,3,NORMAL,3,1,0.5229395627975464
8852,3,NORMAL,3,1,0.6057478189468384
8853,3,NORMAL,3,1,0.6172323822975159
8854,3,NORMAL,3,1,0.5644094347953796
8855,3,NORMAL,3,1,0.34539106488227844
8856,3,NORMAL,3,1,0.44423583149909973
8857,3,NORMAL,3,1,0.5526726245880127
8858,3,NORMAL,3,1,0.6094741225242615
8859,3,NORMAL,3,1,0.5254248976707458
8860,3,NORMAL,3,1,0.513407826423645
8861,3,NORMAL,3,1,0.5514552593231201
8862,3,NORMAL,3,1,0.5912644863128662
8863,3,NORMAL,3,1,0.6532425284385681
8864,3,NORMAL,3,1,0.3627767264842987
8865,3,NORMAL,3,1,0.6051706671714783
8866,3,NORMAL,3,1,0.5908021330833435
8867,3,NORMAL,3,1,0.5111157894134521
8868,3,NORMAL,3,1,0.5219861268997192
8869,3,NORMAL,3,1,0.5958194136619568
8870,3,NORMAL,3,1,0.47583261132240295
8871,3,NORMAL,3,1,0.5416425466537476
8872,3,NORMAL,3,1,0.48562008142471313
8873,3,NORMAL,3,1,0.5798355340957642
8874,3,NORMAL,3,1,0.5555843710899353
8875,3,NORMAL,3,1,0.5029997229576111
8876,3,NORMAL,3,1,0.44049200415611267
8877,3,NORMAL,3,1,0.5160490274429321
8878,3,NORMAL,3,1,0.5689791440963745
8879,3,NORMAL,3,1,0.582964301109314
8880,3,NORMAL,3,1,0.5616309642791748
8881,3,NORMAL,3,1,0.5875698328018188
8882,3,NORMAL,3,1,0.5786153078079224
8883,3,NORMAL,3,1,0.4501321613788605
8884,3,NORMAL,3,1,0.5208289623260498
8885,3,NORMAL,3,1,0.6326789259910583
8886,3,NORMAL,3,1,0.5673604607582092
8887,3,NORMAL,3,1,0.4338710308074951
8888,3,NORMAL,1,0,0.49584153294563293
8889,3,NORMAL,3,1,0.5776590704917908
8890,3,NORMAL,3,1,0.5422056913375854
8891,3,NORMAL,3,1,0.5713678002357483
8892,3,NORMAL,3,1,0.5235143899917603
8893,3,NORMAL,3,1,0.35374802350997925
8894,3,NORMAL,3,1,0.654439389705658
8895,3,NORMAL,3,1,0.5161406993865967
8896,3,NORMAL,3,1,0.5976687669754028
8897,3,NORMAL,3,1,0.4209621250629425
8898,3,NORMAL,3,1,0.502643883228302
8899,3,NORMAL,3,1,0.630692720413208
8900,3,NORMAL,3,1,0.5881275534629822
8901,3,NORMAL,3,1,0.5488846302032471
8902,3,NORMAL,3,1,0.6235463619232178
8903,3,NORMAL,3,1,0.5693241953849792
8904,3,NORMAL,3,1,0.4976882338523865
8905,3,NORMAL,3,1,0.5623583793640137
8906,3,NORMAL,3,1,0.4836699068546295
8907,3,NORMAL,3,1,0.5059037208557129
8908,3,NORMAL,3,1,0.5425000786781311
8909,3,NORMAL,3,1,0.5957639217376709
8910,3,NORMAL,3,1,0.5936005711555481
8911,3,NORMAL,3,1,0.6169817447662354
8912,3,NORMAL,3,1,0.4711894989013672
8913,3,NORMAL,3,1,0.4840923249721527
8914,3,NORMAL,3,1,0.5201906561851501
8915,3,NORMAL,3,1,0.5370806455612183
8916,3,NORMAL,3,1,0.5654574632644653
8917,3,NORMAL,3,1,0.5949729681015015
8918,3,NORMAL,3,1,0.5675851106643677
8919,3,NORMAL,3,1,0.41820570826530457
8920,3,NORMAL,3,1,0.6016436219215393
8921,3,NORMAL,3,1,0.536465048789978
8922,3,NORMAL,3,1,0.6152672171592712
8923,3,NORMAL,3,1,0.5514697432518005
8924,3,NORMAL,3,1,0.5874576568603516
8925,3,NORMAL,3,1,0.5917985439300537
8926,3,NORMAL,3,1,0.5974540114402771
8927,3,NORMAL,3,1,0.5050738453865051
8928,3,NORMAL,3,1,0.6144950985908508
8929,3,NORMAL,3,1,0.3996686637401581
8930,3,NORMAL,3,1,0.5135138034820557
8931,3,NORMAL,3,1,0.7068768739700317
8932,3,NORMAL,3,1,0.5949732661247253
8933,3,NORMAL,3,1,0.49595046043395996
8934,3,NORMAL,3,1,0.355201780796051
8935,3,NORMAL,3,1,0.4889826774597168
8936,3,NORMAL,3,1,0.47690460085868835
8937,3,NORMAL,3,1,0.5906234383583069
8938,3,NORMAL,3,1,0.4231231212615967
8939,3,NORMAL,3,1,0.6292773485183716
8940,3,NORMAL,3,1,0.5960753560066223
8941,3,NORMAL,3,1,0.6040927171707153
8942,3,NORMAL,3,1,0.6286933422088623
8943,3,NORMAL,3,1,0.5253685712814331
8944,3,NORMAL,3,1,0.5526114106178284
8945,3,NORMAL,3,1,0.5847077369689941
8946,3,NORMAL,3,1,0.5451942086219788
8947,3,NORMAL,3,1,0.6725015044212341
8948,3,NORMAL,3,1,0.5866405367851257
8949,3,NORMAL,3,1,0.4559549391269684
8950,3,NORMAL,3,1,0.5640881061553955
8951,3,NORMAL,3,1,0.5728238821029663
8952,3,NORMAL,3,1,0.4351218044757843
8953,3,NORMAL,3,1,0.5416584610939026
8954,3,NORMAL,3,1,0.614564836025238
8955,3,NORMAL,3,1,0.6366690993309021
8956,3,NORMAL,3,1,0.6477605700492859
8957,3,NORMAL,3,1,0.5365689396858215
8958,3,NORMAL,3,1,0.5977449417114258
8959,3,NORMAL,3,1,0.56390380859375
8960,3,NORMAL,3,1,0.6610143184661865
8961,3,NORMAL,3,1,0.4817699193954468
8962,3,NORMAL,3,1,0.6142808198928833
8963,3,NORMAL,3,1,0.48802000284194946
8964,3,NORMAL,3,1,0.5366525053977966
8965,3,NORMAL,3,1,0.5282164812088013
8966,3,NORMAL,3,1,0.6405240893363953
8967,3,NORMAL,3,1,0.510570228099823
8968,3,NORMAL,3,1,0.5485392212867737
8969,3,NORMAL,3,1,0.5339754819869995
8970,3,NORMAL,3,1,0.49874556064605713
8971,3,NORMAL,3,1,0.6222566366195679
8972,3,NORMAL,3,1,0.4907611310482025
8973,3,NORMAL,3,1,0.5648229718208313
8974,3,NORMAL,3,1,0.5405014753341675
8975,3,NORMAL,3,1,0.4145289659500122
8976,3,NORMAL,3,1,0.5277224183082581
8977,3,NORMAL,3,1,0.553554892539978
8978,3,NORMAL,3,1,0.5303042531013489
8979,3,NORMAL,3,1,0.5639238357543945
8980,3,NORMAL,3,1,0.5141032934188843
8981,3,NORMAL,3,1,0.5042573809623718
8982,3,NORMAL,3,1,0.4970749020576477
8983,3,NORMAL,3,1,0.5673124194145203
8984,3,NORMAL,3,1,0.5381494760513306
8985,3,NORMAL,3,1,0.6245303153991699
8986,3,NORMAL,3,1,0.5154979228973389
8987,3,NORMAL,3,1,0.5570264458656311
8988,3,NORMAL,3,1,0.6532551050186157
8989,3,NORMAL,3,1,0.49330174922943115
8990,3,NORMAL,1,0,0.49823299050331116
8991,3,NORMAL,3,1,0.5786809325218201
8992,3,NORMAL,3,1,0.49498698115348816
8993,3,NORMAL,3,1,0.5283668041229248
8994,3,NORMAL,3,1,0.6378496289253235
8995,3,NORMAL,3,1,0.5864813327789307
8996,3,NORMAL,1,0,0.5290752649307251
8997,3,NORMAL,3,1,0.5220774412155151
8998,3,NORMAL,3,1,0.43543389439582825
8999,3,NORMAL,3,1,0.46488624811172485
9000,3,NORMAL,3,1,0.5990415811538696
9001,3,NORMAL,3,1,0.5905618667602539
9002,3,NORMAL,3,1,0.5670933127403259
9003,3,NORMAL,3,1,0.5879332423210144
9004,3,NORMAL,3,1,0.5605296492576599
9005,3,NORMAL,3,1,0.5449154376983643
9006,3,NORMAL,3,1,0.539513349533081
9007,3,NORMAL,3,1,0.691387951374054
9008,3,NORMAL,3,1,0.6203564405441284
9009,3,NORMAL,3,1,0.5665503740310669
9010,3,NORMAL,3,1,0.5772264003753662
9011,3,NORMAL,3,1,0.6016152501106262
9012,3,NORMAL,3,1,0.5995324850082397
9013,3,NORMAL,3,1,0.6238237023353577
9014,3,NORMAL,1,0,0.5663459897041321
9015,3,NORMAL,3,1,0.5747795104980469
9016,3,NORMAL,3,1,0.5756867527961731
9017,3,NORMAL,3,1,0.5948547720909119
9018,3,NORMAL,3,1,0.4669332504272461
9019,3,NORMAL,3,1,0.614590048789978
9020,3,NORMAL,3,1,0.5036555528640747
9021,3,NORMAL,3,1,0.34596219658851624
9022,3,NORMAL,3,1,0.5346139073371887
9023,3,NORMAL,3,1,0.40292930603027344
9024,3,NORMAL,3,1,0.5069579482078552
9025,3,NORMAL,3,1,0.49359506368637085
9026,3,NORMAL,3,1,0.49415671825408936
9027,3,NORMAL,3,1,0.48882362246513367
9028,3,NORMAL,3,1,0.5577072501182556
9029,3,NORMAL,3,1,0.29108449816703796
9030,3,NORMAL,3,1,0.5531154274940491
9031,3,NORMAL,3,1,0.5754466652870178
9032,3,NORMAL,3,1,0.5314382910728455
9033,3,NORMAL,3,1,0.4731035530567169
9034,3,NORMAL,3,1,0.4602985084056854
9035,3,NORMAL,3,1,0.632064700126648
9036,3,NORMAL,3,1,0.6021047234535217
9037,3,NORMAL,3,1,0.5129826068878174
9038,3,NORMAL,3,1,0.5682870149612427
9039,3,NORMAL,3,1,0.5909305214881897
9040,3,NORMAL,3,1,0.5823925137519836
9041,3,NORMAL,3,1,0.5755171775817871
9042,3,NORMAL,3,1,0.6716517806053162
9043,3,NORMAL,3,1,0.5774183869361877
9044,3,NORMAL,3,1,0.5770205855369568
9045,3,NORMAL,3,1,0.4757264256477356
9046,3,NORMAL,3,1,0.5609353184700012
9047,3,NORMAL,3,1,0.5549944043159485
9048,3,NORMAL,3,1,0.5850332379341125
9049,3,NORMAL,3,1,0.5247886180877686
9050,3,NORMAL,3,1,0.546607255935669
9051,3,NORMAL,3,1,0.6333717107772827
9052,3,NORMAL,3,1,0.49991166591644287
9053,3,NORMAL,3,1,0.45893895626068115
9054,3,NORMAL,3,1,0.24158985912799835
9055,3,NORMAL,3,1,0.6008261442184448
9056,3,NORMAL,3,1,0.48659032583236694
9057,3,NORMAL,3,1,0.5862467288970947
9058,3,NORMAL,3,1,0.5080423951148987
9059,3,NORMAL,3,1,0.5426914691925049
9060,3,NORMAL,3,1,0.574120283126831
9061,3,NORMAL,3,1,0.4986043870449066
9062,3,NORMAL,3,1,0.5959421396255493
9063,3,NORMAL,3,1,0.5896139144897461
9064,3,NORMAL,3,1,0.61976557970047
9065,3,NORMAL,3,1,0.41093629598617554
9066,3,NORMAL,3,1,0.5914615988731384
9067,3,NORMAL,3,1,0.5609692931175232
9068,3,NORMAL,3,1,0.6501592397689819
9069,3,NORMAL,3,1,0.5623510479927063
9070,3,NORMAL,3,1,0.5131229162216187
9071,3,NORMAL,3,1,0.5760689377784729
9072,3,NORMAL,3,1,0.38151824474334717
9073,3,NORMAL,3,1,0.5588812232017517
9074,3,NORMAL,3,1,0.5579409599304199
9075,3,NORMAL,3,1,0.5750300288200378
9076,3,NORMAL,3,1,0.584179162979126
9077,3,NORMAL,3,1,0.6818243265151978
9078,3,NORMAL,3,1,0.5168783068656921
9079,3,NORMAL,3,1,0.47080329060554504
9080,3,NORMAL,3,1,0.4945250451564789
9081,3,NORMAL,3,1,0.49635282158851624
9082,3,NORMAL,3,1,0.5337740778923035
9083,3,NORMAL,3,1,0.5429345965385437
9084,3,NORMAL,3,1,0.3546205163002014
9085,3,NORMAL,3,1,0.5184010863304138
9086,3,NORMAL,3,1,0.6063817143440247
9087,3,NORMAL,3,1,0.5217517018318176
9088,3,NORMAL,3,1,0.456269770860672
9089,3,NORMAL,3,1,0.5770219564437866
9090,3,NORMAL,3,1,0.5771192908287048
9091,3,NORMAL,3,1,0.45759519934654236
9092,3,NORMAL,3,1,0.5680732727050781
9093,3,NORMAL,3,1,0.5875415802001953
9094,3,NORMAL,3,1,0.5454026460647583
9095,3,NORMAL,3,1,0.5945576429367065
9096,3,NORMAL,3,1,0.6336441040039062
9097,3,NORMAL,3,1,0.6441360712051392
9098,3,NORMAL,3,1,0.5214268565177917
9099,3,NORMAL,3,1,0.5185124278068542
9100,3,NORMAL,3,1,0.5071802139282227
9101,3,NORMAL,3,1,0.46086516976356506
9102,3,NORMAL,3,1,0.6193876266479492
9103,3,NORMAL,3,1,0.5916628241539001
9104,3,NORMAL,3,1,0.5195414423942566
9105,3,NORMAL,3,1,0.5115640163421631
9106,3,NORMAL,3,1,0.4809718430042267
9107,3,NORMAL,3,1,0.5912752747535706
9108,3,NORMAL,3,1,0.47790277004241943
9109,3,NORMAL,3,1,0.5187850594520569
9110,3,NORMAL,3,1,0.5973882675170898
9111,3,NORMAL,3,1,0.3485070765018463
9112,3,NORMAL,3,1,0.576949417591095
9113,3,NORMAL,3,1,0.5571629405021667
9114,3,NORMAL,3,1,0.6207970976829529
9115,3,NORMAL,3,1,0.5962681174278259
9116,3,NORMAL,3,1,0.53924959897995
9117,3,NORMAL,3,1,0.378576397895813
9118,3,NORMAL,3,1,0.5947546362876892
9119,3,NORMAL,3,1,0.5113176107406616
9120,3,NORMAL,3,1,0.6543399691581726
9121,3,NORMAL,3,1,0.6010261178016663
9122,3,NORMAL,3,1,0.6059957146644592
9123,3,NORMAL,3,1,0.4989897608757019
9124,3,NORMAL,2,0,0.24593575298786163
9125,3,NORMAL,3,1,0.5089659094810486
9126,3,NORMAL,3,1,0.6301679015159607
9127,3,NORMAL,3,1,0.6227028965950012
9128,3,NORMAL,3,1,0.47409185767173767
9129,3,NORMAL,3,1,0.4626663327217102
9130,3,NORMAL,3,1,0.649590790271759
9131,3,NORMAL,3,1,0.546712338924408
9132,3,NORMAL,3,1,0.617307722568512
9133,3,NORMAL,3,1,0.583864152431488
9134,3,NORMAL,3,1,0.5493914484977722
9135,3,NORMAL,3,1,0.41336530447006226
9136,3,NORMAL,3,1,0.5268983244895935
9137,3,NORMAL,3,1,0.5539951324462891
9138,3,NORMAL,3,1,0.510417103767395
9139,3,NORMAL,3,1,0.5863180160522461
9140,3,NORMAL,3,1,0.5238427519798279
9141,3,NORMAL,3,1,0.5889936685562134
9142,3,NORMAL,3,1,0.5240994095802307
9143,3,NORMAL,3,1,0.5516443848609924
9144,3,NORMAL,3,1,0.5749064683914185
9145,3,NORMAL,3,1,0.5832010507583618
9146,3,NORMAL,3,1,0.5500301718711853
9147,3,NORMAL,3,1,0.42470377683639526
9148,3,NORMAL,3,1,0.5407084226608276
9149,3,NORMAL,3,1,0.5531653165817261
9150,3,NORMAL,3,1,0.5762341618537903
9151,3,NORMAL,3,1,0.5213586688041687
9152,3,NORMAL,3,1,0.6600539088249207
9153,3,NORMAL,3,1,0.5953027009963989
9154,3,NORMAL,3,1,0.5506828427314758
9155,3,NORMAL,3,1,0.6052112579345703
9156,3,NORMAL,3,1,0.635624349117279
9157,3,NORMAL,3,1,0.6243911385536194
9158,3,NORMAL,3,1,0.547148585319519
9159,3,NORMAL,3,1,0.5539942979812622
9160,3,NORMAL,3,1,0.5309523344039917
9161,3,NORMAL,3,1,0.5075411200523376
9162,3,NORMAL,3,1,0.506973385810852
9163,3,NORMAL,3,1,0.5858014225959778
9164,3,NORMAL,3,1,0.5551894903182983
9165,3,NORMAL,3,1,0.6431204676628113
9166,3,NORMAL,3,1,0.5100818276405334
9167,3,NORMAL,3,1,0.5280027985572815
9168,3,NORMAL,3,1,0.32780885696411133
9169,3,NORMAL,3,1,0.46835410594940186
9170,3,NORMAL,3,1,0.5295575261116028
9171,3,NORMAL,3,1,0.5602773427963257
9172,3,NORMAL,3,1,0.5338022112846375
9173,3,NORMAL,1,0,0.48446124792099
9174,3,NORMAL,3,1,0.5153085589408875
9175,3,NORMAL,3,1,0.5345432758331299
9176,3,NORMAL,3,1,0.5378656387329102
9177,3,NORMAL,3,1,0.5193257927894592
9178,3,NORMAL,3,1,0.6075064539909363
9179,3,NORMAL,3,1,0.5358825922012329
9180,3,NORMAL,3,1,0.6291930079460144
9181,3,NORMAL,3,1,0.45205631852149963
9182,3,NORMAL,3,1,0.6118340492248535
9183,3,NORMAL,3,1,0.46462950110435486
9184,3,NORMAL,3,1,0.4931696355342865
9185,3,NORMAL,3,1,0.5456305146217346
9186,3,NORMAL,3,1,0.4742079973220825
9187,3,NORMAL,3,1,0.572481632232666
9188,3,NORMAL,3,1,0.48344936966896057
9189,3,NORMAL,3,1,0.4320300817489624
9190,3,NORMAL,3,1,0.5970693230628967
9191,3,NORMAL,3,1,0.6073781251907349
9192,3,NORMAL,3,1,0.49837419390678406
9193,3,NORMAL,3,1,0.4848037660121918
9194,3,NORMAL,3,1,0.5173739194869995
9195,3,NORMAL,3,1,0.544529139995575
9196,3,NORMAL,3,1,0.5008832216262817
9197,3,NORMAL,2,0,0.7308050990104675
9198,3,NORMAL,3,1,0.5115879774093628
9199,3,NORMAL,3,1,0.5896356701850891
9200,3,NORMAL,3,1,0.5734744071960449
9201,3,NORMAL,3,1,0.5642445683479309
9202,3,NORMAL,3,1,0.5337271094322205
9203,3,NORMAL,3,1,0.6098340153694153
9204,3,NORMAL,3,1,0.4999164938926697
9205,3,NORMAL,3,1,0.44239434599876404
9206,3,NORMAL,3,1,0.5579270124435425
9207,3,NORMAL,3,1,0.4808686375617981
9208,3,NORMAL,3,1,0.6593779921531677
9209,3,NORMAL,3,1,0.5643947720527649
9210,3,NORMAL,3,1,0.5471163392066956
9211,3,NORMAL,3,1,0.4893355071544647
9212,3,NORMAL,3,1,0.6443469524383545
9213,3,NORMAL,3,1,0.3502681851387024
9214,3,NORMAL,3,1,0.48825088143348694
9215,3,NORMAL,3,1,0.5100278258323669
9216,3,NORMAL,3,1,0.5275299549102783
9217,3,NORMAL,3,1,0.5770251750946045
9218,3,NORMAL,3,1,0.6141816973686218
9219,3,NORMAL,3,1,0.44560006260871887
9220,3,NORMAL,3,1,0.4001225531101227
9221,3,NORMAL,3,1,0.5174560546875
9222,3,NORMAL,3,1,0.5840891599655151
9223,3,NORMAL,3,1,0.6025360226631165
9224,3,NORMAL,3,1,0.4552817940711975
9225,3,NORMAL,3,1,0.5364699959754944
9226,3,NORMAL,3,1,0.36343738436698914
9227,3,NORMAL,3,1,0.5780856013298035
9228,3,NORMAL,3,1,0.603553056716919
9229,3,NORMAL,3,1,0.1438402533531189
9230,3,NORMAL,3,1,0.5522640347480774
9231,3,NORMAL,3,1,0.47658079862594604
9232,3,NORMAL,3,1,0.6355666518211365
9233,3,NORMAL,3,1,0.5368387699127197
9234,3,NORMAL,3,1,0.6358001828193665
9235,3,NORMAL,3,1,0.45389580726623535
9236,3,NORMAL,3,1,0.5838723182678223
9237,3,NORMAL,3,1,0.5689136981964111
9238,3,NORMAL,3,1,0.5183802247047424
9239,3,NORMAL,3,1,0.46784523129463196
9240,3,NORMAL,3,1,0.4432508945465088
9241,3,NORMAL,3,1,0.5484300851821899
9242,3,NORMAL,3,1,0.5274355411529541
9243,3,NORMAL,3,1,0.5405371785163879
9244,3,NORMAL,3,1,0.5896656513214111
9245,3,NORMAL,3,1,0.6056510210037231
9246,3,NORMAL,3,1,0.4344571530818939
9247,3,NORMAL,3,1,0.5512042045593262
9248,3,NORMAL,3,1,0.557598888874054
9249,3,NORMAL,3,1,0.4519609212875366
9250,3,NORMAL,3,1,0.5814348459243774
9251,3,NORMAL,3,1,0.595933735370636
9252,3,NORMAL,3,1,0.6250784397125244
9253,3,NORMAL,3,1,0.5531424283981323
9254,3,NORMAL,3,1,0.49579617381095886
9255,3,NORMAL,3,1,0.4696910083293915
9256,3,NORMAL,3,1,0.46926477551460266
9257,3,NORMAL,3,1,0.6122896075248718
9258,3,NORMAL,3,1,0.5185239911079407
9259,3,NORMAL,3,1,0.5439023971557617
9260,3,NORMAL,3,1,0.5317310094833374
9261,3,NORMAL,3,1,0.5868021249771118
9262,3,NORMAL,3,1,0.6675779819488525
9263,3,NORMAL,3,1,0.6166055202484131
9264,3,NORMAL,3,1,0.5562455058097839
9265,3,NORMAL,3,1,0.5925279259681702
9266,3,NORMAL,3,1,0.5776026844978333
9267,3,NORMAL,3,1,0.6023818850517273
9268,3,NORMAL,3,1,0.4982215464115143
9269,3,NORMAL,3,1,0.5830077528953552
9270,3,NORMAL,3,1,0.5590345859527588
9271,3,NORMAL,3,1,0.5640063881874084
9272,3,NORMAL,3,1,0.5801015496253967
9273,3,NORMAL,3,1,0.48421961069107056
9274,3,NORMAL,3,1,0.5679097175598145
9275,3,NORMAL,3,1,0.4003641605377197
9276,3,NORMAL,3,1,0.4738335907459259
9277,3,NORMAL,3,1,0.45467302203178406
9278,3,NORMAL,3,1,0.5850138068199158
9279,3,NORMAL,3,1,0.5512303709983826
9280,3,NORMAL,3,1,0.6018746495246887
9281,3,NORMAL,3,1,0.45704010128974915
9282,3,NORMAL,3,1,0.5933558344841003
9283,3,NORMAL,3,1,0.5383251309394836
9284,3,NORMAL,3,1,0.5608232617378235
9285,3,NORMAL,3,1,0.6162459850311279
9286,3,NORMAL,3,1,0.5742833614349365
9287,3,NORMAL,3,1,0.5619446039199829
9288,3,NORMAL,3,1,0.5677305459976196
9289,3,NORMAL,3,1,0.5418571829795837
9290,3,NORMAL,3,1,0.6264348030090332
9291,3,NORMAL,3,1,0.5261609554290771
9292,3,NORMAL,3,1,0.5355852842330933
9293,3,NORMAL,3,1,0.5768190622329712
9294,3,NORMAL,3,1,0.6097237467765808
9295,3,NORMAL,1,0,0.5640679001808167
9296,3,NORMAL,3,1,0.621353268623352
9297,3,NORMAL,3,1,0.36186838150024414
9298,3,NORMAL,3,1,0.46287208795547485
9299,3,NORMAL,3,1,0.5693873167037964
9300,3,NORMAL,3,1,0.39380958676338196
9301,3,NORMAL,3,1,0.4847380518913269
9302,3,NORMAL,1,0,0.5380731225013733
9303,3,NORMAL,3,1,0.5976725816726685
9304,3,NORMAL,3,1,0.6354205012321472
9305,3,NORMAL,3,1,0.5610936880111694
9306,3,NORMAL,3,1,0.6106910109519958
9307,3,NORMAL,3,1,0.40598487854003906
9308,3,NORMAL,3,1,0.631860077381134
9309,3,NORMAL,3,1,0.5463261604309082
9310,3,NORMAL,3,1,0.608137845993042
9311,3,NORMAL,3,1,0.5279011726379395
9312,3,NORMAL,3,1,0.5104376077651978
9313,3,NORMAL,3,1,0.509057879447937
9314,3,NORMAL,3,1,0.5712456107139587
9315,3,NORMAL,3,1,0.4191046953201294
9316,3,NORMAL,3,1,0.5769214630126953
9317,3,NORMAL,3,1,0.43588536977767944
9318,3,NORMAL,3,1,0.6148176193237305
9319,3,NORMAL,3,1,0.4436083137989044
9320,3,NORMAL,3,1,0.6231187582015991
9321,3,NORMAL,3,1,0.632993757724762
9322,3,NORMAL,3,1,0.46460556983947754
9323,3,NORMAL,3,1,0.612632155418396
9324,3,NORMAL,3,1,0.498416543006897
9325,3,NORMAL,3,1,0.4939623177051544
9326,3,NORMAL,3,1,0.5673020482063293
9327,3,NORMAL,3,1,0.6257797479629517
9328,3,NORMAL,3,1,0.5670533776283264
9329,3,NORMAL,3,1,0.5470442771911621
9330,3,NORMAL,3,1,0.49892476201057434
9331,3,NORMAL,3,1,0.5889075398445129
9332,3,NORMAL,3,1,0.5712485313415527
9333,3,NORMAL,3,1,0.597751796245575
9334,3,NORMAL,3,1,0.5875144600868225
9335,3,NORMAL,3,1,0.5780269503593445
9336,3,NORMAL,3,1,0.5680692195892334
9337,3,NORMAL,3,1,0.6330380439758301
9338,3,NORMAL,3,1,0.6134325265884399
9339,3,NORMAL,3,1,0.43377918004989624
9340,3,NORMAL,3,1,0.39372554421424866
9341,3,NORMAL,3,1,0.6102485060691833
9342,3,NORMAL,3,1,0.5532078742980957
9343,3,NORMAL,3,1,0.6185940504074097
9344,3,NORMAL,3,1,0.5330463647842407
9345,3,NORMAL,3,1,0.5450096130371094
9346,3,NORMAL,3,1,0.5514271855354309
9347,3,NORMAL,3,1,0.5403709411621094
9348,3,NORMAL,3,1,0.5208770632743835
9349,3,NORMAL,3,1,0.4967752993106842
9350,3,NORMAL,3,1,0.4740091860294342
9351,3,NORMAL,3,1,0.452724426984787
9352,3,NORMAL,3,1,0.3519413471221924
9353,3,NORMAL,3,1,0.5869303345680237
9354,3,NORMAL,3,1,0.5984954833984375
9355,3,NORMAL,3,1,0.465199738740921
9356,3,NORMAL,3,1,0.47443923354148865
9357,3,NORMAL,3,1,0.6500746607780457
9358,3,NORMAL,3,1,0.41586998105049133
9359,3,NORMAL,3,1,0.48051920533180237
9360,3,NORMAL,3,1,0.6086530685424805
9361,3,NORMAL,3,1,0.535366415977478
9362,3,NORMAL,3,1,0.6036274433135986
9363,3,NORMAL,3,1,0.647150456905365
9364,3,NORMAL,3,1,0.48711907863616943
9365,3,NORMAL,3,1,0.5098718404769897
9366,3,NORMAL,3,1,0.5694463849067688
9367,3,NORMAL,1,0,0.5457558631896973
9368,3,NORMAL,3,1,0.467259019613266
9369,3,NORMAL,3,1,0.5510420799255371
9370,3,NORMAL,3,1,0.6264287829399109
9371,3,NORMAL,3,1,0.5225796103477478
9372,3,NORMAL,3,1,0.42333775758743286
9373,3,NORMAL,3,1,0.4552399814128876
9374,3,NORMAL,3,1,0.5880770087242126
9375,3,NORMAL,3,1,0.5523999929428101
9376,3,NORMAL,3,1,0.47110220789909363
9377,3,NORMAL,3,1,0.5490018725395203
9378,3,NORMAL,3,1,0.590923011302948
9379,3,NORMAL,3,1,0.6191288828849792
9380,3,NORMAL,3,1,0.6034599542617798
9381,3,NORMAL,3,1,0.48265862464904785
9382,3,NORMAL,3,1,0.5079122185707092
9383,3,NORMAL,3,1,0.5696718096733093
9384,3,NORMAL,3,1,0.3902962803840637
9385,3,NORMAL,3,1,0.5472731590270996
9386,3,NORMAL,3,1,0.5848878622055054
9387,3,NORMAL,3,1,0.6434221863746643
9388,3,NORMAL,3,1,0.5097020864486694
9389,3,NORMAL,3,1,0.5339155793190002
9390,3,NORMAL,3,1,0.5513977408409119
9391,3,NORMAL,3,1,0.6111324429512024
9392,3,NORMAL,3,1,0.6524885296821594
9393,3,NORMAL,3,1,0.5525715947151184
9394,3,NORMAL,3,1,0.39946699142456055
9395,3,NORMAL,3,1,0.5521387457847595
9396,3,NORMAL,3,1,0.6170521378517151
9397,3,NORMAL,3,1,0.49465593695640564
9398,3,NORMAL,3,1,0.4562707543373108
9399,3,NORMAL,3,1,0.49947789311408997
9400,3,NORMAL,3,1,0.5340903997421265
9401,3,NORMAL,3,1,0.537223756313324
9402,3,NORMAL,3,1,0.6527079343795776
9403,3,NORMAL,2,0,0.7129067778587341
9404,3,NORMAL,3,1,0.5288224816322327
9405,3,NORMAL,3,1,0.5868037939071655
9406,3,NORMAL,3,1,0.5937129855155945
9407,3,NORMAL,3,1,0.5778748989105225
9408,3,NORMAL,3,1,0.4964258372783661
9409,3,NORMAL,3,1,0.5916731357574463
9410,3,NORMAL,3,1,0.4502433240413666
9411,3,NORMAL,3,1,0.480910986661911
9412,3,NORMAL,3,1,0.5999748706817627
9413,3,NORMAL,3,1,0.5931194424629211
9414,3,NORMAL,3,1,0.6427985429763794
9415,3,NORMAL,3,1,0.5560459494590759
9416,3,NORMAL,3,1,0.4948108196258545
9417,3,NORMAL,3,1,0.6070771217346191
9418,3,NORMAL,3,1,0.47905370593070984
9419,3,NORMAL,3,1,0.4677734971046448
9420,3,NORMAL,3,1,0.5410165786743164
9421,3,NORMAL,3,1,0.6383722424507141
9422,3,NORMAL,3,1,0.3852825164794922
9423,3,NORMAL,3,1,0.6078281402587891
9424,3,NORMAL,2,0,0.4334550201892853
9425,3,NORMAL,3,1,0.5107825994491577
9426,3,NORMAL,3,1,0.5916950702667236
9427,3,NORMAL,3,1,0.5302349925041199
9428,3,NORMAL,3,1,0.6256583333015442
9429,3,NORMAL,3,1,0.5419814586639404
9430,3,NORMAL,3,1,0.539695680141449
9431,3,NORMAL,3,1,0.5280055403709412
9432,3,NORMAL,3,1,0.4087764024734497
9433,3,NORMAL,3,1,0.6153428554534912
9434,3,NORMAL,3,1,0.49123719334602356
9435,3,NORMAL,3,1,0.5599794387817383
9436,3,NORMAL,3,1,0.5622828602790833
9437,3,NORMAL,3,1,0.571927547454834
9438,3,NORMAL,3,1,0.46717530488967896
9439,3,NORMAL,3,1,0.5940513610839844
9440,3,NORMAL,3,1,0.630374550819397
9441,3,NORMAL,3,1,0.503345251083374
9442,3,NORMAL,3,1,0.5882850289344788
9443,3,NORMAL,3,1,0.5454542636871338
9444,3,NORMAL,3,1,0.5649380683898926
9445,3,NORMAL,3,1,0.570684552192688
9446,3,NORMAL,3,1,0.4862821400165558
9447,3,NORMAL,3,1,0.4903776943683624
9448,3,NORMAL,3,1,0.5683199763298035
9449,3,NORMAL,3,1,0.6122903823852539
9450,3,NORMAL,3,1,0.5386336445808411
9451,3,NORMAL,3,1,0.610276460647583
9452,3,NORMAL,3,1,0.4159134328365326
9453,3,NORMAL,3,1,0.6081154942512512
9454,3,NORMAL,3,1,0.43103957176208496
9455,3,NORMAL,3,1,0.660073459148407
9456,3,NORMAL,3,1,0.482694536447525
9457,3,NORMAL,3,1,0.49967896938323975
9458,3,NORMAL,3,1,0.48430365324020386
9459,3,NORMAL,3,1,0.6288111209869385
9460,3,NORMAL,3,1,0.5594794750213623
9461,3,NORMAL,3,1,0.571745753288269
9462,3,NORMAL,3,1,0.4911952614784241
9463,3,NORMAL,3,1,0.6685747504234314
9464,3,NORMAL,3,1,0.5205802917480469
9465,3,NORMAL,3,1,0.4713246524333954
9466,3,NORMAL,3,1,0.571840226650238
9467,3,NORMAL,1,0,0.6399866342544556
9468,3,NORMAL,3,1,0.588550329208374
9469,3,NORMAL,3,1,0.49910661578178406
9470,3,NORMAL,3,1,0.555637538433075
9471,3,NORMAL,3,1,0.606158435344696
9472,3,NORMAL,3,1,0.5168317556381226
9473,3,NORMAL,3,1,0.4486427903175354
9474,3,NORMAL,3,1,0.5323663949966431
9475,3,NORMAL,3,1,0.565257728099823
9476,3,NORMAL,3,1,0.5766912698745728
9477,3,NORMAL,3,1,0.6128402948379517
9478,3,NORMAL,3,1,0.6080722808837891
9479,3,NORMAL,3,1,0.618339478969574
9480,3,NORMAL,3,1,0.4461255967617035
9481,3,NORMAL,3,1,0.49966785311698914
9482,3,NORMAL,3,1,0.4920956790447235
9483,3,NORMAL,3,1,0.3751142919063568
9484,3,NORMAL,3,1,0.5369153618812561
9485,3,NORMAL,3,1,0.5031007528305054
9486,3,NORMAL,3,1,0.4681153893470764
9487,3,NORMAL,3,1,0.5042277574539185
9488,3,NORMAL,3,1,0.5928933024406433
9489,3,NORMAL,3,1,0.5617665648460388
9490,3,NORMAL,3,1,0.5271186232566833
9491,3,NORMAL,3,1,0.6294549107551575
9492,3,NORMAL,3,1,0.5902955532073975
9493,3,NORMAL,3,1,0.4757188558578491
9494,3,NORMAL,3,1,0.5836186408996582
9495,3,NORMAL,3,1,0.5769487619400024
9496,3,NORMAL,3,1,0.3833763897418976
9497,3,NORMAL,3,1,0.5431424379348755
9498,3,NORMAL,3,1,0.5795084834098816
9499,3,NORMAL,3,1,0.6042197346687317
9500,3,NORMAL,3,1,0.5466396808624268
9501,3,NORMAL,3,1,0.3516096770763397
9502,3,NORMAL,3,1,0.5792722702026367
9503,3,NORMAL,3,1,0.4565916061401367
9504,3,NORMAL,3,1,0.4377466142177582
9505,3,NORMAL,3,1,0.6218375563621521
9506,3,NORMAL,3,1,0.5663792490959167
9507,3,NORMAL,3,1,0.31186920404434204
9508,3,NORMAL,3,1,0.5680797696113586
9509,3,NORMAL,3,1,0.6348814964294434
9510,3,NORMAL,3,1,0.3871329128742218
9511,3,NORMAL,3,1,0.5961108207702637
9512,3,NORMAL,3,1,0.5916057825088501
9513,3,NORMAL,3,1,0.5360594391822815
9514,3,NORMAL,3,1,0.5047681927680969
9515,3,NORMAL,3,1,0.560576856136322
9516,3,NORMAL,3,1,0.6040762066841125
9517,3,NORMAL,3,1,0.4526013433933258
9518,3,NORMAL,3,1,0.6253790855407715
9519,3,NORMAL,3,1,0.4513119161128998
9520,3,NORMAL,3,1,0.52496337890625
9521,3,NORMAL,3,1,0.5824504494667053
9522,3,NORMAL,3,1,0.6301792860031128
9523,3,NORMAL,3,1,0.5200679898262024
9524,3,NORMAL,3,1,0.5424137711524963
9525,3,NORMAL,3,1,0.5204259753227234
9526,3,NORMAL,3,1,0.6199365854263306
9527,3,NORMAL,3,1,0.5891455411911011
9528,3,NORMAL,3,1,0.5085893869400024
9529,3,NORMAL,3,1,0.4123709499835968
9530,3,NORMAL,3,1,0.46546080708503723
9531,3,NORMAL,3,1,0.5172144174575806
9532,3,NORMAL,3,1,0.611213743686676
9533,3,NORMAL,3,1,0.4506196975708008
9534,3,NORMAL,3,1,0.4845755994319916
9535,3,NORMAL,3,1,0.5803778767585754
9536,3,NORMAL,3,1,0.678163468837738
9537,3,NORMAL,3,1,0.5137714743614197
9538,3,NORMAL,3,1,0.5100289583206177
9539,3,NORMAL,3,1,0.5137853622436523
9540,3,NORMAL,3,1,0.11978977173566818
9541,3,NORMAL,3,1,0.5726350545883179
9542,3,NORMAL,3,1,0.5495921969413757
9543,3,NORMAL,3,1,0.48855260014533997
9544,3,NORMAL,3,1,0.6325752139091492
9545,3,NORMAL,3,1,0.577826976776123
9546,3,NORMAL,3,1,0.560085654258728
9547,3,NORMAL,3,1,0.6414607167243958
9548,3,NORMAL,3,1,0.43158724904060364
9549,3,NORMAL,3,1,0.5634918808937073
9550,3,NORMAL,3,1,0.5955548286437988
9551,3,NORMAL,3,1,0.5642297863960266
9552,3,NORMAL,3,1,0.5324518084526062
9553,3,NORMAL,3,1,0.6517369151115417
9554,3,NORMAL,3,1,0.6195434331893921
9555,3,NORMAL,3,1,0.6325106024742126
9556,3,NORMAL,3,1,0.557865560054779
9557,3,NORMAL,3,1,0.4269891381263733
9558,3,NORMAL,3,1,0.4469531178474426
9559,3,NORMAL,3,1,0.47877809405326843
9560,3,NORMAL,3,1,0.5476956367492676
9561,3,NORMAL,3,1,0.5324078798294067
9562,3,NORMAL,3,1,0.4683475196361542
9563,3,NORMAL,3,1,0.607633113861084
9564,3,NORMAL,3,1,0.4681790769100189
9565,3,NORMAL,3,1,0.5021034479141235
9566,3,NORMAL,3,1,0.40400758385658264
9567,3,NORMAL,3,1,0.5875757336616516
9568,3,NORMAL,3,1,0.5256034731864929
9569,3,NORMAL,3,1,0.6410716772079468
9570,3,NORMAL,3,1,0.6054714322090149
9571,3,NORMAL,3,1,0.5149980187416077
9572,3,NORMAL,3,1,0.6156613826751709
9573,3,NORMAL,3,1,0.4600669741630554
9574,3,NORMAL,3,1,0.5771423578262329
9575,3,NORMAL,3,1,0.6045281887054443
9576,3,NORMAL,3,1,0.4768706262111664
9577,3,NORMAL,3,1,0.5101814866065979
9578,3,NORMAL,3,1,0.35695546865463257
9579,3,NORMAL,3,1,0.49758490920066833
9580,3,NORMAL,3,1,0.5316763520240784
9581,3,NORMAL,3,1,0.4799029529094696
9582,3,NORMAL,3,1,0.5532861351966858
9583,3,NORMAL,3,1,0.6535727381706238
9584,3,NORMAL,3,1,0.457719087600708
9585,3,NORMAL,3,1,0.4760695993900299
9586,3,NORMAL,3,1,0.5550864934921265
9587,3,NORMAL,3,1,0.3157144784927368
9588,3,NORMAL,3,1,0.4510538578033447
9589,3,NORMAL,3,1,0.5654551386833191
9590,3,NORMAL,3,1,0.620646059513092
9591,3,NORMAL,3,1,0.5893867611885071
9592,3,NORMAL,3,1,0.43872201442718506
9593,3,NORMAL,3,1,0.4815061390399933
9594,3,NORMAL,3,1,0.11970562487840652
9595,3,NORMAL,3,1,0.5965750813484192
9596,3,NORMAL,3,1,0.5729644298553467
9597,3,NORMAL,3,1,0.5387073159217834
9598,3,NORMAL,3,1,0.6250893473625183
9599,3,NORMAL,3,1,0.5814485549926758
9600,3,NORMAL,3,1,0.5937994122505188
9601,3,NORMAL,3,1,0.5263403654098511
9602,3,NORMAL,3,1,0.5258635878562927
9603,3,NORMAL,3,1,0.5705912709236145
9604,3,NORMAL,3,1,0.5173067450523376
9605,3,NORMAL,1,0,0.41277700662612915
9606,3,NORMAL,3,1,0.5557262897491455
9607,3,NORMAL,3,1,0.5365508198738098
9608,3,NORMAL,3,1,0.5838668346405029
9609,3,NORMAL,3,1,0.49398910999298096
9610,3,NORMAL,3,1,0.4757964611053467
9611,3,NORMAL,3,1,0.4113534688949585
9612,3,NORMAL,3,1,0.46801725029945374
9613,3,NORMAL,3,1,0.5166690945625305
9614,3,NORMAL,3,1,0.5311387181282043
9615,3,NORMAL,3,1,0.5497451424598694
9616,3,NORMAL,3,1,0.4922167956829071
9617,3,NORMAL,1,0,0.6497114300727844
9618,3,NORMAL,3,1,0.4815872013568878
9619,3,NORMAL,3,1,0.5171467661857605
9620,3,NORMAL,3,1,0.5861940979957581
9621,3,NORMAL,3,1,0.5053948163986206
9622,3,NORMAL,3,1,0.5041290521621704
9623,3,NORMAL,3,1,0.5209251046180725
9624,3,NORMAL,3,1,0.5674579739570618
9625,3,NORMAL,3,1,0.49007976055145264
9626,3,NORMAL,3,1,0.5781430006027222
9627,3,NORMAL,3,1,0.26512542366981506
9628,3,NORMAL,3,1,0.606604278087616
9629,3,NORMAL,3,1,0.6278684735298157
9630,3,NORMAL,3,1,0.5874143242835999
9631,3,NORMAL,3,1,0.4545627236366272
9632,3,NORMAL,3,1,0.5371103286743164
9633,3,NORMAL,3,1,0.4514605700969696
9634,3,NORMAL,3,1,0.5211476683616638
9635,3,NORMAL,3,1,0.2092745006084442
9636,3,NORMAL,3,1,0.5605323910713196
9637,3,NORMAL,3,1,0.5314986705780029
9638,3,NORMAL,3,1,0.6001061201095581
9639,3,NORMAL,3,1,0.6234160661697388
9640,3,NORMAL,3,1,0.5086710453033447
9641,3,NORMAL,3,1,0.5965179204940796
9642,3,NORMAL,3,1,0.5743362903594971
9643,3,NORMAL,3,1,0.5190545916557312
9644,3,NORMAL,3,1,0.4828369915485382
9645,3,NORMAL,3,1,0.555851399898529
9646,3,NORMAL,3,1,0.5106915831565857
9647,3,NORMAL,3,1,0.5191625952720642
9648,3,NORMAL,3,1,0.3787487745285034
9649,3,NORMAL,3,1,0.5914481282234192
9650,3,NORMAL,3,1,0.5396027565002441
9651,3,NORMAL,3,1,0.6175737380981445
9652,3,NORMAL,3,1,0.6138546466827393
9653,3,NORMAL,3,1,0.5931194424629211
9654,3,NORMAL,3,1,0.5560619235038757
9655,3,NORMAL,3,1,0.5304865837097168
9656,3,NORMAL,3,1,0.5544479489326477
9657,3,NORMAL,3,1,0.5813878774642944
9658,3,NORMAL,3,1,0.5720185041427612
9659,3,NORMAL,3,1,0.6146445274353027
9660,3,NORMAL,2,0,0.48899808526039124
9661,3,NORMAL,3,1,0.5433820486068726
9662,3,NORMAL,3,1,0.12746229767799377
9663,3,NORMAL,3,1,0.6129167079925537
9664,3,NORMAL,3,1,0.625241756439209
9665,3,NORMAL,3,1,0.5683645009994507
9666,3,NORMAL,3,1,0.24512259662151337
9667,3,NORMAL,3,1,0.6048275828361511
9668,3,NORMAL,3,1,0.5654603838920593
9669,3,NORMAL,3,1,0.4997329115867615
9670,3,NORMAL,3,1,0.5042706727981567
9671,3,NORMAL,3,1,0.4719466269016266
9672,3,NORMAL,3,1,0.5219531059265137
9673,3,NORMAL,3,1,0.6137813925743103
9674,3,NORMAL,3,1,0.33456897735595703
9675,3,NORMAL,3,1,0.5094498991966248
9676,3,NORMAL,3,1,0.48362162709236145
9677,3,NORMAL,3,1,0.5800104737281799
9678,3,NORMAL,3,1,0.585867702960968
9679,3,NORMAL,3,1,0.4642396569252014
9680,3,NORMAL,3,1,0.4660085439682007
9681,3,NORMAL,3,1,0.5169028043746948
9682,3,NORMAL,3,1,0.5342086553573608
9683,3,NORMAL,3,1,0.5510532855987549
9684,3,NORMAL,3,1,0.5166370272636414
9685,3,NORMAL,3,1,0.5956851243972778
9686,3,NORMAL,3,1,0.5034369230270386
9687,3,NORMAL,3,1,0.43451377749443054
9688,3,NORMAL,3,1,0.5255193114280701
9689,3,NORMAL,3,1,0.5088976621627808
9690,3,NORMAL,3,1,0.48304563760757446
9691,3,NORMAL,3,1,0.5472971200942993
9692,3,NORMAL,3,1,0.5500681400299072
9693,3,NORMAL,3,1,0.47473907470703125
9694,3,NORMAL,3,1,0.5090332627296448
9695,3,NORMAL,3,1,0.5996860861778259
9696,3,NORMAL,3,1,0.1053481325507164
9697,3,NORMAL,3,1,0.4403006136417389
9698,3,NORMAL,3,1,0.5021026730537415
9699,3,NORMAL,3,1,0.5484559535980225
9700,3,NORMAL,3,1,0.3997175693511963
9701,3,NORMAL,3,1,0.4985281527042389
9702,3,NORMAL,3,1,0.5649956464767456
9703,3,NORMAL,3,1,0.5808131098747253
9704,3,NORMAL,3,1,0.4555801451206207
9705,3,NORMAL,3,1,0.5974555611610413
9706,3,NORMAL,3,1,0.6152157783508301
9707,3,NORMAL,3,1,0.48542115092277527
9708,3,NORMAL,3,1,0.48753076791763306
9709,3,NORMAL,3,1,0.4868292808532715
9710,3,NORMAL,3,1,0.4577939510345459
9711,3,NORMAL,3,1,0.6212419271469116
9712,3,NORMAL,3,1,0.46188104152679443
9713,3,NORMAL,3,1,0.6016634106636047
9714,3,NORMAL,3,1,0.5976310968399048
9715,3,NORMAL,3,1,0.5258905291557312
9716,3,NORMAL,3,1,0.5089185833930969
9717,3,NORMAL,3,1,0.5431790351867676
9718,3,NORMAL,3,1,0.5209662318229675
9719,3,NORMAL,3,1,0.5531999468803406
9720,3,NORMAL,3,1,0.5521057844161987
9721,3,NORMAL,3,1,0.4989434778690338
9722,3,NORMAL,3,1,0.5787751078605652
9723,3,NORMAL,3,1,0.5823384523391724
9724,3,NORMAL,3,1,0.6089486479759216
9725,3,NORMAL,3,1,0.5023856163024902
9726,3,NORMAL,3,1,0.5868291854858398
9727,3,NORMAL,3,1,0.5586073994636536
9728,3,NORMAL,3,1,0.5253517031669617
9729,3,NORMAL,3,1,0.5812782049179077
9730,3,NORMAL,3,1,0.4595838785171509
9731,3,NORMAL,3,1,0.5913231372833252
9732,3,NORMAL,3,1,0.5881755948066711
9733,3,NORMAL,3,1,0.5126764178276062
9734,3,NORMAL,3,1,0.5455397367477417
9735,3,NORMAL,3,1,0.6253225803375244
9736,3,NORMAL,3,1,0.5629075169563293
9737,3,NORMAL,3,1,0.532592236995697
9738,3,NORMAL,3,1,0.5578572750091553
9739,3,NORMAL,3,1,0.5612722039222717
9740,3,NORMAL,3,1,0.612622857093811
9741,3,NORMAL,3,1,0.5038141012191772
9742,3,NORMAL,3,1,0.5070368051528931
9743,3,NORMAL,3,1,0.538907527923584
9744,3,NORMAL,3,1,0.5615022778511047
9745,3,NORMAL,3,1,0.4589858055114746
9746,3,NORMAL,3,1,0.5163099765777588
9747,3,NORMAL,3,1,0.517924964427948
9748,3,NORMAL,3,1,0.639192521572113
9749,3,NORMAL,3,1,0.5079375505447388
9750,3,NORMAL,3,1,0.45531073212623596
9751,3,NORMAL,3,1,0.43276286125183105
9752,3,NORMAL,3,1,0.5026313066482544
9753,3,NORMAL,3,1,0.5898932814598083
9754,3,NORMAL,3,1,0.5495465993881226
9755,3,NORMAL,3,1,0.6461902856826782
9756,3,NORMAL,3,1,0.492872953414917
9757,3,NORMAL,3,1,0.6297106742858887
9758,3,NORMAL,3,1,0.33376529812812805
9759,3,NORMAL,3,1,0.38779935240745544
9760,3,NORMAL,3,1,0.5793673396110535
9761,3,NORMAL,3,1,0.49969205260276794
9762,3,NORMAL,3,1,0.5790216326713562
9763,3,NORMAL,3,1,0.6286934018135071
9764,3,NORMAL,3,1,0.5721251964569092
9765,3,NORMAL,3,1,0.5638561844825745
9766,3,NORMAL,3,1,0.6416123509407043
9767,3,NORMAL,3,1,0.564895749092102
9768,3,NORMAL,3,1,0.5582525730133057
9769,3,NORMAL,3,1,0.561935305595398
9770,3,NORMAL,3,1,0.6225706338882446
9771,3,NORMAL,3,1,0.6272981762886047
9772,3,NORMAL,3,1,0.5817309617996216
9773,3,NORMAL,3,1,0.622978925704956
9774,3,NORMAL,3,1,0.6128862500190735
9775,3,NORMAL,3,1,0.5848110914230347
9776,3,NORMAL,3,1,0.5014642477035522
9777,3,NORMAL,3,1,0.5122359991073608
9778,3,NORMAL,3,1,0.42511898279190063
9779,3,NORMAL,3,1,0.5037393569946289
9780,3,NORMAL,3,1,0.5901577472686768
9781,3,NORMAL,3,1,0.6035438179969788
9782,3,NORMAL,3,1,0.5895944237709045
9783,3,NORMAL,3,1,0.6269089579582214
9784,3,NORMAL,3,1,0.539836049079895
9785,3,NORMAL,3,1,0.5843974351882935
9786,3,NORMAL,3,1,0.4876665472984314
9787,3,NORMAL,3,1,0.6429786682128906
9788,3,NORMAL,3,1,0.5193780064582825
9789,3,NORMAL,3,1,0.496283620595932
9790,3,NORMAL,3,1,0.6175622344017029
9791,3,NORMAL,3,1,0.6585043668746948
9792,3,NORMAL,3,1,0.4884326457977295
9793,3,NORMAL,3,1,0.6361280083656311
9794,3,NORMAL,3,1,0.47762277722358704
9795,3,NORMAL,3,1,0.6539850234985352
9796,3,NORMAL,3,1,0.5854896306991577
9797,3,NORMAL,3,1,0.5650539398193359
9798,3,NORMAL,3,1,0.5993825793266296
9799,3,NORMAL,3,1,0.5801615715026855
9800,3,NORMAL,3,1,0.4153657853603363
9801,3,NORMAL,3,1,0.6004056334495544
9802,3,NORMAL,3,1,0.4936164617538452
9803,3,NORMAL,3,1,0.5769511461257935
9804,3,NORMAL,3,1,0.440352201461792
9805,3,NORMAL,3,1,0.5904325842857361
9806,3,NORMAL,3,1,0.5380990505218506
9807,3,NORMAL,3,1,0.5848538279533386
9808,3,NORMAL,3,1,0.48108187317848206
9809,3,NORMAL,3,1,0.3362405300140381
9810,3,NORMAL,3,1,0.44705697894096375
9811,3,NORMAL,3,1,0.5884335041046143
9812,3,NORMAL,3,1,0.43788212537765503
9813,3,NORMAL,3,1,0.4603707194328308
9814,3,NORMAL,3,1,0.4855884909629822
9815,3,NORMAL,3,1,0.5822545886039734
9816,3,NORMAL,3,1,0.42499348521232605
9817,3,NORMAL,3,1,0.5235936045646667
9818,3,NORMAL,3,1,0.5602952241897583
9819,3,NORMAL,3,1,0.5565428137779236
9820,3,NORMAL,3,1,0.5959728360176086
9821,3,NORMAL,3,1,0.5965555310249329
9822,3,NORMAL,3,1,0.564315676689148
9823,3,NORMAL,3,1,0.5530315041542053
9824,3,NORMAL,3,1,0.46989837288856506
9825,3,NORMAL,3,1,0.4793776571750641
9826,3,NORMAL,3,1,0.6356310248374939
9827,3,NORMAL,3,1,0.6500936150550842
9828,3,NORMAL,3,1,0.5288287997245789
9829,3,NORMAL,3,1,0.5884225368499756
9830,3,NORMAL,3,1,0.43017998337745667
9831,3,NORMAL,3,1,0.5438044667243958
9832,3,NORMAL,3,1,0.5191524624824524
9833,3,NORMAL,3,1,0.5362076759338379
9834,3,NORMAL,3,1,0.5118082761764526
9835,3,NORMAL,3,1,0.6366719603538513
9836,3,NORMAL,3,1,0.304365336894989
9837,3,NORMAL,3,1,0.5286766290664673
9838,3,NORMAL,3,1,0.579755425453186
9839,3,NORMAL,3,1,0.6607235074043274
9840,3,NORMAL,3,1,0.3880472481250763
9841,3,NORMAL,3,1,0.542794406414032
9842,3,NORMAL,3,1,0.5909092426300049
9843,3,NORMAL,3,1,0.5225380659103394
9844,3,NORMAL,3,1,0.5288967490196228
9845,3,NORMAL,3,1,0.5910425186157227
9846,3,NORMAL,3,1,0.5499125719070435
9847,3,NORMAL,3,1,0.6080707311630249
9848,3,NORMAL,3,1,0.6414464116096497
9849,3,NORMAL,3,1,0.44603976607322693
9850,3,NORMAL,3,1,0.15451715886592865
9851,3,NORMAL,3,1,0.440673828125
9852,3,NORMAL,3,1,0.4553212821483612
9853,3,NORMAL,3,1,0.5531007647514343
9854,3,NORMAL,3,1,0.5593522191047668
9855,3,NORMAL,3,1,0.5774727463722229
9856,3,NORMAL,3,1,0.4677782654762268
9857,3,NORMAL,1,0,0.5483892560005188
9858,3,NORMAL,3,1,0.6170227527618408
9859,3,NORMAL,3,1,0.3533329665660858
9860,3,NORMAL,3,1,0.5136648416519165
9861,3,NORMAL,3,1,0.5179928541183472
9862,3,NORMAL,3,1,0.5622288584709167
9863,3,NORMAL,3,1,0.4419563114643097
9864,3,NORMAL,3,1,0.6017516255378723
9865,3,NORMAL,3,1,0.5650772452354431
9866,3,NORMAL,3,1,0.5492729544639587
9867,3,NORMAL,3,1,0.6066972017288208
9868,3,NORMAL,3,1,0.47411221265792847
9869,3,NORMAL,3,1,0.5858238339424133
9870,3,NORMAL,3,1,0.5078443884849548
9871,3,NORMAL,3,1,0.5520501136779785
9872,3,NORMAL,3,1,0.66152024269104
9873,3,NORMAL,3,1,0.4980480372905731
9874,3,NORMAL,3,1,0.5451765656471252
9875,3,NORMAL,3,1,0.5057587623596191
9876,3,NORMAL,3,1,0.5560783743858337
9877,3,NORMAL,3,1,0.6179206967353821
9878,3,NORMAL,3,1,0.5309233069419861
9879,3,NORMAL,3,1,0.5870956778526306
9880,3,NORMAL,3,1,0.5782705545425415
9881,3,NORMAL,3,1,0.5673721432685852
9882,3,NORMAL,3,1,0.5823811888694763
9883,3,NORMAL,3,1,0.5987381339073181
9884,3,NORMAL,3,1,0.5980314016342163
9885,3,NORMAL,3,1,0.4716026782989502
9886,3,NORMAL,3,1,0.5534629821777344
9887,3,NORMAL,3,1,0.4719991683959961
9888,3,NORMAL,3,1,0.4242536127567291
9889,3,NORMAL,1,0,0.23333388566970825
9890,3,NORMAL,3,1,0.53523850440979
9891,3,NORMAL,3,1,0.31570863723754883
9892,3,NORMAL,3,1,0.5743435621261597
9893,3,NORMAL,3,1,0.45120230317115784
9894,3,NORMAL,3,1,0.6112391352653503
9895,3,NORMAL,3,1,0.5350828170776367
9896,3,NORMAL,3,1,0.4906785190105438
9897,3,NORMAL,3,1,0.5561762452125549
9898,3,NORMAL,3,1,0.6359715461730957
9899,3,NORMAL,3,1,0.5227463841438293
9900,3,NORMAL,3,1,0.6089421510696411
9901,3,NORMAL,3,1,0.48329904675483704
9902,3,NORMAL,3,1,0.5619152188301086
9903,3,NORMAL,3,1,0.5842790007591248
9904,3,NORMAL,3,1,0.5189226865768433
9905,3,NORMAL,3,1,0.4403805732727051
9906,3,NORMAL,3,1,0.5367013216018677
9907,3,NORMAL,3,1,0.5654047727584839
9908,3,NORMAL,3,1,0.5312708020210266
9909,3,NORMAL,3,1,0.5606178641319275
9910,3,NORMAL,3,1,0.6113619804382324
9911,3,NORMAL,3,1,0.5065780878067017
9912,3,NORMAL,3,1,0.5695955157279968
9913,3,NORMAL,3,1,0.565060019493103
9914,3,NORMAL,3,1,0.5107213258743286
9915,3,NORMAL,3,1,0.5958277583122253
9916,3,NORMAL,3,1,0.5272418260574341
9917,3,NORMAL,3,1,0.42426609992980957
9918,3,NORMAL,3,1,0.6160320043563843
9919,3,NORMAL,3,1,0.4960014820098877
9920,3,NORMAL,3,1,0.5472704172134399
9921,3,NORMAL,3,1,0.5435178875923157
9922,3,NORMAL,3,1,0.5880558490753174
9923,3,NORMAL,3,1,0.6033253073692322
9924,3,NORMAL,3,1,0.5102827548980713
9925,3,NORMAL,3,1,0.5522097945213318
9926,3,NORMAL,3,1,0.5227557420730591
9927,3,NORMAL,3,1,0.4727192521095276
9928,3,NORMAL,3,1,0.5942353010177612
9929,3,NORMAL,3,1,0.5851934552192688
9930,3,NORMAL,3,1,0.5741076469421387
9931,3,NORMAL,3,1,0.5269008874893188
9932,3,NORMAL,3,1,0.5783407092094421
9933,3,NORMAL,3,1,0.3418327569961548
9934,3,NORMAL,3,1,0.492607057094574
9935,3,NORMAL,3,1,0.30095234513282776
9936,3,NORMAL,3,1,0.5611591935157776
9937,3,NORMAL,3,1,0.5097828507423401
9938,3,NORMAL,3,1,0.566813051700592
9939,3,NORMAL,3,1,0.5318819880485535
9940,3,NORMAL,3,1,0.5813788771629333
9941,3,NORMAL,3,1,0.4953891336917877
9942,3,NORMAL,3,1,0.309183269739151
9943,3,NORMAL,3,1,0.5382508635520935
9944,3,NORMAL,3,1,0.5720462203025818
9945,3,NORMAL,3,1,0.6175615787506104
9946,3,NORMAL,3,1,0.48788297176361084
9947,3,NORMAL,3,1,0.505852460861206
9948,3,NORMAL,3,1,0.4034859836101532
9949,3,NORMAL,3,1,0.580716609954834
9950,3,NORMAL,3,1,0.5624743103981018
9951,3,NORMAL,3,1,0.47873222827911377
9952,3,NORMAL,3,1,0.4764857888221741
9953,3,NORMAL,3,1,0.6468091607093811
9954,3,NORMAL,3,1,0.5711716413497925
9955,3,NORMAL,3,1,0.48564445972442627
9956,3,NORMAL,3,1,0.5492415428161621
9957,3,NORMAL,3,1,0.570469081401825
9958,3,NORMAL,3,1,0.5788252949714661
9959,3,NORMAL,3,1,0.49679526686668396
9960,3,NORMAL,3,1,0.5702939033508301
9961,3,NORMAL,3,1,0.6176129579544067
9962,3,NORMAL,3,1,0.6178328394889832
9963,3,NORMAL,3,1,0.5047010183334351
9964,3,NORMAL,3,1,0.6542227864265442
9965,3,NORMAL,3,1,0.5732832551002502
9966,3,NORMAL,3,1,0.5969334244728088
9967,3,NORMAL,3,1,0.562738835811615
9968,3,NORMAL,3,1,0.5603991746902466
9969,3,NORMAL,3,1,0.48482459783554077
9970,3,NORMAL,3,1,0.6143407821655273
9971,3,NORMAL,3,1,0.5771979689598083
9972,3,NORMAL,3,1,0.5090955495834351
9973,3,NORMAL,3,1,0.47793713212013245
9974,3,NORMAL,3,1,0.6115813255310059
9975,3,NORMAL,3,1,0.5623453259468079
9976,3,NORMAL,3,1,0.5449733734130859
9977,3,NORMAL,3,1,0.45928338170051575
9978,3,NORMAL,3,1,0.5226150751113892
9979,3,NORMAL,3,1,0.5713695287704468
9980,3,NORMAL,3,1,0.5066958069801331
9981,3,NORMAL,3,1,0.4508693516254425
9982,3,NORMAL,3,1,0.5624659657478333
9983,3,NORMAL,3,1,0.5793827772140503
9984,3,NORMAL,3,1,0.48987725377082825
9985,3,NORMAL,3,1,0.6039500832557678
9986,3,NORMAL,3,1,0.5837448239326477
9987,3,NORMAL,3,1,0.39566799998283386
9988,3,NORMAL,3,1,0.6797090172767639
9989,3,NORMAL,3,1,0.5625765919685364
9990,3,NORMAL,3,1,0.42744848132133484
9991,3,NORMAL,3,1,0.5305545330047607
9992,3,NORMAL,3,1,0.5298890471458435
9993,3,NORMAL,3,1,0.6088818907737732
9994,3,NORMAL,3,1,0.5789340138435364
9995,3,NORMAL,3,1,0.5408804416656494
9996,3,NORMAL,3,1,0.4931427538394928
9997,3,NORMAL,3,1,0.6152070164680481
9998,3,NORMAL,3,1,0.6185774803161621
9999,3,NORMAL,3,1,0.5599052906036377
10000,3,NORMAL,3,1,0.5856927037239075
10001,3,NORMAL,3,1,0.5916207432746887
10002,3,NORMAL,3,1,0.5867971181869507
10003,3,NORMAL,3,1,0.661341667175293
10004,3,NORMAL,3,1,0.6176882982254028
10005,3,NORMAL,3,1,0.4963754117488861
10006,3,NORMAL,0,0,0.28125
10007,3,NORMAL,3,1,0.4697580933570862
10008,3,NORMAL,3,1,0.5909606218338013
10009,3,NORMAL,3,1,0.493558406829834
10010,3,NORMAL,3,1,0.518159031867981
10011,3,NORMAL,3,1,0.533821702003479
10012,3,NORMAL,3,1,0.6124664545059204
10013,3,NORMAL,3,1,0.5870780944824219
10014,3,NORMAL,3,1,0.6565728783607483
10015,3,NORMAL,3,1,0.5566070079803467
10016,3,NORMAL,3,1,0.4640129804611206
10017,3,NORMAL,3,1,0.48192524909973145
10018,3,NORMAL,3,1,0.5211241245269775
10019,3,NORMAL,3,1,0.45971208810806274
10020,3,NORMAL,3,1,0.38095757365226746
10021,3,NORMAL,3,1,0.5166789293289185
10022,3,NORMAL,3,1,0.5655701160430908
10023,3,NORMAL,3,1,0.5561293959617615
10024,3,NORMAL,3,1,0.5025148987770081
10025,3,NORMAL,3,1,0.5013784170150757
10026,3,NORMAL,3,1,0.5296503901481628
10027,3,NORMAL,3,1,0.5065646171569824
10028,3,NORMAL,3,1,0.4921466112136841
10029,3,NORMAL,3,1,0.6257153749465942
10030,3,NORMAL,3,1,0.5313665866851807
10031,3,NORMAL,3,1,0.5585988759994507
10032,3,NORMAL,3,1,0.5576092004776001
10033,3,NORMAL,3,1,0.6729840040206909
10034,3,NORMAL,3,1,0.5891239643096924
10035,3,NORMAL,3,1,0.6020994782447815
10036,3,NORMAL,3,1,0.5173789858818054
10037,3,NORMAL,3,1,0.6052775979042053
10038,3,NORMAL,3,1,0.48545676469802856
10039,3,NORMAL,3,1,0.5324569940567017
10040,3,NORMAL,3,1,0.6272090077400208
10041,3,NORMAL,3,1,0.4269166886806488
10042,3,NORMAL,3,1,0.49746769666671753
10043,3,NORMAL,3,1,0.5180447697639465
10044,3,NORMAL,3,1,0.534157395362854
10045,3,NORMAL,3,1,0.4475950300693512
10046,3,NORMAL,3,1,0.5010685324668884
10047,3,NORMAL,3,1,0.641867995262146
10048,3,NORMAL,3,1,0.5611347556114197
10049,3,NORMAL,3,1,0.23949627578258514
10050,3,NORMAL,3,1,0.4487326741218567
10051,3,NORMAL,3,1,0.5079329013824463
10052,3,NORMAL,3,1,0.5598611235618591
10053,3,NORMAL,3,1,0.607888400554657
10054,3,NORMAL,3,1,0.5645920634269714
10055,3,NORMAL,3,1,0.5507875680923462
10056,3,NORMAL,3,1,0.5124683380126953
10057,3,NORMAL,3,1,0.5799447894096375
10058,3,NORMAL,3,1,0.5857896208763123
10059,3,NORMAL,3,1,0.607753574848175
10060,3,NORMAL,3,1,0.5757073760032654
10061,3,NORMAL,3,1,0.39971935749053955
10062,3,NORMAL,3,1,0.5179798603057861
10063,3,NORMAL,3,1,0.547125518321991
10064,3,NORMAL,3,1,0.627112627029419
10065,3,NORMAL,3,1,0.42531633377075195
10066,3,NORMAL,3,1,0.47414204478263855
10067,3,NORMAL,3,1,0.5233197808265686
10068,3,NORMAL,3,1,0.5519017577171326
10069,3,NORMAL,3,1,0.6216995716094971
10070,3,NORMAL,3,1,0.537743330001831
10071,3,NORMAL,3,1,0.5323308706283569
10072,3,NORMAL,3,1,0.5189073085784912
10073,3,NORMAL,3,1,0.5736715197563171
10074,3,NORMAL,3,1,0.4134369492530823
10075,3,NORMAL,3,1,0.48281174898147583
10076,3,NORMAL,3,1,0.6100496649742126
10077,3,NORMAL,3,1,0.4978780746459961
10078,3,NORMAL,3,1,0.376324862241745
10079,3,NORMAL,3,1,0.6005329489707947
10080,3,NORMAL,3,1,0.4934075176715851
10081,3,NORMAL,3,1,0.6168243885040283
10082,3,NORMAL,3,1,0.5923913717269897
10083,3,NORMAL,3,1,0.5828096866607666
10084,3,NORMAL,3,1,0.5359607934951782
10085,3,NORMAL,3,1,0.5911425948143005
10086,3,NORMAL,3,1,0.5122290253639221
10087,3,NORMAL,3,1,0.5991706252098083
10088,3,NORMAL,3,1,0.5167179107666016
10089,3,NORMAL,3,1,0.5303626656532288
10090,3,NORMAL,3,1,0.6143574714660645
10091,3,NORMAL,3,1,0.5291431546211243
10092,3,NORMAL,3,1,0.5343895554542542
10093,3,NORMAL,3,1,0.5147456526756287
10094,3,NORMAL,3,1,0.5888722538948059
10095,3,NORMAL,3,1,0.6042389869689941
10096,3,NORMAL,3,1,0.5352984666824341
10097,3,NORMAL,3,1,0.5208060145378113
10098,3,NORMAL,3,1,0.5432171821594238
10099,3,NORMAL,3,1,0.504538893699646
10100,3,NORMAL,3,1,0.5462251305580139
10101,3,NORMAL,3,1,0.529096782207489
10102,3,NORMAL,3,1,0.5324909687042236
10103,3,NORMAL,3,1,0.3715650141239166
10104,3,NORMAL,3,1,0.5836501121520996
10105,3,NORMAL,3,1,0.4135501980781555
10106,3,NORMAL,3,1,0.506850004196167
10107,3,NORMAL,3,1,0.5637588500976562
10108,3,NORMAL,3,1,0.47744378447532654
10109,3,NORMAL,3,1,0.5689147114753723
10110,3,NORMAL,3,1,0.4879004657268524
10111,3,NORMAL,3,1,0.5814222693443298
10112,3,NORMAL,3,1,0.3914342224597931
10113,3,NORMAL,3,1,0.5931930541992188
10114,3,NORMAL,3,1,0.505641758441925
10115,3,NORMAL,3,1,0.5761874318122864
10116,3,NORMAL,3,1,0.342741459608078
10117,3,NORMAL,3,1,0.5960420966148376
10118,3,NORMAL,3,1,0.4933587610721588
10119,3,NORMAL,3,1,0.5313431620597839
10120,3,NORMAL,3,1,0.5034837126731873
10121,3,NORMAL,3,1,0.5400493144989014
10122,3,NORMAL,3,1,0.6304381489753723
10123,3,NORMAL,3,1,0.5147261023521423
10124,3,NORMAL,3,1,0.5624418258666992
10125,3,NORMAL,2,0,0.46856555342674255
10126,3,NORMAL,3,1,0.702325701713562
10127,3,NORMAL,3,1,0.5499194264411926
10128,3,NORMAL,3,1,0.5918611884117126
10129,3,NORMAL,3,1,0.5457784533500671
10130,3,NORMAL,3,1,0.34524545073509216
10131,3,NORMAL,3,1,0.5721840262413025
10132,3,NORMAL,3,1,0.4826900064945221
10133,3,NORMAL,3,1,0.461745947599411
10134,3,NORMAL,3,1,0.5673964023590088
10135,3,NORMAL,3,1,0.5560951232910156
10136,3,NORMAL,3,1,0.5381367206573486
10137,3,NORMAL,3,1,0.6258589029312134
10138,3,NORMAL,3,1,0.5068671107292175
10139,3,NORMAL,3,1,0.4946208596229553
10140,3,NORMAL,3,1,0.5767945051193237
10141,3,NORMAL,3,1,0.568831205368042
10142,3,NORMAL,3,1,0.5380691885948181
10143,3,NORMAL,3,1,0.5417657494544983
10144,3,NORMAL,3,1,0.6094481945037842
10145,3,NORMAL,3,1,0.4325324594974518
10146,3,NORMAL,3,1,0.4645828306674957
10147,3,NORMAL,3,1,0.5262256264686584
10148,3,NORMAL,3,1,0.5092683434486389
10149,3,NORMAL,3,1,0.37424373626708984
10150,3,NORMAL,3,1,0.575659453868866
10151,3,NORMAL,3,1,0.5193356871604919
10152,3,NORMAL,1,0,0.5462378859519958
10153,3,NORMAL,3,1,0.5823510885238647
10154,3,NORMAL,3,1,0.5928900837898254
10155,3,NORMAL,3,1,0.5948323607444763
10156,3,NORMAL,3,1,0.496084600687027
10157,3,NORMAL,3,1,0.6293278932571411
10158,3,NORMAL,3,1,0.5845648050308228
10159,3,NORMAL,3,1,0.4517139196395874
10160,3,NORMAL,3,1,0.530794620513916
10161,3,NORMAL,3,1,0.6033473014831543
10162,3,NORMAL,3,1,0.542182445526123
10163,3,NORMAL,3,1,0.48886838555336
10164,3,NORMAL,3,1,0.5079836249351501
10165,3,NORMAL,3,1,0.5117583870887756
10166,3,NORMAL,3,1,0.577410876750946
10167,3,NORMAL,3,1,0.5814834833145142
10168,3,NORMAL,3,1,0.5776358246803284
10169,3,NORMAL,3,1,0.5833703279495239
10170,3,NORMAL,3,1,0.29548728466033936
10171,3,NORMAL,3,1,0.54918372631073
10172,3,NORMAL,3,1,0.4483617842197418
10173,3,NORMAL,3,1,0.3853360712528229
10174,3,NORMAL,3,1,0.5185950994491577
10175,3,NORMAL,3,1,0.5163063406944275
10176,3,NORMAL,3,1,0.5381484627723694
10177,3,NORMAL,3,1,0.3949737250804901
10178,3,NORMAL,3,1,0.5872471332550049
10179,3,NORMAL,3,1,0.6016963720321655
10180,3,NORMAL,3,1,0.6512934565544128
10181,3,NORMAL,3,1,0.5308376550674438
10182,3,NORMAL,3,1,0.6014589667320251
10183,3,NORMAL,3,1,0.6393346786499023
10184,3,NORMAL,3,1,0.555539608001709
10185,3,NORMAL,3,1,0.6089496612548828
10186,3,NORMAL,3,1,0.5906760096549988
10187,3,NORMAL,3,1,0.5336054563522339
10188,3,NORMAL,3,1,0.6169494986534119
10189,3,NORMAL,3,1,0.6087859869003296
10190,3,NORMAL,3,1,0.5329318642616272
10191,3,NORMAL,3,1,0.5417789816856384
10192,3,NORMAL,3,1,0.5479767322540283
10193,3,NORMAL,3,1,0.6390347480773926
10194,3,NORMAL,3,1,0.5769270062446594
10195,3,NORMAL,3,1,0.49112048745155334
10196,3,NORMAL,3,1,0.5955188870429993
10197,3,NORMAL,3,1,0.4803699254989624
10198,3,NORMAL,3,1,0.5029363036155701
10199,3,NORMAL,3,1,0.5527234077453613
10200,3,NORMAL,3,1,0.5783465504646301
10201,3,NORMAL,3,1,0.48034635186195374
10202,3,NORMAL,3,1,0.5163158774375916
10203,3,NORMAL,3,1,0.5669572353363037
10204,3,NORMAL,3,1,0.506801426410675
10205,3,NORMAL,3,1,0.6085342168807983
10206,3,NORMAL,3,1,0.4689246416091919
10207,3,NORMAL,3,1,0.6460781097412109
10208,3,NORMAL,3,1,0.6211270093917847
10209,3,NORMAL,3,1,0.5819180011749268
10210,3,NORMAL,3,1,0.496494859457016
10211,3,NORMAL,3,1,0.5114454627037048
10212,3,NORMAL,3,1,0.579494833946228
10213,3,NORMAL,3,1,0.5844703316688538
10214,3,NORMAL,3,1,0.5520325303077698
10215,3,NORMAL,3,1,0.5868410468101501
10216,3,NORMAL,3,1,0.5891647934913635
10217,3,NORMAL,3,1,0.48779037594795227
10218,3,NORMAL,3,1,0.5856201648712158
10219,3,NORMAL,3,1,0.46633198857307434
10220,3,NORMAL,3,1,0.6268072128295898
10221,3,NORMAL,3,1,0.5394070744514465
10222,3,NORMAL,3,1,0.523098886013031
10223,3,NORMAL,3,1,0.3590518534183502
10224,3,NORMAL,3,1,0.5725254416465759
10225,3,NORMAL,3,1,0.47991302609443665
10226,3,NORMAL,3,1,0.45336130261421204
10227,3,NORMAL,3,1,0.5547440052032471
10228,3,NORMAL,3,1,0.6595178842544556
10229,3,NORMAL,3,1,0.4533565938472748
10230,3,NORMAL,3,1,0.5099402666091919
10231,3,NORMAL,3,1,0.575943648815155
10232,3,NORMAL,3,1,0.5196051001548767
10233,3,NORMAL,3,1,0.5356370806694031
10234,3,NORMAL,3,1,0.5501022934913635
10235,3,NORMAL,3,1,0.5955415368080139
10236,3,NORMAL,3,1,0.6165149211883545
10237,3,NORMAL,3,1,0.518656849861145
10238,3,NORMAL,3,1,0.4997161328792572
10239,3,NORMAL,3,1,0.5848374366760254
10240,3,NORMAL,3,1,0.5457737445831299
10241,3,NORMAL,3,1,0.6011894941329956
10242,3,NORMAL,3,1,0.44585907459259033
10243,3,NORMAL,3,1,0.5693761706352234
10244,3,NORMAL,3,1,0.47323331236839294
10245,3,NORMAL,3,1,0.5463489294052124
10246,3,NORMAL,2,0,0.5808385610580444
10247,3,NORMAL,3,1,0.5147968530654907
10248,3,NORMAL,3,1,0.5980759263038635
10249,3,NORMAL,3,1,0.3306979238986969
10250,3,NORMAL,3,1,0.5264171957969666
10251,3,NORMAL,3,1,0.49676060676574707
10252,3,NORMAL,3,1,0.10946743935346603
10253,3,NORMAL,3,1,0.5779623985290527
10254,3,NORMAL,3,1,0.511217474937439
10255,3,NORMAL,3,1,0.5634065866470337
10256,3,NORMAL,3,1,0.6044852137565613
10257,3,NORMAL,3,1,0.5578051805496216
10258,3,NORMAL,3,1,0.4257620871067047
10259,3,NORMAL,3,1,0.6359875798225403
10260,3,NORMAL,3,1,0.6359651684761047
10261,3,NORMAL,3,1,0.573535680770874
10262,3,NORMAL,3,1,0.5711037516593933
10263,3,NORMAL,3,1,0.5873566269874573
10264,3,NORMAL,3,1,0.5134991407394409
10265,3,NORMAL,3,1,0.5400633811950684
10266,3,NORMAL,3,1,0.5788154602050781
10267,3,NORMAL,3,1,0.45015010237693787
10268,3,NORMAL,3,1,0.5760955810546875
10269,3,NORMAL,3,1,0.5784391164779663
10270,3,NORMAL,3,1,0.5191641449928284
10271,3,NORMAL,3,1,0.5748140811920166
10272,3,NORMAL,3,1,0.5999591946601868
10273,3,NORMAL,3,1,0.47422629594802856
10274,3,NORMAL,3,1,0.44052425026893616
10275,3,NORMAL,3,1,0.5806939005851746
10276,3,NORMAL,3,1,0.56074059009552
10277,3,NORMAL,3,1,0.47483670711517334
10278,3,NORMAL,3,1,0.42512479424476624
10279,3,NORMAL,3,1,0.591335654258728
10280,3,NORMAL,3,1,0.4730261564254761
10281,3,NORMAL,3,1,0.5839245319366455
10282,3,NORMAL,3,1,0.5293146371841431
10283,3,NORMAL,3,1,0.6491755843162537
10284,3,NORMAL,3,1,0.545010507106781
10285,3,NORMAL,3,1,0.6384206414222717
10286,3,NORMAL,3,1,0.5120961666107178
10287,3,NORMAL,1,0,0.5175308585166931
10288,3,NORMAL,3,1,0.5619305968284607
10289,3,NORMAL,3,1,0.48353463411331177
10290,3,NORMAL,3,1,0.5967522263526917
10291,3,NORMAL,3,1,0.5544611811637878
10292,3,NORMAL,3,1,0.5723981857299805
10293,3,NORMAL,3,1,0.4900085926055908
10294,3,NORMAL,3,1,0.5307916402816772
10295,3,NORMAL,3,1,0.5348792672157288
10296,3,NORMAL,3,1,0.4084545075893402
10297,3,NORMAL,3,1,0.500959575176239
10298,3,NORMAL,3,1,0.5570176839828491
10299,3,NORMAL,3,1,0.503675639629364
10300,3,NORMAL,3,1,0.5190891027450562
10301,3,NORMAL,3,1,0.6276235580444336
10302,3,NORMAL,3,1,0.5608148574829102
10303,3,NORMAL,3,1,0.5804929137229919
10304,3,NORMAL,3,1,0.5820803046226501
10305,3,NORMAL,3,1,0.43938255310058594
10306,3,NORMAL,3,1,0.5120606422424316
10307,3,NORMAL,3,1,0.7389084696769714
10308,3,NORMAL,3,1,0.3538609445095062
10309,3,NORMAL,3,1,0.5461664199829102
10310,3,NORMAL,3,1,0.5382339954376221
10311,3,NORMAL,3,1,0.5851943492889404
10312,3,NORMAL,3,1,0.599419891834259
10313,3,NORMAL,3,1,0.515362024307251
10314,3,NORMAL,3,1,0.5939504504203796
10315,3,NORMAL,3,1,0.37729412317276
10316,3,NORMAL,3,1,0.4588457942008972
10317,3,NORMAL,3,1,0.6088936924934387
10318,3,NORMAL,3,1,0.47150713205337524
10319,3,NORMAL,3,1,0.5621845126152039
10320,3,NORMAL,3,1,0.4929496943950653
10321,3,NORMAL,3,1,0.5012431144714355
10322,3,NORMAL,3,1,0.5548151135444641
10323,3,NORMAL,3,1,0.6417587995529175
10324,3,NORMAL,3,1,0.5734583735466003
10325,3,NORMAL,3,1,0.12885668873786926
10326,3,NORMAL,3,1,0.5790808796882629
10327,3,NORMAL,3,1,0.5693618655204773
10328,3,NORMAL,3,1,0.4893655776977539
10329,3,NORMAL,3,1,0.5865580439567566
10330,3,NORMAL,3,1,0.5913932919502258
10331,3,NORMAL,3,1,0.4510045647621155
10332,3,NORMAL,3,1,0.5889351963996887
10333,3,NORMAL,3,1,0.5608827471733093
10334,3,NORMAL,3,1,0.5435951948165894
10335,3,NORMAL,3,1,0.6183293461799622
10336,3,NORMAL,3,1,0.5317448377609253
10337,3,NORMAL,3,1,0.43312010169029236
10338,3,NORMAL,3,1,0.5209624767303467
10339,3,NORMAL,3,1,0.414699524641037
10340,3,NORMAL,3,1,0.5666804313659668
10341,3,NORMAL,3,1,0.5014406442642212
10342,3,NORMAL,3,1,0.561534583568573
10343,3,NORMAL,3,1,0.45643121004104614
10344,3,NORMAL,3,1,0.5428507328033447
10345,3,NORMAL,3,1,0.6080483198165894
10346,3,NORMAL,3,1,0.5831525325775146
10347,3,NORMAL,3,1,0.5318217277526855
10348,3,NORMAL,3,1,0.5715619325637817
10349,3,NORMAL,3,1,0.4998219609260559
10350,3,NORMAL,3,1,0.4897482693195343
10351,3,NORMAL,3,1,0.57376629114151
10352,3,NORMAL,3,1,0.45951521396636963
10353,3,NORMAL,3,1,0.5001183152198792
10354,3,NORMAL,3,1,0.44478490948677063
10355,3,NORMAL,3,1,0.514171302318573
10356,3,NORMAL,3,1,0.5821110606193542
10357,3,NORMAL,3,1,0.6251626014709473
10358,3,NORMAL,3,1,0.46765875816345215
10359,3,NORMAL,3,1,0.509360134601593
10360,3,NORMAL,3,1,0.5209688544273376
10361,3,NORMAL,3,1,0.6078280806541443
10362,3,NORMAL,3,1,0.4986262619495392
10363,3,NORMAL,3,1,0.41905084252357483
10364,3,NORMAL,3,1,0.5404462814331055
10365,3,NORMAL,3,1,0.4501494765281677
10366,3,NORMAL,3,1,0.4436046779155731
10367,3,NORMAL,3,1,0.551017165184021
10368,3,NORMAL,3,1,0.5489691495895386
10369,3,NORMAL,3,1,0.5263932347297668
10370,3,NORMAL,3,1,0.5891463756561279
10371,3,NORMAL,3,1,0.6186737418174744
10372,3,NORMAL,3,1,0.5241063237190247
10373,3,NORMAL,3,1,0.4896957576274872
10374,3,NORMAL,3,1,0.5880144834518433
10375,3,NORMAL,3,1,0.5336248874664307
10376,3,NORMAL,3,1,0.563071072101593
10377,3,NORMAL,3,1,0.6398793458938599
10378,3,NORMAL,3,1,0.5561433434486389
10379,3,NORMAL,3,1,0.4431702792644501
10380,3,NORMAL,3,1,0.48942485451698303
10381,3,NORMAL,3,1,0.40544602274894714
10382,3,NORMAL,3,1,0.6144390106201172
10383,3,NORMAL,3,1,0.46359783411026
10384,3,NORMAL,3,1,0.5185182094573975
10385,3,NORMAL,3,1,0.5472169518470764
10386,3,NORMAL,3,1,0.416153222322464
10387,3,NORMAL,0,0,0.9359084963798523
10388,3,NORMAL,3,1,0.4756656289100647
10389,3,NORMAL,3,1,0.5854743719100952
10390,3,NORMAL,3,1,0.6042616963386536
10391,3,NORMAL,3,1,0.5253046751022339
10392,3,NORMAL,3,1,0.6446287035942078
10393,3,NORMAL,3,1,0.4306449592113495
10394,3,NORMAL,3,1,0.5815836191177368
10395,3,NORMAL,3,1,0.5767281651496887
10396,3,NORMAL,3,1,0.4519570767879486
10397,3,NORMAL,3,1,0.6197806596755981
10398,3,NORMAL,3,1,0.4956577718257904
10399,3,NORMAL,3,1,0.5223342180252075
10400,3,NORMAL,3,1,0.6645203232765198
10401,3,NORMAL,3,1,0.5445001721382141
10402,3,NORMAL,3,1,0.36255547404289246
10403,3,NORMAL,3,1,0.6288937926292419
10404,3,NORMAL,3,1,0.5644442439079285
10405,3,NORMAL,3,1,0.6128203272819519
10406,3,NORMAL,3,1,0.5418920516967773
10407,3,NORMAL,3,1,0.5714998841285706
10408,3,NORMAL,3,1,0.454445481300354
10409,3,NORMAL,3,1,0.5798788070678711
10410,3,NORMAL,3,1,0.5744463801383972
10411,3,NORMAL,3,1,0.4587652385234833
10412,3,NORMAL,3,1,0.434858113527298
10413,3,NORMAL,3,1,0.5785238742828369
10414,3,NORMAL,3,1,0.5045470595359802
10415,3,NORMAL,3,1,0.5211505889892578
10416,3,NORMAL,3,1,0.3864181637763977
10417,3,NORMAL,3,1,0.5448451638221741
10418,3,NORMAL,3,1,0.4722624719142914
10419,3,NORMAL,3,1,0.5002564191818237
10420,3,NORMAL,3,1,0.6251239776611328
10421,3,NORMAL,3,1,0.5449399948120117
10422,3,NORMAL,3,1,0.4213838279247284
10423,3,NORMAL,3,1,0.576606035232544
10424,3,NORMAL,3,1,0.42983201146125793
10425,3,NORMAL,3,1,0.5172297954559326
10426,3,NORMAL,3,1,0.5219592452049255
10427,3,NORMAL,3,1,0.6052675247192383
10428,3,NORMAL,3,1,0.5221331715583801
10429,3,NORMAL,3,1,0.5498830080032349
10430,3,NORMAL,3,1,0.5388108491897583
10431,3,NORMAL,3,1,0.601922333240509
10432,3,NORMAL,3,1,0.6177135109901428
10433,3,NORMAL,3,1,0.5095039010047913
10434,3,NORMAL,3,1,0.5522836446762085
10435,3,NORMAL,3,1,0.5740141272544861
10436,3,NORMAL,3,1,0.48828059434890747
10437,3,NORMAL,3,1,0.6617017388343811
10438,3,NORMAL,3,1,0.5672205686569214
10439,3,NORMAL,3,1,0.5751904249191284
10440,3,NORMAL,3,1,0.5431941747665405
10441,3,NORMAL,3,1,0.6260401606559753
10442,3,NORMAL,3,1,0.6297405958175659
10443,3,NORMAL,3,1,0.5119287967681885
10444,3,NORMAL,3,1,0.4400712549686432
10445,3,NORMAL,3,1,0.5631515979766846
10446,3,NORMAL,3,1,0.4671748876571655
10447,3,NORMAL,3,1,0.5801405906677246
10448,3,NORMAL,3,1,0.5762986540794373
10449,3,NORMAL,3,1,0.6210398077964783
10450,3,NORMAL,3,1,0.5752748847007751
10451,3,NORMAL,3,1,0.15499064326286316
10452,3,NORMAL,3,1,0.4922734498977661
10453,3,NORMAL,3,1,0.45446088910102844
10454,3,NORMAL,3,1,0.507865846157074
10455,3,NORMAL,3,1,0.5715822577476501
10456,3,NORMAL,3,1,0.6331155896186829
10457,3,NORMAL,3,1,0.5259166359901428
10458,3,NORMAL,3,1,0.5381349921226501
10459,3,NORMAL,3,1,0.4767727255821228
10460,3,NORMAL,3,1,0.596062183380127
10461,3,NORMAL,3,1,0.4944991171360016
10462,3,NORMAL,3,1,0.30064520239830017
10463,3,NORMAL,3,1,0.6066884398460388
10464,3,NORMAL,3,1,0.5532158613204956
10465,3,NORMAL,3,1,0.5816612243652344
10466,3,NORMAL,3,1,0.6283902525901794
10467,3,NORMAL,3,1,0.5045893788337708
10468,3,NORMAL,3,1,0.6032066941261292
10469,3,NORMAL,3,1,0.4512174427509308
10470,3,NORMAL,3,1,0.5261920094490051
10471,3,NORMAL,3,1,0.5471444725990295
10472,3,NORMAL,3,1,0.5093055367469788
10473,3,NORMAL,3,1,0.5439708828926086
10474,3,NORMAL,3,1,0.6189571022987366
10475,3,NORMAL,3,1,0.4950859248638153
10476,3,NORMAL,3,1,0.545362651348114
10477,3,NORMAL,3,1,0.5695914626121521
10478,3,NORMAL,3,1,0.5598716139793396
10479,3,NORMAL,3,1,0.5368189215660095
10480,3,NORMAL,3,1,0.4624658226966858
10481,3,NORMAL,3,1,0.5269849896430969
10482,3,NORMAL,3,1,0.4924430251121521
10483,3,NORMAL,3,1,0.6072072982788086
10484,3,NORMAL,3,1,0.5759285688400269
10485,3,NORMAL,3,1,0.3964945077896118
10486,3,NORMAL,3,1,0.47545698285102844
10487,3,NORMAL,3,1,0.5943423509597778
10488,3,NORMAL,3,1,0.5584701895713806
10489,3,NORMAL,3,1,0.6009074449539185
10490,3,NORMAL,3,1,0.6244523525238037
10491,3,NORMAL,3,1,0.5136585235595703
10492,3,NORMAL,3,1,0.574217677116394
10493,3,NORMAL,3,1,0.5703265070915222
10494,3,NORMAL,3,1,0.537321925163269
10495,3,NORMAL,3,1,0.4570738673210144
10496,3,NORMAL,3,1,0.4835892915725708
10497,3,NORMAL,3,1,0.6679268479347229
10498,3,NORMAL,3,1,0.5743096470832825
10499,3,NORMAL,3,1,0.556088387966156
10500,3,NORMAL,3,1,0.538692057132721
10501,3,NORMAL,3,1,0.5390391945838928
10502,3,NORMAL,3,1,0.5562909245491028
10503,3,NORMAL,3,1,0.6858388781547546
10504,3,NORMAL,3,1,0.6132835149765015
10505,3,NORMAL,3,1,0.45065900683403015
10506,3,NORMAL,3,1,0.47154030203819275
10507,3,NORMAL,3,1,0.527966320514679
10508,3,NORMAL,3,1,0.5909459590911865
10509,3,NORMAL,3,1,0.5728879570960999
10510,3,NORMAL,3,1,0.5892407298088074
10511,3,NORMAL,3,1,0.5771328210830688
10512,3,NORMAL,3,1,0.6090549826622009
10513,3,NORMAL,3,1,0.5945398211479187
10514,3,NORMAL,3,1,0.5405261516571045
10515,3,NORMAL,3,1,0.5517107248306274
10516,3,NORMAL,3,1,0.5114975571632385
10517,3,NORMAL,3,1,0.5457881093025208
10518,3,NORMAL,3,1,0.5444355607032776
10519,3,NORMAL,3,1,0.6367144584655762
10520,3,NORMAL,3,1,0.5317836999893188
10521,3,NORMAL,3,1,0.5586658120155334
10522,3,NORMAL,3,1,0.5899187326431274
10523,3,NORMAL,3,1,0.5607020854949951
10524,3,NORMAL,3,1,0.5881227254867554
10525,3,NORMAL,3,1,0.4491983652114868
10526,3,NORMAL,3,1,0.5604817271232605
10527,3,NORMAL,3,1,0.558476984500885
10528,3,NORMAL,3,1,0.551821231842041
10529,3,NORMAL,3,1,0.5638583898544312
10530,3,NORMAL,3,1,0.5532371401786804
10531,3,NORMAL,3,1,0.5484493970870972
10532,3,NORMAL,3,1,0.6270163059234619
10533,3,NORMAL,3,1,0.5740926265716553
10534,3,NORMAL,3,1,0.48828527331352234
10535,3,NORMAL,3,1,0.6018189787864685
10536,3,NORMAL,3,1,0.6548159718513489
10537,3,NORMAL,3,1,0.5520294308662415
10538,3,NORMAL,3,1,0.20110981166362762
10539,3,NORMAL,3,1,0.6225859522819519
10540,3,NORMAL,3,1,0.5379604697227478
10541,3,NORMAL,3,1,0.445063054561615
10542,3,NORMAL,3,1,0.5936130881309509
10543,3,NORMAL,3,1,0.5582988262176514
10544,3,NORMAL,3,1,0.49946609139442444
10545,3,NORMAL,3,1,0.5235744118690491
10546,3,NORMAL,3,1,0.5431941747665405
10547,3,NORMAL,3,1,0.43126440048217773
10548,3,NORMAL,3,1,0.5250428915023804
10549,3,NORMAL,3,1,0.4919640123844147
10550,3,NORMAL,3,1,0.6106038689613342
10551,3,NORMAL,3,1,0.6187853217124939
10552,3,NORMAL,3,1,0.6386987566947937
10553,3,NORMAL,3,1,0.5679258704185486
10554,3,NORMAL,3,1,0.5542053580284119
10555,3,NORMAL,3,1,0.6194407343864441
10556,3,NORMAL,3,1,0.4583981931209564
10557,3,NORMAL,3,1,0.12828505039215088
10558,3,NORMAL,3,1,0.4288462698459625
10559,3,NORMAL,3,1,0.4510554075241089
10560,3,NORMAL,3,1,0.5862693786621094
10561,3,NORMAL,3,1,0.5275764465332031
10562,3,NORMAL,3,1,0.5908510684967041
10563,3,NORMAL,3,1,0.24212971329689026
10564,3,NORMAL,2,0,0.4019736349582672
10565,3,NORMAL,3,1,0.41247743368148804
10566,3,NORMAL,3,1,0.6148456931114197
10567,3,NORMAL,3,1,0.6052526831626892
10568,3,NORMAL,3,1,0.42744922637939453
10569,3,NORMAL,3,1,0.5963932871818542
10570,3,NORMAL,3,1,0.4937010705471039
10571,3,NORMAL,3,1,0.6057561635971069
10572,3,NORMAL,3,1,0.5248303413391113
10573,3,NORMAL,3,1,0.5137017369270325
10574,3,NORMAL,3,1,0.5919238924980164
10575,3,NORMAL,3,1,0.5551273822784424
10576,3,NORMAL,3,1,0.40356525778770447
10577,3,NORMAL,3,1,0.5467332601547241
10578,3,NORMAL,3,1,0.4836321771144867
10579,3,NORMAL,3,1,0.5975148677825928
10580,3,NORMAL,3,1,0.5148307085037231
10581,3,NORMAL,3,1,0.5901573896408081
10582,3,NORMAL,3,1,0.5485104918479919
10583,3,NORMAL,3,1,0.498801589012146
10584,3,NORMAL,3,1,0.57639080286026
10585,3,NORMAL,3,1,0.522136926651001
10586,3,NORMAL,3,1,0.5504187345504761
10587,3,NORMAL,3,1,0.4730832278728485
10588,3,NORMAL,3,1,0.5054517388343811
10589,3,NORMAL,3,1,0.37767156958580017
10590,3,NORMAL,3,1,0.5919402837753296
10591,3,NORMAL,3,1,0.42487481236457825
10592,3,NORMAL,3,1,0.5917245149612427
10593,3,NORMAL,3,1,0.5058160424232483
10594,3,NORMAL,3,1,0.4760534167289734
10595,3,NORMAL,1,0,0.3503672182559967
10596,3,NORMAL,3,1,0.3865908682346344
10597,3,NORMAL,3,1,0.42414259910583496
10598,3,NORMAL,3,1,0.5812444090843201
10599,3,NORMAL,3,1,0.5621635317802429
10600,3,NORMAL,3,1,0.5223206877708435
10601,3,NORMAL,3,1,0.5561587810516357
10602,3,NORMAL,3,1,0.46832215785980225
10603,3,NORMAL,3,1,0.42393067479133606
10604,3,NORMAL,3,1,0.5474367141723633
10605,3,NORMAL,3,1,0.5888607501983643
10606,3,NORMAL,3,1,0.5762845277786255
10607,3,NORMAL,3,1,0.6146098375320435
10608,3,NORMAL,3,1,0.526395857334137
10609,3,NORMAL,3,1,0.5749970078468323
10610,3,NORMAL,3,1,0.599122941493988
10611,3,NORMAL,3,1,0.5864793658256531
10612,3,NORMAL,3,1,0.49887847900390625
10613,3,NORMAL,3,1,0.5894706845283508
10614,3,NORMAL,3,1,0.1103392243385315
10615,3,NORMAL,3,1,0.5825487375259399
10616,3,NORMAL,1,0,0.45113295316696167
10617,3,NORMAL,3,1,0.3784746527671814
10618,3,NORMAL,3,1,0.3391181528568268
10619,3,NORMAL,3,1,0.6060905456542969
10620,3,NORMAL,3,1,0.4732891917228699
10621,3,NORMAL,3,1,0.5444240570068359
10622,3,NORMAL,3,1,0.5648918151855469
10623,3,NORMAL,3,1,0.5840781331062317
10624,3,NORMAL,3,1,0.6097138524055481
10625,3,NORMAL,3,1,0.5228826403617859
10626,3,NORMAL,3,1,0.575295090675354
10627,3,NORMAL,3,1,0.5532804727554321
10628,3,NORMAL,3,1,0.5510082840919495
10629,3,NORMAL,3,1,0.5815496444702148
10630,3,NORMAL,3,1,0.5298140048980713
10631,3,NORMAL,3,1,0.6208367347717285
10632,3,NORMAL,3,1,0.5912296175956726
10633,3,NORMAL,3,1,0.5980526208877563
10634,3,NORMAL,3,1,0.5344277024269104
10635,3,NORMAL,3,1,0.5086619257926941
10636,3,NORMAL,3,1,0.518929660320282
10637,3,NORMAL,3,1,0.5701533555984497
10638,3,NORMAL,3,1,0.5011053681373596
10639,3,NORMAL,3,1,0.5529696941375732
10640,3,NORMAL,3,1,0.5120823979377747
10641,3,NORMAL,3,1,0.581618070602417
10642,3,NORMAL,3,1,0.548522412776947
10643,3,NORMAL,3,1,0.5583963394165039
10644,3,NORMAL,3,1,0.48614856600761414
10645,3,NORMAL,3,1,0.4261873960494995
10646,3,NORMAL,3,1,0.41239309310913086
10647,3,NORMAL,3,1,0.5275558829307556
10648,3,NORMAL,3,1,0.5416539311408997
10649,3,NORMAL,3,1,0.5628222823143005
10650,3,NORMAL,3,1,0.609131395816803
10651,3,NORMAL,3,1,0.5623471736907959
10652,3,NORMAL,3,1,0.5956549048423767
10653,3,NORMAL,3,1,0.5388266444206238
10654,3,NORMAL,1,0,0.3356403708457947
10655,3,NORMAL,3,1,0.6707229614257812
10656,3,NORMAL,3,1,0.5862812399864197
10657,3,NORMAL,3,1,0.5695158839225769
10658,3,NORMAL,3,1,0.5118803977966309
10659,3,NORMAL,3,1,0.5962079763412476
10660,3,NORMAL,3,1,0.6128934025764465
10661,3,NORMAL,3,1,0.520243763923645
10662,3,NORMAL,3,1,0.6212567090988159
10663,3,NORMAL,3,1,0.4127580523490906
10664,3,NORMAL,3,1,0.573184072971344
10665,3,NORMAL,3,1,0.6711604595184326
10666,3,NORMAL,3,1,0.629989743232727
10667,3,NORMAL,3,1,0.5400364398956299
10668,3,NORMAL,3,1,0.5752145051956177
10669,3,NORMAL,3,1,0.5467554926872253
10670,3,NORMAL,3,1,0.4569964110851288
10671,3,NORMAL,3,1,0.5920722484588623
10672,3,NORMAL,3,1,0.5570382475852966
10673,3,NORMAL,3,1,0.49489378929138184
10674,3,NORMAL,3,1,0.5112274885177612
10675,3,NORMAL,3,1,0.47767770290374756
10676,3,NORMAL,3,1,0.5508143305778503
10677,3,NORMAL,3,1,0.5263310670852661
10678,3,NORMAL,3,1,0.4328376054763794
10679,3,NORMAL,3,1,0.5221794247627258
10680,3,NORMAL,3,1,0.5852651596069336
10681,3,NORMAL,3,1,0.4304363429546356
10682,3,NORMAL,3,1,0.5560853481292725
10683,3,NORMAL,3,1,0.5193356275558472
10684,3,NORMAL,3,1,0.47366875410079956
10685,3,NORMAL,3,1,0.49579933285713196
10686,3,NORMAL,3,1,0.636829137802124
10687,3,NORMAL,3,1,0.5941327810287476
10688,3,NORMAL,3,1,0.5168406367301941
10689,3,NORMAL,3,1,0.5015980005264282
10690,3,NORMAL,3,1,0.45635879039764404
10691,3,NORMAL,3,1,0.5435677170753479
10692,3,NORMAL,3,1,0.5993853211402893
10693,3,NORMAL,3,1,0.5892763733863831
10694,3,NORMAL,3,1,0.47497037053108215
10695,3,NORMAL,3,1,0.5706915259361267
10696,3,NORMAL,3,1,0.6063917279243469
10697,3,NORMAL,3,1,0.3309137523174286
10698,3,NORMAL,3,1,0.5368558168411255
10699,3,NORMAL,3,1,0.6076393127441406
10700,3,NORMAL,3,1,0.6343013048171997
10701,3,NORMAL,3,1,0.483829528093338
10702,3,NORMAL,3,1,0.625825822353363
10703,3,NORMAL,3,1,0.6263858079910278
10704,3,NORMAL,3,1,0.6004668474197388
10705,3,NORMAL,3,1,0.41287609934806824
10706,3,NORMAL,3,1,0.5309649705886841
10707,3,NORMAL,3,1,0.5607970952987671
10708,3,NORMAL,3,1,0.4744953513145447
10709,3,NORMAL,3,1,0.5424813032150269
10710,3,NORMAL,3,1,0.6229771375656128
10711,3,NORMAL,3,1,0.3273383378982544
10712,3,NORMAL,3,1,0.5959975123405457
10713,3,NORMAL,3,1,0.5332808494567871
10714,3,NORMAL,3,1,0.557989776134491
10715,3,NORMAL,3,1,0.5037208199501038
10716,3,NORMAL,1,0,0.5293295979499817
10717,3,NORMAL,3,1,0.5184971690177917
10718,3,NORMAL,3,1,0.5263919830322266
10719,3,NORMAL,3,1,0.47307220101356506
10720,3,NORMAL,3,1,0.4921221137046814
10721,3,NORMAL,3,1,0.5623157620429993
10722,3,NORMAL,3,1,0.6171202659606934
10723,3,NORMAL,3,1,0.5154732465744019
10724,3,NORMAL,3,1,0.6097664833068848
10725,3,NORMAL,3,1,0.5545920729637146
10726,3,NORMAL,3,1,0.4833252429962158
10727,3,NORMAL,3,1,0.5314583778381348
10728,3,NORMAL,3,1,0.38841864466667175
10729,3,NORMAL,3,1,0.5476890206336975
10730,3,NORMAL,3,1,0.6446428894996643
10731,3,NORMAL,3,1,0.5470075011253357
10732,3,NORMAL,3,1,0.5440064072608948
10733,3,NORMAL,3,1,0.4987601637840271
10734,3,NORMAL,3,1,0.5707364678382874
10735,3,NORMAL,3,1,0.43728506565093994
10736,3,NORMAL,3,1,0.5025275945663452
10737,3,NORMAL,3,1,0.548552930355072
10738,3,NORMAL,3,1,0.5175771117210388
10739,3,NORMAL,3,1,0.424548476934433
10740,3,NORMAL,3,1,0.4408150017261505
10741,3,NORMAL,3,1,0.09921743720769882
10742,3,NORMAL,3,1,0.5911753177642822
10743,3,NORMAL,3,1,0.5403093695640564
10744,3,NORMAL,3,1,0.5393050909042358
10745,3,NORMAL,3,1,0.49838969111442566
10746,3,NORMAL,3,1,0.5891661047935486
10747,3,NORMAL,3,1,0.520456075668335
10748,3,NORMAL,3,1,0.5127770304679871
10749,3,NORMAL,3,1,0.5444731712341309
10750,3,NORMAL,3,1,0.5491568446159363
10751,3,NORMAL,3,1,0.5793787837028503
10752,3,NORMAL,3,1,0.3996001183986664
10753,3,NORMAL,3,1,0.5100687146186829
10754,3,NORMAL,3,1,0.5682972073554993
10755,3,NORMAL,3,1,0.5533065795898438
10756,3,NORMAL,3,1,0.51883864402771
10757,3,NORMAL,3,1,0.6102790236473083
10758,3,NORMAL,3,1,0.5716904997825623
10759,3,NORMAL,3,1,0.4207347333431244
10760,3,NORMAL,3,1,0.4937255382537842
10761,3,NORMAL,3,1,0.4813818335533142
10762,3,NORMAL,3,1,0.6240023374557495
10763,3,NORMAL,3,1,0.520739734172821
10764,3,NORMAL,3,1,0.6001344919204712
10765,3,NORMAL,3,1,0.45339229702949524
10766,3,NORMAL,3,1,0.5445343255996704
10767,3,NORMAL,3,1,0.5730769038200378
10768,3,NORMAL,3,1,0.6711888909339905
10769,3,NORMAL,3,1,0.39041322469711304
10770,3,NORMAL,3,1,0.6433047652244568
10771,3,NORMAL,3,1,0.41365060210227966
10772,3,NORMAL,3,1,0.5595459938049316
10773,3,NORMAL,3,1,0.502457857131958
10774,3,NORMAL,3,1,0.5148013234138489
10775,3,NORMAL,3,1,0.4850998818874359
10776,3,NORMAL,3,1,0.6296395659446716
10777,3,NORMAL,3,1,0.6305651664733887
10778,3,NORMAL,3,1,0.4577418565750122
10779,3,NORMAL,3,1,0.5605171918869019
10780,3,NORMAL,3,1,0.5041337609291077
10781,3,NORMAL,3,1,0.4945753812789917
10782,3,NORMAL,3,1,0.5287882685661316
10783,3,NORMAL,3,1,0.48337849974632263
10784,3,NORMAL,3,1,0.5578584671020508
10785,3,NORMAL,3,1,0.6078384518623352
10786,3,NORMAL,3,1,0.4989813268184662
10787,3,NORMAL,3,1,0.5519287586212158
10788,3,NORMAL,3,1,0.5574436187744141
10789,3,NORMAL,3,1,0.5772945284843445
10790,3,NORMAL,3,1,0.431875616312027
10791,3,NORMAL,3,1,0.5509592890739441
10792,3,NORMAL,3,1,0.5694485902786255
10793,3,NORMAL,3,1,0.6009382605552673
10794,3,NORMAL,3,1,0.508253812789917
10795,3,NORMAL,3,1,0.5782307982444763
10796,3,NORMAL,3,1,0.5908164381980896
10797,3,NORMAL,3,1,0.5322433114051819
10798,3,NORMAL,3,1,0.5758276581764221
10799,3,NORMAL,3,1,0.6056832075119019
10800,3,NORMAL,3,1,0.5914598107337952
10801,3,NORMAL,3,1,0.6477827429771423
10802,3,NORMAL,3,1,0.5693662166595459
10803,3,NORMAL,3,1,0.614464282989502
10804,3,NORMAL,3,1,0.582474410533905
10805,3,NORMAL,3,1,0.5815923810005188
10806,3,NORMAL,3,1,0.5533385872840881
10807,3,NORMAL,3,1,0.4147297739982605
10808,3,NORMAL,3,1,0.6328131556510925
10809,3,NORMAL,3,1,0.5542797446250916
10810,3,NORMAL,3,1,0.5903064012527466
10811,3,NORMAL,3,1,0.48679405450820923
10812,3,NORMAL,3,1,0.5421337485313416
10813,3,NORMAL,3,1,0.6030815243721008
10814,3,NORMAL,3,1,0.6112207174301147
10815,3,NORMAL,3,1,0.5180042386054993
10816,3,NORMAL,3,1,0.5366834998130798
10817,3,NORMAL,3,1,0.6219282150268555
10818,3,NORMAL,3,1,0.5831064581871033
10819,3,NORMAL,3,1,0.5293025970458984
10820,3,NORMAL,3,1,0.5751922130584717
10821,3,NORMAL,3,1,0.5461108684539795
10822,3,NORMAL,3,1,0.5513311624526978
10823,3,NORMAL,3,1,0.5871337056159973
10824,3,NORMAL,3,1,0.5621307492256165
10825,3,NORMAL,3,1,0.6002640128135681
10826,3,NORMAL,3,1,0.46338239312171936
10827,3,NORMAL,3,1,0.5220475196838379
10828,3,NORMAL,3,1,0.48813381791114807
10829,3,NORMAL,3,1,0.4421929121017456
10830,3,NORMAL,3,1,0.4974445402622223
10831,3,NORMAL,3,1,0.5613294243812561
10832,3,NORMAL,3,1,0.5170192718505859
10833,3,NORMAL,3,1,0.5644441843032837
10834,3,NORMAL,3,1,0.5483236312866211
10835,3,NORMAL,3,1,0.5410842895507812
10836,3,NORMAL,3,1,0.49478277564048767
10837,3,NORMAL,3,1,0.6299663186073303
10838,3,NORMAL,3,1,0.6003940105438232
10839,3,NORMAL,3,1,0.563045859336853
10840,3,NORMAL,3,1,0.3030506670475006
10841,3,NORMAL,3,1,0.5496087074279785
10842,3,NORMAL,3,1,0.47679397463798523
10843,3,NORMAL,3,1,0.599951982498169
10844,3,NORMAL,3,1,0.5328525900840759
10845,3,NORMAL,3,1,0.5401950478553772
10846,3,NORMAL,3,1,0.5442436337471008
10847,3,NORMAL,3,1,0.6331055760383606
10848,3,NORMAL,3,1,0.5645259022712708
10849,3,NORMAL,3,1,0.6016746163368225
10850,3,NORMAL,3,1,0.5669801235198975
10851,3,NORMAL,3,1,0.5248329043388367
10852,3,NORMAL,3,1,0.6129332780838013
10853,3,NORMAL,3,1,0.6778646111488342
10854,3,NORMAL,3,1,0.550908088684082
10855,3,NORMAL,3,1,0.4562404155731201
10856,3,NORMAL,3,1,0.44058549404144287
10857,3,NORMAL,3,1,0.507156252861023
10858,3,NORMAL,3,1,0.5261647701263428
10859,3,NORMAL,3,1,0.6296041011810303
10860,3,NORMAL,3,1,0.4622746706008911
10861,3,NORMAL,3,1,0.6002888679504395
10862,3,NORMAL,3,1,0.48329874873161316
10863,3,NORMAL,3,1,0.5763450860977173
10864,3,NORMAL,3,1,0.5481430888175964
10865,3,NORMAL,3,1,0.5425823926925659
10866,3,NORMAL,3,1,0.551033079624176
10867,3,NORMAL,3,1,0.548874020576477
10868,3,NORMAL,3,1,0.548137366771698
10869,3,NORMAL,3,1,0.5624953508377075
10870,3,NORMAL,3,1,0.5444508194923401
10871,3,NORMAL,3,1,0.46667245030403137
10872,3,NORMAL,3,1,0.558567464351654
10873,3,NORMAL,3,1,0.5160372853279114
10874,3,NORMAL,3,1,0.5940021872520447
10875,3,NORMAL,3,1,0.5440569519996643
10876,3,NORMAL,3,1,0.4780927002429962
10877,3,NORMAL,3,1,0.4662584364414215
10878,3,NORMAL,3,1,0.5074951648712158
10879,3,NORMAL,3,1,0.5556111931800842
10880,3,NORMAL,3,1,0.6035974025726318
10881,3,NORMAL,3,1,0.5381648540496826
10882,3,NORMAL,3,1,0.6645816564559937
10883,3,NORMAL,3,1,0.5440779328346252
10884,3,NORMAL,3,1,0.5751400589942932
10885,3,NORMAL,3,1,0.5810320377349854
10886,3,NORMAL,3,1,0.4283347725868225
10887,3,NORMAL,3,1,0.6210085153579712
10888,3,NORMAL,3,1,0.6137104034423828
10889,3,NORMAL,3,1,0.5846575498580933
10890,3,NORMAL,3,1,0.38222891092300415
10891,3,NORMAL,3,1,0.5662029981613159
10892,3,NORMAL,3,1,0.6750355958938599
10893,3,NORMAL,3,1,0.5391089916229248
10894,3,NORMAL,3,1,0.47475868463516235
10895,3,NORMAL,3,1,0.44767341017723083
10896,3,NORMAL,3,1,0.5990398526191711
10897,3,NORMAL,3,1,0.4422540068626404
10898,3,NORMAL,3,1,0.509936511516571
10899,3,NORMAL,3,1,0.41302812099456787
10900,3,NORMAL,3,1,0.4848904311656952
10901,3,NORMAL,3,1,0.5776631832122803
10902,3,NORMAL,3,1,0.651655912399292
10903,3,NORMAL,3,1,0.5705981254577637
10904,3,NORMAL,3,1,0.5248827934265137
10905,3,NORMAL,3,1,0.6157554984092712
10906,3,NORMAL,3,1,0.5635390281677246
10907,3,NORMAL,3,1,0.563772976398468
10908,3,NORMAL,3,1,0.5984647274017334
10909,3,NORMAL,3,1,0.5199527740478516
10910,3,NORMAL,3,1,0.5698766708374023
10911,3,NORMAL,3,1,0.5577348470687866
10912,3,NORMAL,3,1,0.4068261981010437
10913,3,NORMAL,3,1,0.34897103905677795
10914,3,NORMAL,3,1,0.5337426066398621
10915,3,NORMAL,3,1,0.6065032482147217
10916,3,NORMAL,3,1,0.6030755043029785
10917,3,NORMAL,3,1,0.5452002882957458
10918,3,NORMAL,3,1,0.4972909986972809
10919,3,NORMAL,3,1,0.505014181137085
10920,3,NORMAL,3,1,0.5126625895500183
10921,3,NORMAL,3,1,0.5618921518325806
10922,3,NORMAL,3,1,0.5709479451179504
10923,3,NORMAL,3,1,0.5787493586540222
10924,3,NORMAL,3,1,0.5280641317367554
10925,3,NORMAL,3,1,0.54908287525177
10926,3,NORMAL,3,1,0.5507873892784119
10927,3,NORMAL,3,1,0.49268195033073425
10928,3,NORMAL,3,1,0.6377208232879639
10929,3,NORMAL,3,1,0.4972258508205414
10930,3,NORMAL,3,1,0.5685230493545532
10931,3,NORMAL,3,1,0.5912256836891174
10932,3,NORMAL,3,1,0.4020642936229706
10933,3,NORMAL,3,1,0.6051451563835144
10934,3,NORMAL,3,1,0.585099995136261
10935,3,NORMAL,3,1,0.4764207899570465
10936,3,NORMAL,3,1,0.4791750907897949
10937,3,NORMAL,3,1,0.5628352761268616
10938,3,NORMAL,3,1,0.4643920958042145
10939,3,NORMAL,3,1,0.6083629727363586
10940,3,NORMAL,3,1,0.5407816767692566
10941,3,NORMAL,3,1,0.5978912711143494
10942,3,NORMAL,3,1,0.44489386677742004
10943,3,NORMAL,3,1,0.5731072425842285
10944,3,NORMAL,3,1,0.6568741202354431
10945,3,NORMAL,3,1,0.3958317041397095
10946,3,NORMAL,3,1,0.6264773011207581
10947,3,NORMAL,3,1,0.501196026802063
10948,3,NORMAL,3,1,0.5465549826622009
10949,3,NORMAL,3,1,0.5521652102470398
10950,3,NORMAL,3,1,0.559546709060669
10951,3,NORMAL,3,1,0.6267588138580322
10952,3,NORMAL,3,1,0.523708164691925
10953,3,NORMAL,3,1,0.5913732647895813
10954,3,NORMAL,3,1,0.5378360748291016
10955,3,NORMAL,3,1,0.49030882120132446
10956,3,NORMAL,3,1,0.47509050369262695
10957,3,NORMAL,3,1,0.5769884586334229
10958,3,NORMAL,3,1,0.3490980863571167
10959,3,NORMAL,3,1,0.5111258625984192
10960,3,NORMAL,3,1,0.6033890843391418
10961,3,NORMAL,3,1,0.5889327526092529
10962,3,NORMAL,3,1,0.58404141664505
10963,3,NORMAL,3,1,0.5485566854476929
10964,3,NORMAL,3,1,0.5796068906784058
10965,3,NORMAL,3,1,0.3119129240512848
10966,3,NORMAL,3,1,0.4901064336299896
10967,3,NORMAL,3,1,0.544425368309021
10968,3,NORMAL,3,1,0.4891045391559601
10969,3,NORMAL,3,1,0.6051640510559082
10970,3,NORMAL,3,1,0.4537399411201477
10971,3,NORMAL,3,1,0.5592345595359802
10972,3,NORMAL,3,1,0.5838091969490051
10973,3,NORMAL,3,1,0.5340602397918701
10974,3,NORMAL,3,1,0.5302121043205261
10975,3,NORMAL,3,1,0.5978489518165588
10976,3,NORMAL,3,1,0.6189590692520142
10977,3,NORMAL,3,1,0.543979287147522
10978,3,NORMAL,3,1,0.5832964181900024
10979,3,NORMAL,3,1,0.554249107837677
10980,3,NORMAL,3,1,0.6078413724899292
10981,3,NORMAL,3,1,0.429339736700058
10982,3,NORMAL,1,0,0.5285223126411438
10983,3,NORMAL,3,1,0.5794208645820618
10984,3,NORMAL,3,1,0.623741090297699
10985,3,NORMAL,3,1,0.5168620944023132
10986,3,NORMAL,3,1,0.6445205211639404
10987,3,NORMAL,3,1,0.5614072680473328
10988,3,NORMAL,3,1,0.5629780888557434
10989,3,NORMAL,3,1,0.5693397521972656
10990,3,NORMAL,3,1,0.5502666234970093
10991,3,NORMAL,3,1,0.5615701675415039
10992,3,NORMAL,3,1,0.16673189401626587
10993,3,NORMAL,3,1,0.562915563583374
10994,3,NORMAL,3,1,0.5933522582054138
10995,3,NORMAL,3,1,0.5154028534889221
10996,3,NORMAL,3,1,0.4127947986125946
10997,3,NORMAL,3,1,0.49520978331565857
10998,3,NORMAL,3,1,0.5686214566230774
10999,3,NORMAL,3,1,0.6192874312400818
11000,3,NORMAL,3,1,0.3447204530239105
11001,3,NORMAL,3,1,0.5569095611572266
11002,3,NORMAL,3,1,0.5630245208740234
11003,3,NORMAL,3,1,0.4526653587818146
11004,3,NORMAL,3,1,0.5182424783706665
11005,3,NORMAL,3,1,0.6291844248771667
11006,3,NORMAL,3,1,0.5014662146568298
11007,3,NORMAL,3,1,0.6066455245018005
11008,3,NORMAL,3,1,0.5486200451850891
11009,3,NORMAL,3,1,0.5343694686889648
11010,3,NORMAL,3,1,0.5363905429840088
11011,3,NORMAL,3,1,0.601296603679657
11012,3,NORMAL,3,1,0.4483380913734436
11013,3,NORMAL,3,1,0.5709488391876221
11014,3,NORMAL,3,1,0.4745955169200897
11015,3,NORMAL,3,1,0.522853672504425
11016,3,NORMAL,3,1,0.4843650460243225
11017,3,NORMAL,3,1,0.4479120373725891
11018,3,NORMAL,3,1,0.3719702661037445
11019,3,NORMAL,3,1,0.4330412447452545
11020,3,NORMAL,3,1,0.3856453001499176
11021,3,NORMAL,3,1,0.6523244380950928
11022,3,NORMAL,3,1,0.5405474901199341
11023,3,NORMAL,3,1,0.5585087537765503
11024,3,NORMAL,3,1,0.4729219675064087
11025,3,NORMAL,3,1,0.1998104304075241
11026,3,NORMAL,3,1,0.49798089265823364
11027,3,NORMAL,3,1,0.5512515902519226
11028,3,NORMAL,3,1,0.5614170432090759
11029,3,NORMAL,3,1,0.646120011806488
11030,3,NORMAL,3,1,0.3967495858669281
11031,3,NORMAL,3,1,0.6657220721244812
11032,3,NORMAL,3,1,0.5904906392097473
11033,3,NORMAL,3,1,0.4602663815021515
11034,3,NORMAL,3,1,0.5962722897529602
11035,3,NORMAL,3,1,0.6343672275543213
11036,3,NORMAL,3,1,0.5339341759681702
11037,3,NORMAL,3,1,0.5647774338722229
11038,3,NORMAL,3,1,0.6173057556152344
11039,3,NORMAL,2,0,0.4156588017940521
11040,3,NORMAL,3,1,0.43892422318458557
11041,3,NORMAL,3,1,0.13304319977760315
11042,3,NORMAL,3,1,0.5557157397270203
11043,3,NORMAL,1,0,0.4414444863796234
11044,3,NORMAL,3,1,0.5179609060287476
11045,3,NORMAL,3,1,0.48575595021247864
11046,3,NORMAL,3,1,0.5748971700668335
11047,3,NORMAL,3,1,0.46238312125205994
11048,3,NORMAL,3,1,0.5047346353530884
11049,3,NORMAL,3,1,0.5918405055999756
11050,3,NORMAL,3,1,0.5818079710006714
11051,3,NORMAL,3,1,0.5164532661437988
11052,3,NORMAL,3,1,0.49021095037460327
11053,3,NORMAL,3,1,0.4907569885253906
11054,3,NORMAL,3,1,0.5947758555412292
11055,3,NORMAL,3,1,0.5308207869529724
11056,3,NORMAL,3,1,0.5055932998657227
11057,3,NORMAL,3,1,0.5514916181564331
11058,3,NORMAL,3,1,0.5552632212638855
11059,3,NORMAL,3,1,0.5710999965667725
11060,3,NORMAL,3,1,0.5756872892379761
11061,3,NORMAL,3,1,0.4825688302516937
11062,3,NORMAL,3,1,0.5868244171142578
11063,3,NORMAL,3,1,0.5075852870941162
11064,3,NORMAL,3,1,0.46692150831222534
11065,3,NORMAL,3,1,0.5413790345191956
11066,3,NORMAL,3,1,0.5088452696800232
11067,3,NORMAL,3,1,0.5874329209327698
11068,3,NORMAL,3,1,0.5689881443977356
11069,3,NORMAL,3,1,0.5084452629089355
11070,3,NORMAL,3,1,0.5399726033210754
11071,3,NORMAL,3,1,0.5787623524665833
11072,3,NORMAL,3,1,0.5312083959579468
11073,3,NORMAL,3,1,0.4872904121875763
11074,3,NORMAL,3,1,0.6116405725479126
11075,3,NORMAL,3,1,0.5033790469169617
11076,3,NORMAL,3,1,0.49109819531440735
11077,3,NORMAL,3,1,0.5535915493965149
11078,3,NORMAL,3,1,0.423920601606369
11079,3,NORMAL,3,1,0.5213115215301514
11080,3,NORMAL,3,1,0.57883620262146
11081,3,NORMAL,3,1,0.477308988571167
11082,3,NORMAL,3,1,0.4413299262523651
11083,3,NORMAL,3,1,0.47849544882774353
11084,3,NORMAL,3,1,0.5853334069252014
11085,3,NORMAL,3,1,0.6193663477897644
11086,3,NORMAL,3,1,0.5242629647254944
11087,3,NORMAL,3,1,0.5299652218818665
11088,3,NORMAL,3,1,0.5193321108818054
11089,3,NORMAL,2,0,0.7083694934844971
11090,3,NORMAL,3,1,0.6077402830123901
11091,3,NORMAL,3,1,0.5684782266616821
11092,3,NORMAL,3,1,0.6261700391769409
11093,3,NORMAL,3,1,0.5463420152664185
11094,3,NORMAL,3,1,0.6050577163696289
11095,3,NORMAL,3,1,0.5712196230888367
11096,3,NORMAL,3,1,0.4550130069255829
11097,3,NORMAL,3,1,0.42722609639167786
11098,3,NORMAL,3,1,0.5420990586280823
11099,3,NORMAL,3,1,0.556465208530426
11100,3,NORMAL,3,1,0.5700262784957886
11101,3,NORMAL,3,1,0.5321506261825562
11102,3,NORMAL,3,1,0.5364246368408203
11103,3,NORMAL,3,1,0.550790548324585
11104,3,NORMAL,3,1,0.4661294221878052
11105,3,NORMAL,3,1,0.582851767539978
11106,3,NORMAL,3,1,0.49180713295936584
11107,3,NORMAL,3,1,0.6115128993988037
11108,3,NORMAL,3,1,0.5952147841453552
11109,3,NORMAL,3,1,0.5945478677749634
11110,3,NORMAL,3,1,0.5509961247444153
11111,3,NORMAL,3,1,0.4934885501861572
11112,3,NORMAL,3,1,0.6057941317558289
11113,3,NORMAL,3,1,0.3998478651046753
11114,3,NORMAL,3,1,0.5758791565895081
11115,3,NORMAL,3,1,0.5706673264503479
11116,3,NORMAL,3,1,0.5602481365203857
11117,3,NORMAL,3,1,0.6119162440299988
11118,3,NORMAL,3,1,0.566163182258606
11119,3,NORMAL,3,1,0.5173056125640869
11120,3,NORMAL,3,1,0.4786417484283447
11121,3,NORMAL,3,1,0.6372400522232056
11122,3,NORMAL,3,1,0.558737576007843
11123,3,NORMAL,3,1,0.48328402638435364
11124,3,NORMAL,3,1,0.6174700856208801
11125,3,NORMAL,3,1,0.500166118144989
11126,3,NORMAL,3,1,0.5782961845397949
11127,3,NORMAL,3,1,0.5895296335220337
11128,3,NORMAL,3,1,0.5739022493362427
11129,3,NORMAL,3,1,0.5997313261032104
11130,3,NORMAL,3,1,0.5407142639160156
11131,3,NORMAL,3,1,0.6484763622283936
11132,3,NORMAL,3,1,0.4843258559703827
11133,3,NORMAL,3,1,0.5712049007415771
11134,3,NORMAL,3,1,0.5367311835289001
11135,3,NORMAL,3,1,0.5196425318717957
11136,3,NORMAL,3,1,0.5517172813415527
11137,3,NORMAL,3,1,0.6022697687149048
11138,3,NORMAL,3,1,0.4963943362236023
11139,3,NORMAL,3,1,0.5340951681137085
11140,3,NORMAL,3,1,0.5554623603820801
11141,3,NORMAL,3,1,0.5459273457527161
11142,3,NORMAL,3,1,0.5482931137084961
11143,3,NORMAL,3,1,0.6029813289642334
11144,3,NORMAL,3,1,0.6341018676757812
11145,3,NORMAL,3,1,0.6045860052108765
11146,3,NORMAL,3,1,0.5370002388954163
11147,3,NORMAL,3,1,0.490663081407547
11148,3,NORMAL,3,1,0.5594434142112732
11149,3,NORMAL,3,1,0.49776771664619446
11150,3,NORMAL,3,1,0.4187299609184265
11151,3,NORMAL,3,1,0.5897620916366577
11152,3,NORMAL,3,1,0.5021188259124756
11153,3,NORMAL,1,0,0.419622540473938
11154,3,NORMAL,3,1,0.4220319092273712
11155,3,NORMAL,3,1,0.5617359280586243
11156,3,NORMAL,3,1,0.5267190933227539
11157,3,NORMAL,3,1,0.5561506152153015
11158,3,NORMAL,3,1,0.5259827971458435
11159,3,NORMAL,3,1,0.5571674704551697
11160,3,NORMAL,3,1,0.4016537368297577
11161,3,NORMAL,3,1,0.5450015664100647
11162,3,NORMAL,3,1,0.4699503183364868
11163,3,NORMAL,3,1,0.6290517449378967
11164,3,NORMAL,3,1,0.5015512704849243
11165,3,NORMAL,3,1,0.26233187317848206
11166,3,NORMAL,3,1,0.4593408703804016
11167,3,NORMAL,3,1,0.4725366532802582
11168,3,NORMAL,3,1,0.3943476378917694
11169,3,NORMAL,3,1,0.5065682530403137
11170,3,NORMAL,3,1,0.6297832131385803
11171,3,NORMAL,3,1,0.6198408603668213
11172,3,NORMAL,3,1,0.6079187393188477
11173,3,NORMAL,3,1,0.44834694266319275
11174,3,NORMAL,3,1,0.45487987995147705
11175,3,NORMAL,3,1,0.5765307545661926
11176,3,NORMAL,3,1,0.571042537689209
11177,3,NORMAL,3,1,0.5248522162437439
11178,3,NORMAL,3,1,0.5895059108734131
11179,3,NORMAL,3,1,0.6200238466262817
11180,3,NORMAL,3,1,0.5444923043251038
11181,3,NORMAL,3,1,0.5009533762931824
11182,3,NORMAL,3,1,0.4753904342651367
11183,3,NORMAL,3,1,0.4812869131565094
11184,3,NORMAL,3,1,0.5698765516281128
11185,3,NORMAL,3,1,0.5914151072502136
11186,3,NORMAL,3,1,0.12709717452526093
11187,3,NORMAL,3,1,0.5412312150001526
11188,3,NORMAL,3,1,0.47989052534103394
11189,3,NORMAL,3,1,0.5322777628898621
11190,3,NORMAL,3,1,0.5840386748313904
11191,3,NORMAL,3,1,0.5531374216079712
11192,3,NORMAL,3,1,0.5856531858444214
11193,3,NORMAL,3,1,0.5013403296470642
11194,3,NORMAL,3,1,0.5165082216262817
11195,3,NORMAL,3,1,0.5097874402999878
11196,3,NORMAL,3,1,0.4605119526386261
11197,3,NORMAL,3,1,0.4376688301563263
11198,3,NORMAL,3,1,0.5014970302581787
11199,3,NORMAL,3,1,0.6182404160499573
11200,3,NORMAL,3,1,0.5798072814941406
11201,3,NORMAL,3,1,0.5414279699325562
11202,3,NORMAL,3,1,0.4885523319244385
11203,3,NORMAL,3,1,0.4554027318954468
11204,3,NORMAL,3,1,0.5488229990005493
11205,3,NORMAL,3,1,0.42509421706199646
11206,3,NORMAL,3,1,0.5592058300971985
11207,3,NORMAL,3,1,0.49306297302246094
11208,3,NORMAL,3,1,0.5159300565719604
11209,3,NORMAL,3,1,0.5177014470100403
11210,3,NORMAL,3,1,0.42857638001441956
11211,3,NORMAL,3,1,0.5899542570114136
11212,3,NORMAL,3,1,0.48646417260169983
11213,3,NORMAL,3,1,0.6227774024009705
11214,3,NORMAL,3,1,0.5623204708099365
11215,3,NORMAL,3,1,0.6291071772575378
11216,3,NORMAL,3,1,0.5936512351036072
11217,3,NORMAL,3,1,0.5655620694160461
11218,3,NORMAL,3,1,0.5831108093261719
11219,3,NORMAL,3,1,0.36166253685951233
11220,3,NORMAL,3,1,0.5461674332618713
11221,3,NORMAL,3,1,0.6245899200439453
11222,3,NORMAL,3,1,0.48334500193595886
11223,3,NORMAL,3,1,0.5849277973175049
11224,3,NORMAL,3,1,0.5552334189414978
11225,3,NORMAL,3,1,0.5125189423561096
11226,3,NORMAL,3,1,0.5409205555915833
11227,3,NORMAL,3,1,0.5718606114387512
11228,3,NORMAL,3,1,0.5710070133209229
11229,3,NORMAL,3,1,0.6240885257720947
11230,3,NORMAL,3,1,0.5829759240150452
11231,3,NORMAL,3,1,0.5349016189575195
11232,3,NORMAL,3,1,0.6213592290878296
11233,3,NORMAL,3,1,0.6037791967391968
11234,3,NORMAL,3,1,0.4478045701980591
11235,3,NORMAL,3,1,0.5501746535301208
11236,3,NORMAL,3,1,0.5592296719551086
11237,3,NORMAL,3,1,0.5344926714897156
11238,3,NORMAL,3,1,0.549669086933136
11239,3,NORMAL,1,0,0.39929357171058655
11240,3,NORMAL,3,1,0.5986402630805969
11241,3,NORMAL,3,1,0.5853881239891052
11242,3,NORMAL,3,1,0.5816789865493774
11243,3,NORMAL,3,1,0.6439148783683777
11244,3,NORMAL,3,1,0.5095961689949036
11245,3,NORMAL,3,1,0.5038290023803711
11246,3,NORMAL,3,1,0.48842552304267883
11247,3,NORMAL,3,1,0.3628994822502136
11248,3,NORMAL,3,1,0.6055331230163574
11249,3,NORMAL,3,1,0.5411471128463745
11250,3,NORMAL,3,1,0.4516078233718872
11251,3,NORMAL,3,1,0.5220489501953125
11252,3,NORMAL,3,1,0.4992162585258484
11253,3,NORMAL,3,1,0.575431764125824
11254,3,NORMAL,3,1,0.658858060836792
11255,3,NORMAL,3,1,0.5400448441505432
11256,3,NORMAL,3,1,0.6026393175125122
11257,3,NORMAL,3,1,0.5923193693161011
11258,3,NORMAL,3,1,0.45297813415527344
11259,3,NORMAL,3,1,0.594619870185852
11260,3,NORMAL,3,1,0.6470446586608887
11261,3,NORMAL,3,1,0.4714713990688324
11262,3,NORMAL,3,1,0.5798476338386536
11263,3,NORMAL,3,1,0.5584391355514526
11264,3,NORMAL,3,1,0.6371888518333435
11265,3,NORMAL,3,1,0.44814616441726685
11266,3,NORMAL,3,1,0.5943877696990967
11267,3,NORMAL,3,1,0.57831871509552
11268,3,NORMAL,3,1,0.593574583530426
11269,3,NORMAL,3,1,0.5352940559387207
11270,3,NORMAL,3,1,0.49508965015411377
11271,3,NORMAL,3,1,0.5554017424583435
11272,3,NORMAL,3,1,0.576380729675293
11273,3,NORMAL,3,1,0.5951718091964722
11274,3,NORMAL,3,1,0.48265039920806885
11275,3,NORMAL,3,1,0.5308758020401001
11276,3,NORMAL,3,1,0.6169644594192505
11277,3,NORMAL,3,1,0.4997785687446594
11278,3,NORMAL,3,1,0.6089791655540466
11279,3,NORMAL,3,1,0.5829710364341736
11280,3,NORMAL,3,1,0.41774582862854004
11281,3,NORMAL,3,1,0.46629229187965393
11282,3,NORMAL,3,1,0.5259381532669067
11283,3,NORMAL,3,1,0.5844926238059998
11284,3,NORMAL,3,1,0.5856053233146667
11285,3,NORMAL,3,1,0.5784932971000671
11286,3,NORMAL,3,1,0.5980424284934998
11287,3,NORMAL,3,1,0.5090489387512207
11288,3,NORMAL,3,1,0.5570746064186096
11289,3,NORMAL,3,1,0.4110049307346344
11290,3,NORMAL,3,1,0.43047836422920227
11291,3,NORMAL,2,0,0.0753440335392952
11292,3,NORMAL,3,1,0.6026207208633423
11293,3,NORMAL,3,1,0.38356813788414
11294,3,NORMAL,3,1,0.5096319913864136
11295,3,NORMAL,3,1,0.5926422476768494
11296,3,NORMAL,3,1,0.5949335694313049
11297,3,NORMAL,3,1,0.6191810369491577
11298,3,NORMAL,3,1,0.5005353689193726
11299,3,NORMAL,3,1,0.5615717768669128
11300,3,NORMAL,3,1,0.6150617003440857
11301,3,NORMAL,3,1,0.5005543231964111
11302,3,NORMAL,3,1,0.5251709222793579
11303,3,NORMAL,3,1,0.5232597589492798
11304,3,NORMAL,3,1,0.5701705813407898
11305,3,NORMAL,3,1,0.5769320130348206
11306,3,NORMAL,3,1,0.5400397777557373
11307,3,NORMAL,3,1,0.551764190196991
11308,3,NORMAL,3,1,0.475728303194046
11309,3,NORMAL,3,1,0.554702877998352
11310,3,NORMAL,3,1,0.47068342566490173
11311,3,NORMAL,3,1,0.6440764665603638
11312,3,NORMAL,3,1,0.5658708214759827
11313,3,NORMAL,3,1,0.5974816679954529
11314,3,NORMAL,3,1,0.6143225431442261
11315,3,NORMAL,3,1,0.4776817560195923
11316,3,NORMAL,3,1,0.5376089215278625
11317,3,NORMAL,3,1,0.5213303565979004
11318,3,NORMAL,3,1,0.589674711227417
11319,3,NORMAL,3,1,0.5680533647537231
11320,3,NORMAL,3,1,0.48063236474990845
11321,3,NORMAL,1,0,0.43408411741256714
11322,3,NORMAL,3,1,0.4687339663505554
11323,3,NORMAL,3,1,0.5861106514930725
11324,3,NORMAL,3,1,0.47946053743362427
11325,3,NORMAL,3,1,0.6020522713661194
11326,3,NORMAL,3,1,0.36223337054252625
11327,3,NORMAL,3,1,0.6047229170799255
11328,3,NORMAL,3,1,0.5160306692123413
11329,3,NORMAL,3,1,0.6168147921562195
11330,3,NORMAL,3,1,0.5829473733901978
11331,3,NORMAL,3,1,0.5104920268058777
11332,3,NORMAL,3,1,0.5618217587471008
11333,3,NORMAL,3,1,0.547903299331665
11334,3,NORMAL,3,1,0.537092387676239
11335,3,NORMAL,3,1,0.6102676391601562
11336,3,NORMAL,3,1,0.6487154960632324
11337,3,NORMAL,3,1,0.5549177527427673
11338,3,NORMAL,3,1,0.49192357063293457
11339,3,NORMAL,3,1,0.48993533849716187
11340,3,NORMAL,3,1,0.5753883123397827
11341,3,NORMAL,3,1,0.5515470504760742
11342,3,NORMAL,3,1,0.5517653226852417
11343,3,NORMAL,3,1,0.5707628130912781
11344,3,NORMAL,3,1,0.48756030201911926
11345,3,NORMAL,1,0,0.6142235398292542
11346,3,NORMAL,3,1,0.5559384226799011
11347,3,NORMAL,3,1,0.4042922854423523
11348,3,NORMAL,3,1,0.553675651550293
11349,3,NORMAL,3,1,0.6069180369377136
11350,3,NORMAL,3,1,0.4686361253261566
11351,3,NORMAL,3,1,0.6163296103477478
11352,3,NORMAL,3,1,0.6019588708877563
11353,3,NORMAL,3,1,0.5872237086296082
11354,3,NORMAL,3,1,0.6123353838920593
11355,3,NORMAL,3,1,0.5297968983650208
11356,3,NORMAL,3,1,0.6683889031410217
11357,3,NORMAL,3,1,0.5813676118850708
11358,3,NORMAL,3,1,0.6288666129112244
11359,3,NORMAL,3,1,0.5809692144393921
11360,3,NORMAL,3,1,0.5770139098167419
11361,3,NORMAL,3,1,0.6065983772277832
11362,3,NORMAL,3,1,0.5897783637046814
11363,3,NORMAL,3,1,0.6128718852996826
11364,3,NORMAL,3,1,0.5613340139389038
11365,3,NORMAL,3,1,0.37823888659477234
11366,3,NORMAL,3,1,0.521415114402771
11367,3,NORMAL,3,1,0.5937104821205139
11368,3,NORMAL,3,1,0.6044448018074036
11369,3,NORMAL,3,1,0.4902416467666626
11370,3,NORMAL,3,1,0.6540087461471558
11371,3,NORMAL,3,1,0.4351166784763336
11372,3,NORMAL,3,1,0.569435179233551
11373,3,NORMAL,3,1,0.4756218194961548
11374,3,NORMAL,3,1,0.5061371922492981
11375,3,NORMAL,3,1,0.5810344815254211
11376,3,NORMAL,3,1,0.5978515148162842
11377,3,NORMAL,3,1,0.5177890062332153
11378,3,NORMAL,3,1,0.36760687828063965
11379,3,NORMAL,3,1,0.5866081714630127
11380,3,NORMAL,3,1,0.5606826543807983
11381,3,NORMAL,3,1,0.5614269971847534
11382,3,NORMAL,3,1,0.5498508214950562
11383,3,NORMAL,3,1,0.5168402194976807
11384,3,NORMAL,3,1,0.45834022760391235
11385,3,NORMAL,3,1,0.5029924511909485
11386,3,NORMAL,3,1,0.5929001569747925
11387,3,NORMAL,3,1,0.6223876476287842
11388,3,NORMAL,3,1,0.5203066468238831
11389,3,NORMAL,3,1,0.5159986019134521
11390,3,NORMAL,3,1,0.5260701775550842
11391,3,NORMAL,3,1,0.4903339743614197
11392,3,NORMAL,3,1,0.5474029183387756
11393,3,NORMAL,3,1,0.47560983896255493
11394,3,NORMAL,3,1,0.4353344440460205
11395,3,NORMAL,3,1,0.5881519317626953
11396,3,NORMAL,3,1,0.3367398679256439
11397,3,NORMAL,3,1,0.5420548319816589
11398,3,NORMAL,3,1,0.5561068058013916
11399,3,NORMAL,3,1,0.5210118889808655
11400,3,NORMAL,3,1,0.5501128435134888
11401,3,NORMAL,3,1,0.5718790292739868
11402,3,NORMAL,3,1,0.5389858484268188
11403,3,NORMAL,3,1,0.566063404083252
11404,3,NORMAL,3,1,0.43909648060798645
11405,3,NORMAL,3,1,0.5139802098274231
11406,3,NORMAL,3,1,0.6084093451499939
11407,3,NORMAL,3,1,0.5580588579177856
11408,3,NORMAL,3,1,0.5151367783546448
11409,3,NORMAL,3,1,0.48050656914711
11410,3,NORMAL,3,1,0.5761582851409912
11411,3,NORMAL,3,1,0.5903220176696777
11412,3,NORMAL,3,1,0.8441174626350403
11413,3,NORMAL,3,1,0.5266810059547424
11414,3,NORMAL,3,1,0.5003937482833862
11415,3,NORMAL,3,1,0.5708219408988953
11416,3,NORMAL,3,1,0.5087064504623413
11417,3,NORMAL,3,1,0.5753633379936218
11418,3,NORMAL,3,1,0.5058637261390686
11419,3,NORMAL,3,1,0.5968981981277466
11420,3,NORMAL,3,1,0.5994998812675476
11421,3,NORMAL,3,1,0.5389731526374817
11422,3,NORMAL,3,1,0.5467090606689453
11423,3,NORMAL,3,1,0.5225967168807983
11424,3,NORMAL,3,1,0.6576839685440063
11425,3,NORMAL,3,1,0.46949440240859985
11426,3,NORMAL,3,1,0.5215786695480347
11427,3,NORMAL,3,1,0.6682178974151611
11428,3,NORMAL,3,1,0.5221481919288635
11429,3,NORMAL,3,1,0.5034403204917908
11430,3,NORMAL,3,1,0.6171211004257202
11431,3,NORMAL,3,1,0.5970579981803894
11432,3,NORMAL,3,1,0.44316694140434265
11433,3,NORMAL,3,1,0.11203057318925858
11434,3,NORMAL,3,1,0.596514105796814
11435,3,NORMAL,3,1,0.6561415791511536
11436,3,NORMAL,3,1,0.527913510799408
11437,3,NORMAL,3,1,0.5917479395866394
11438,3,NORMAL,1,0,0.3089488446712494
11439,3,NORMAL,3,1,0.5948039293289185
11440,3,NORMAL,3,1,0.6192995309829712
11441,3,NORMAL,3,1,0.6184457540512085
11442,3,NORMAL,3,1,0.5109389424324036
11443,3,NORMAL,3,1,0.3081384599208832
11444,3,NORMAL,3,1,0.5454633831977844
11445,3,NORMAL,3,1,0.5755671858787537
11446,3,NORMAL,3,1,0.5306857228279114
11447,3,NORMAL,3,1,0.6940551996231079
11448,3,NORMAL,3,1,0.5796087384223938
11449,3,NORMAL,3,1,0.5620580315589905
11450,3,NORMAL,3,1,0.5368012189865112
11451,3,NORMAL,3,1,0.5797855854034424
11452,3,NORMAL,3,1,0.5829112529754639
11453,3,NORMAL,3,1,0.5876786112785339
11454,3,NORMAL,3,1,0.41795477271080017
11455,3,NORMAL,3,1,0.5410944223403931
11456,3,NORMAL,3,1,0.5560181736946106
11457,3,NORMAL,3,1,0.5704662203788757
11458,3,NORMAL,3,1,0.5071088671684265
11459,3,NORMAL,3,1,0.486442893743515
11460,3,NORMAL,3,1,0.6708354353904724
11461,3,NORMAL,3,1,0.4376524090766907
11462,3,NORMAL,3,1,0.47895699739456177
11463,3,NORMAL,3,1,0.5001965761184692
11464,3,NORMAL,3,1,0.5242703557014465
11465,3,NORMAL,3,1,0.5705357193946838
11466,3,NORMAL,3,1,0.47718605399131775
11467,3,NORMAL,3,1,0.6076750159263611
11468,3,NORMAL,3,1,0.5801462531089783
11469,3,NORMAL,2,0,0.5147127509117126
11470,3,NORMAL,3,1,0.6087517142295837
11471,3,NORMAL,3,1,0.5523145198822021
11472,3,NORMAL,3,1,0.6239014863967896
11473,3,NORMAL,3,1,0.4844624400138855
11474,3,NORMAL,3,1,0.45149895548820496
11475,3,NORMAL,3,1,0.5222285389900208
11476,3,NORMAL,3,1,0.4635443389415741
11477,3,NORMAL,3,1,0.5156438946723938
11478,3,NORMAL,3,1,0.4980146288871765
11479,3,NORMAL,3,1,0.6038733124732971
11480,3,NORMAL,3,1,0.36167654395103455
11481,3,NORMAL,3,1,0.5867902636528015
11482,3,NORMAL,3,1,0.573631227016449
11483,3,NORMAL,3,1,0.5650398135185242
11484,3,NORMAL,3,1,0.5197064876556396
11485,3,NORMAL,3,1,0.5675175189971924
11486,3,NORMAL,3,1,0.5517899990081787
11487,3,NORMAL,3,1,0.5913682579994202
11488,3,NORMAL,3,1,0.7000924944877625
11489,3,NORMAL,3,1,0.6229315996170044
11490,3,NORMAL,3,1,0.6045384407043457
11491,3,NORMAL,3,1,0.5948484539985657
11492,3,NORMAL,3,1,0.5578051805496216
11493,3,NORMAL,3,1,0.46755650639533997
11494,3,NORMAL,3,1,0.550639271736145
11495,3,NORMAL,3,1,0.5060638785362244
11496,3,NORMAL,3,1,0.681556761264801
11497,3,NORMAL,3,1,0.4302631914615631
11498,3,NORMAL,3,1,0.2216285914182663
11499,3,NORMAL,3,1,0.5755732655525208
11500,3,NORMAL,3,1,0.6201216578483582
11501,3,NORMAL,3,1,0.5464471578598022
11502,3,NORMAL,3,1,0.469257116317749
11503,3,NORMAL,3,1,0.5692061185836792
11504,3,NORMAL,3,1,0.5483385920524597
11505,3,NORMAL,3,1,0.4996132254600525
11506,3,NORMAL,3,1,0.6772094964981079
11507,3,NORMAL,3,1,0.507940411567688
11508,3,NORMAL,3,1,0.5087684988975525
11509,3,NORMAL,3,1,0.5446048378944397
11510,3,NORMAL,3,1,0.6382450461387634
11511,3,NORMAL,3,1,0.5594485402107239
11512,3,NORMAL,3,1,0.603889524936676
11513,3,NORMAL,3,1,0.4039778411388397
11514,3,NORMAL,3,1,0.5313240885734558
11515,3,NORMAL,3,1,0.5661511421203613
11516,3,NORMAL,3,1,0.5537548661231995
11517,3,NORMAL,3,1,0.42809584736824036
11518,3,NORMAL,3,1,0.6026688814163208
11519,3,NORMAL,3,1,0.6248098015785217
11520,3,NORMAL,3,1,0.6238770484924316
11521,3,NORMAL,3,1,0.47486284375190735
11522,3,NORMAL,3,1,0.4073154926300049
11523,3,NORMAL,3,1,0.5412710309028625
11524,3,NORMAL,3,1,0.4637431204319
11525,3,NORMAL,3,1,0.4512122571468353
11526,3,NORMAL,3,1,0.6972441673278809
11527,3,NORMAL,3,1,0.4932195544242859
11528,3,NORMAL,3,1,0.5137867331504822
11529,3,NORMAL,3,1,0.5126692652702332
11530,3,NORMAL,3,1,0.5959819555282593
11531,3,NORMAL,3,1,0.47289326786994934
11532,3,NORMAL,3,1,0.5066823959350586
11533,3,NORMAL,3,1,0.62677001953125
11534,3,NORMAL,3,1,0.25211653113365173
11535,3,NORMAL,3,1,0.596439003944397
11536,3,NORMAL,3,1,0.5331143736839294
11537,3,NORMAL,3,1,0.4532533288002014
11538,3,NORMAL,3,1,0.33289772272109985
11539,3,NORMAL,3,1,0.5149721503257751
11540,3,NORMAL,3,1,0.4618019461631775
11541,3,NORMAL,3,1,0.5921120047569275
11542,3,NORMAL,3,1,0.569114089012146
11543,3,NORMAL,3,1,0.5381224751472473
11544,3,NORMAL,3,1,0.3407130837440491
11545,3,NORMAL,3,1,0.5396983623504639
11546,3,NORMAL,3,1,0.5941892266273499
11547,3,NORMAL,3,1,0.46600380539894104
11548,3,NORMAL,3,1,0.5636166930198669
11549,3,NORMAL,3,1,0.61369788646698
11550,3,NORMAL,2,0,0.791562557220459
11551,3,NORMAL,3,1,0.5470909476280212
11552,3,NORMAL,3,1,0.6091994643211365
11553,3,NORMAL,3,1,0.6139441132545471
11554,3,NORMAL,3,1,0.3431589603424072
11555,3,NORMAL,3,1,0.6044666171073914
11556,3,NORMAL,3,1,0.5333535671234131
11557,3,NORMAL,3,1,0.5397557616233826
11558,3,NORMAL,3,1,0.4741247892379761
11559,3,NORMAL,3,1,0.49834737181663513
11560,3,NORMAL,3,1,0.5673183798789978
11561,3,NORMAL,3,1,0.5059652924537659
11562,3,NORMAL,3,1,0.46251773834228516
11563,3,NORMAL,3,1,0.6070878505706787
11564,3,NORMAL,3,1,0.5440714955329895
11565,3,NORMAL,3,1,0.5783756375312805
11566,3,NORMAL,3,1,0.48634442687034607
11567,3,NORMAL,3,1,0.535386860370636
11568,3,NORMAL,3,1,0.6690567135810852
11569,3,NORMAL,3,1,0.5541190505027771
11570,3,NORMAL,3,1,0.5217259526252747
11571,3,NORMAL,3,1,0.49697282910346985
11572,3,NORMAL,3,1,0.5284975171089172
11573,3,NORMAL,3,1,0.5862441062927246
11574,3,NORMAL,3,1,0.6094602346420288
11575,3,NORMAL,3,1,0.5066412687301636
11576,3,NORMAL,3,1,0.5114948153495789
11577,3,NORMAL,3,1,0.5498775243759155
11578,3,NORMAL,3,1,0.5755528807640076
11579,3,NORMAL,3,1,0.5807300209999084
11580,3,NORMAL,3,1,0.445651113986969
11581,3,NORMAL,3,1,0.5856130719184875
11582,3,NORMAL,3,1,0.6204434037208557
11583,3,NORMAL,3,1,0.4660234749317169
11584,3,NORMAL,3,1,0.5347460508346558
11585,3,NORMAL,3,1,0.6531501412391663
11586,3,NORMAL,3,1,0.6174654960632324
11587,3,NORMAL,3,1,0.5857352018356323
11588,3,NORMAL,3,1,0.38615167140960693
11589,3,NORMAL,3,1,0.5347726941108704
11590,3,NORMAL,3,1,0.583627462387085
11591,3,NORMAL,3,1,0.5967972278594971
11592,3,NORMAL,3,1,0.5419111847877502
11593,3,NORMAL,3,1,0.4953254163265228
11594,3,NORMAL,3,1,0.6128318309783936
11595,3,NORMAL,3,1,0.48679059743881226
11596,3,NORMAL,3,1,0.5733045935630798
11597,3,NORMAL,3,1,0.5969575643539429
11598,3,NORMAL,3,1,0.509886622428894
11599,3,NORMAL,3,1,0.5067667961120605
11600,3,NORMAL,3,1,0.5296803116798401
11601,3,NORMAL,3,1,0.5682685375213623
11602,3,NORMAL,3,1,0.6349215507507324
11603,3,NORMAL,3,1,0.5854251980781555
11604,3,NORMAL,3,1,0.5023108720779419
11605,3,NORMAL,3,1,0.5459845066070557
11606,3,NORMAL,3,1,0.5444673299789429
11607,3,NORMAL,3,1,0.36842504143714905
11608,3,NORMAL,3,1,0.5824147462844849
11609,3,NORMAL,3,1,0.6093297600746155
11610,3,NORMAL,3,1,0.6151745319366455
11611,3,NORMAL,3,1,0.562322199344635
11612,3,NORMAL,3,1,0.3930366635322571
11613,3,NORMAL,3,1,0.5035421252250671
11614,3,NORMAL,3,1,0.4585022032260895
11615,3,NORMAL,3,1,0.6211731433868408
11616,3,NORMAL,3,1,0.5708194375038147
11617,3,NORMAL,3,1,0.5890911221504211
11618,3,NORMAL,3,1,0.5905227661132812
11619,3,NORMAL,3,1,0.6313145160675049
11620,3,NORMAL,3,1,0.6434522271156311
11621,3,NORMAL,3,1,0.5148099660873413
11622,3,NORMAL,3,1,0.5315233469009399
11623,3,NORMAL,3,1,0.5984053015708923
11624,3,NORMAL,3,1,0.5921815037727356
11625,3,NORMAL,3,1,0.5517207384109497
11626,3,NORMAL,3,1,0.5520362854003906
11627,3,NORMAL,3,1,0.5406450629234314
11628,3,NORMAL,3,1,0.5677197575569153
11629,3,NORMAL,3,1,0.4849868416786194
11630,3,NORMAL,3,1,0.5828577280044556
11631,3,NORMAL,3,1,0.5814740061759949
11632,3,NORMAL,3,1,0.5966342687606812
11633,3,NORMAL,3,1,0.5370247960090637
11634,3,NORMAL,3,1,0.4966115355491638
11635,3,NORMAL,3,1,0.5464288592338562
11636,3,NORMAL,3,1,0.6424687504768372
11637,3,NORMAL,3,1,0.5698229074478149
11638,3,NORMAL,3,1,0.18971164524555206
11639,3,NORMAL,3,1,0.4706979990005493
11640,3,NORMAL,3,1,0.4740249514579773
11641,3,NORMAL,3,1,0.4940114915370941
11642,3,NORMAL,3,1,0.5038203001022339
11643,3,NORMAL,3,1,0.4832667410373688
11644,3,NORMAL,3,1,0.572163999080658
11645,3,NORMAL,3,1,0.4831753671169281
11646,3,NORMAL,3,1,0.6262608170509338
11647,3,NORMAL,3,1,0.5858665704727173
11648,3,NORMAL,3,1,0.3158653974533081
11649,3,NORMAL,3,1,0.43210509419441223
11650,3,NORMAL,3,1,0.4451642632484436
11651,3,NORMAL,3,1,0.517479419708252
11652,3,NORMAL,3,1,0.5378398895263672
11653,3,NORMAL,3,1,0.5149906277656555
11654,3,NORMAL,3,1,0.5616141557693481
11655,3,NORMAL,3,1,0.5470386147499084
11656,3,NORMAL,3,1,0.4875587224960327
11657,3,NORMAL,3,1,0.5065780878067017
11658,3,NORMAL,3,1,0.6280974745750427
11659,3,NORMAL,3,1,0.5532113909721375
11660,3,NORMAL,3,1,0.5067980289459229
11661,3,NORMAL,3,1,0.5965178608894348
11662,3,NORMAL,3,1,0.49685925245285034
11663,3,NORMAL,3,1,0.45152193307876587
11664,3,NORMAL,3,1,0.5914411544799805
11665,3,NORMAL,3,1,0.558863639831543
11666,3,NORMAL,3,1,0.39119952917099
11667,3,NORMAL,3,1,0.5994917154312134
11668,3,NORMAL,3,1,0.3742496371269226
11669,3,NORMAL,3,1,0.5220955014228821
11670,3,NORMAL,3,1,0.5632205605506897
11671,3,NORMAL,3,1,0.6183250546455383
11672,3,NORMAL,3,1,0.6078886389732361
11673,3,NORMAL,3,1,0.6208633184432983
11674,3,NORMAL,3,1,0.5835050344467163
11675,3,NORMAL,3,1,0.564341127872467
11676,3,NORMAL,3,1,0.5570419430732727
11677,3,NORMAL,3,1,0.5873774290084839
11678,3,NORMAL,3,1,0.589929461479187
11679,3,NORMAL,3,1,0.5626164078712463
11680,3,NORMAL,3,1,0.5567384958267212
11681,3,NORMAL,3,1,0.6215323209762573
11682,3,NORMAL,3,1,0.5118916034698486
11683,3,NORMAL,3,1,0.5158729553222656
11684,3,NORMAL,3,1,0.5531332492828369
11685,3,NORMAL,3,1,0.5623359084129333
11686,3,NORMAL,3,1,0.597350537776947
11687,3,NORMAL,3,1,0.5952973961830139
11688,3,NORMAL,3,1,0.5386438369750977
11689,3,NORMAL,3,1,0.4436107277870178
11690,3,NORMAL,3,1,0.6080160737037659
11691,3,NORMAL,3,1,0.5801393389701843
11692,3,NORMAL,3,1,0.48164883255958557
11693,3,NORMAL,3,1,0.5433274507522583
11694,3,NORMAL,3,1,0.4949429929256439
11695,3,NORMAL,3,1,0.6431277990341187
11696,3,NORMAL,3,1,0.5995610356330872
11697,3,NORMAL,3,1,0.6176154017448425
11698,3,NORMAL,3,1,0.5712569952011108
11699,3,NORMAL,3,1,0.11101144552230835
11700,3,NORMAL,3,1,0.3417103886604309
11701,3,NORMAL,3,1,0.6158897876739502
11702,3,NORMAL,3,1,0.515177845954895
11703,3,NORMAL,3,1,0.32506510615348816
11704,3,NORMAL,3,1,0.5627726316452026
11705,3,NORMAL,3,1,0.5696501731872559
11706,3,NORMAL,3,1,0.5961418151855469
11707,3,NORMAL,3,1,0.42575591802597046
11708,3,NORMAL,3,1,0.5049574971199036
11709,3,NORMAL,3,1,0.5233101844787598
11710,3,NORMAL,3,1,0.543881893157959
11711,3,NORMAL,3,1,0.5502758622169495
11712,3,NORMAL,1,0,0.3204413950443268
11713,3,NORMAL,3,1,0.5439122915267944
11714,3,NORMAL,3,1,0.5940260291099548
11715,3,NORMAL,3,1,0.568224310874939
11716,3,NORMAL,3,1,0.38909411430358887
11717,3,NORMAL,3,1,0.5692722797393799
11718,3,NORMAL,2,0,0.27692925930023193
11719,3,NORMAL,3,1,0.488506942987442
11720,3,NORMAL,3,1,0.43522214889526367
11721,3,NORMAL,3,1,0.5035558342933655
11722,3,NORMAL,3,1,0.5159751772880554
11723,3,NORMAL,3,1,0.4968129098415375
11724,3,NORMAL,3,1,0.42429712414741516
11725,3,NORMAL,3,1,0.4451570510864258
11726,3,NORMAL,3,1,0.4907543659210205
11727,3,NORMAL,3,1,0.48373985290527344
11728,3,NORMAL,3,1,0.4713471829891205
11729,3,NORMAL,3,1,0.5647966265678406
11730,3,NORMAL,3,1,0.5918733477592468
11731,3,NORMAL,3,1,0.6546993255615234
11732,3,NORMAL,3,1,0.6090665459632874
11733,3,NORMAL,3,1,0.24246983230113983
11734,3,NORMAL,3,1,0.5436356663703918
11735,3,NORMAL,3,1,0.5545488595962524
11736,3,NORMAL,3,1,0.4934065043926239
11737,3,NORMAL,3,1,0.6566485166549683
11738,3,NORMAL,3,1,0.5733640789985657
11739,3,NORMAL,3,1,0.5893064737319946
11740,3,NORMAL,3,1,0.5307109355926514
11741,3,NORMAL,3,1,0.5628553032875061
11742,3,NORMAL,3,1,0.5917568802833557
11743,3,NORMAL,3,1,0.5319334268569946
11744,3,NORMAL,3,1,0.45039117336273193
11745,3,NORMAL,3,1,0.4697069823741913
11746,3,NORMAL,3,1,0.5955092310905457
11747,3,NORMAL,3,1,0.5451527833938599
11748,3,NORMAL,3,1,0.5509971380233765
11749,3,NORMAL,3,1,0.5039151310920715
11750,3,NORMAL,3,1,0.45261698961257935
11751,3,NORMAL,3,1,0.5523145198822021
11752,3,NORMAL,3,1,0.6142140030860901
11753,3,NORMAL,3,1,0.5045526027679443
11754,3,NORMAL,3,1,0.581355094909668
11755,3,NORMAL,3,1,0.49686047434806824
11756,3,NORMAL,3,1,0.6054965257644653
11757,3,NORMAL,3,1,0.5968804359436035
11758,3,NORMAL,3,1,0.46391960978507996
11759,3,NORMAL,3,1,0.5867223143577576
11760,3,NORMAL,3,1,0.6029819846153259
11761,3,NORMAL,3,1,0.5380247235298157
11762,3,NORMAL,3,1,0.555007815361023
11763,3,NORMAL,3,1,0.5437124967575073
11764,3,NORMAL,3,1,0.5571147799491882
11765,3,NORMAL,3,1,0.4630048871040344
11766,3,NORMAL,3,1,0.5244060158729553
11767,3,NORMAL,3,1,0.5371142625808716
11768,3,NORMAL,3,1,0.5996174812316895
11769,3,NORMAL,3,1,0.4352155327796936
11770,3,NORMAL,1,0,0.49184298515319824
11771,3,NORMAL,3,1,0.6114491820335388
11772,3,NORMAL,3,1,0.593432605266571
11773,3,NORMAL,3,1,0.5949937105178833
11774,3,NORMAL,3,1,0.42868971824645996
11775,3,NORMAL,3,1,0.5841339230537415
11776,3,NORMAL,3,1,0.5797370672225952
11777,3,NORMAL,3,1,0.534592866897583
11778,3,NORMAL,3,1,0.5926153659820557
11779,3,NORMAL,3,1,0.5594826936721802
11780,3,NORMAL,3,1,0.5321078896522522
11781,3,NORMAL,3,1,0.5511292219161987
11782,3,NORMAL,3,1,0.5930498838424683
11783,3,NORMAL,3,1,0.4838619530200958
11784,3,NORMAL,3,1,0.5153908133506775
11785,3,NORMAL,3,1,0.6708239912986755
11786,3,NORMAL,3,1,0.5962004065513611
11787,3,NORMAL,3,1,0.505695104598999
11788,3,NORMAL,3,1,0.581186056137085
11789,3,NORMAL,3,1,0.21574121713638306
11790,3,NORMAL,3,1,0.6125385165214539
11791,3,NORMAL,3,1,0.5044653415679932
11792,3,NORMAL,2,0,0.18314185738563538
11793,3,NORMAL,3,1,0.5727659463882446
11794,3,NORMAL,3,1,0.5450500249862671
11795,3,NORMAL,3,1,0.5886080861091614
11796,3,NORMAL,3,1,0.5005292892456055
11797,3,NORMAL,3,1,0.5111953020095825
11798,3,NORMAL,3,1,0.4960270822048187
11799,3,NORMAL,3,1,0.5913015007972717
11800,3,NORMAL,3,1,0.532416582107544
11801,3,NORMAL,3,1,0.4946063160896301
11802,3,NORMAL,3,1,0.5423479676246643
11803,3,NORMAL,3,1,0.39318519830703735
11804,3,NORMAL,3,1,0.4711460471153259
11805,3,NORMAL,3,1,0.5493130087852478
11806,3,NORMAL,3,1,0.5641618967056274
11807,3,NORMAL,3,1,0.6209043860435486
11808,3,NORMAL,3,1,0.5703215003013611
11809,3,NORMAL,3,1,0.50913405418396
11810,3,NORMAL,3,1,0.5418951511383057
11811,3,NORMAL,3,1,0.5024698376655579
11812,3,NORMAL,3,1,0.6123592257499695
11813,3,NORMAL,3,1,0.5778986215591431
11814,3,NORMAL,3,1,0.5487698316574097
11815,3,NORMAL,3,1,0.5573891997337341
11816,3,NORMAL,3,1,0.5646679997444153
11817,3,NORMAL,3,1,0.5306635499000549
11818,3,NORMAL,3,1,0.6090179681777954
11819,3,NORMAL,3,1,0.6462412476539612
11820,3,NORMAL,3,1,0.575015127658844
11821,3,NORMAL,3,1,0.3828919231891632
11822,3,NORMAL,3,1,0.5170784592628479
11823,3,NORMAL,3,1,0.5366705656051636
11824,3,NORMAL,2,0,0.45804765820503235
11825,3,NORMAL,3,1,0.5601365566253662
11826,3,NORMAL,3,1,0.5471169352531433
11827,3,NORMAL,3,1,0.5669475793838501
11828,3,NORMAL,3,1,0.5366258025169373
11829,3,NORMAL,3,1,0.4962809979915619
11830,3,NORMAL,3,1,0.5650070309638977
11831,3,NORMAL,3,1,0.5900205373764038
11832,3,NORMAL,3,1,0.36533769965171814
11833,3,NORMAL,3,1,0.4867711365222931
11834,3,NORMAL,3,1,0.3756777346134186
11835,3,NORMAL,3,1,0.5713520646095276
11836,3,NORMAL,3,1,0.4850248098373413
11837,3,NORMAL,3,1,0.5705304145812988
11838,3,NORMAL,3,1,0.51097172498703
11839,3,NORMAL,3,1,0.483208030462265
11840,3,NORMAL,3,1,0.5635209083557129
11841,3,NORMAL,3,1,0.418457955121994
11842,3,NORMAL,3,1,0.6188610792160034
11843,3,NORMAL,3,1,0.315581738948822
11844,3,NORMAL,3,1,0.5322261452674866
11845,3,NORMAL,3,1,0.5257831811904907
11846,3,NORMAL,3,1,0.7113909125328064
11847,3,NORMAL,3,1,0.38766393065452576
11848,3,NORMAL,3,1,0.35642871260643005
11849,3,NORMAL,3,1,0.5479928851127625
11850,3,NORMAL,3,1,0.5828514099121094
11851,3,NORMAL,3,1,0.4781193137168884
11852,3,NORMAL,3,1,0.5491983294487
11853,3,NORMAL,3,1,0.5869221687316895
11854,3,NORMAL,3,1,0.3739641606807709
11855,3,NORMAL,3,1,0.5008628368377686
11856,3,NORMAL,3,1,0.5770456194877625
11857,3,NORMAL,3,1,0.5157655477523804
11858,3,NORMAL,3,1,0.5537887811660767
11859,3,NORMAL,3,1,0.5495932102203369
11860,3,NORMAL,3,1,0.559644877910614
11861,3,NORMAL,3,1,0.5758653283119202
11862,3,NORMAL,3,1,0.5868527293205261
11863,3,NORMAL,3,1,0.5972076058387756
11864,3,NORMAL,3,1,0.5709991455078125
11865,3,NORMAL,3,1,0.4448152780532837
11866,3,NORMAL,3,1,0.5035334229469299
11867,3,NORMAL,3,1,0.43448567390441895
11868,3,NORMAL,3,1,0.6018624901771545
11869,3,NORMAL,3,1,0.5086784958839417
11870,3,NORMAL,3,1,0.5280932784080505
11871,3,NORMAL,3,1,0.5177119374275208
11872,3,NORMAL,3,1,0.55635005235672
11873,3,NORMAL,3,1,0.5620223879814148
11874,3,NORMAL,3,1,0.5274554491043091
11875,3,NORMAL,3,1,0.10997261106967926
11876,3,NORMAL,3,1,0.5268605947494507
11877,3,NORMAL,3,1,0.4083477854728699
11878,3,NORMAL,3,1,0.5575604438781738
11879,3,NORMAL,3,1,0.3306731581687927
11880,3,NORMAL,3,1,0.5109146237373352
11881,3,NORMAL,3,1,0.5196592211723328
11882,3,NORMAL,3,1,0.4507855176925659
11883,3,NORMAL,3,1,0.49788981676101685
11884,3,NORMAL,3,1,0.4685384929180145
11885,3,NORMAL,3,1,0.6173936128616333
11886,3,NORMAL,3,1,0.38891899585723877
11887,3,NORMAL,3,1,0.41063669323921204
11888,3,NORMAL,3,1,0.565228283405304
11889,3,NORMAL,3,1,0.5388755202293396
11890,3,NORMAL,3,1,0.1863492727279663
11891,3,NORMAL,3,1,0.5395588874816895
11892,3,NORMAL,3,1,0.5642328262329102
11893,3,NORMAL,3,1,0.5132602453231812
11894,3,NORMAL,3,1,0.45575907826423645
11895,3,NORMAL,3,1,0.46978050470352173
11896,3,NORMAL,3,1,0.5421035289764404
11897,3,NORMAL,3,1,0.5570069551467896
11898,3,NORMAL,3,1,0.48291075229644775
11899,3,NORMAL,3,1,0.31536391377449036
11900,3,NORMAL,3,1,0.579757809638977
11901,3,NORMAL,3,1,0.5835909247398376
11902,3,NORMAL,3,1,0.5950992107391357
11903,3,NORMAL,3,1,0.5119186043739319
11904,3,NORMAL,3,1,0.597071647644043
11905,3,NORMAL,3,1,0.6766606569290161
11906,3,NORMAL,3,1,0.5313080549240112
11907,3,NORMAL,3,1,0.6126620769500732
11908,3,NORMAL,1,0,0.6467484831809998
11909,3,NORMAL,3,1,0.5965715050697327
11910,3,NORMAL,3,1,0.4561576843261719
11911,3,NORMAL,3,1,0.5980575680732727
11912,3,NORMAL,3,1,0.5225843787193298
11913,3,NORMAL,3,1,0.5350818634033203
11914,3,NORMAL,3,1,0.5458595156669617
11915,3,NORMAL,3,1,0.5298803448677063
11916,3,NORMAL,3,1,0.5181652307510376
11917,3,NORMAL,3,1,0.5657325983047485
11918,3,NORMAL,3,1,0.39518702030181885
11919,3,NORMAL,3,1,0.48923397064208984
11920,3,NORMAL,3,1,0.5794737339019775
11921,3,NORMAL,3,1,0.612423300743103
11922,3,NORMAL,3,1,0.49140042066574097
11923,3,NORMAL,3,1,0.6006894111633301
11924,3,NORMAL,3,1,0.5826227068901062
11925,3,NORMAL,3,1,0.5607093572616577
11926,3,NORMAL,3,1,0.40977463126182556
11927,3,NORMAL,3,1,0.6768936514854431
11928,3,NORMAL,3,1,0.582309901714325
11929,3,NORMAL,3,1,0.40177038311958313
11930,3,NORMAL,3,1,0.6060819029808044
11931,3,NORMAL,3,1,0.5986958742141724
11932,3,NORMAL,3,1,0.31889963150024414
11933,3,NORMAL,3,1,0.5008114576339722
11934,3,NORMAL,3,1,0.6173005700111389
11935,3,NORMAL,3,1,0.48796072602272034
11936,3,NORMAL,3,1,0.5197420120239258
11937,3,NORMAL,3,1,0.5738359689712524
11938,3,NORMAL,3,1,0.5938211679458618
11939,3,NORMAL,3,1,0.46071234345436096
11940,3,NORMAL,3,1,0.4843870997428894
11941,3,NORMAL,3,1,0.5247125029563904
11942,3,NORMAL,3,1,0.5858684182167053
11943,3,NORMAL,3,1,0.5684764385223389
11944,3,NORMAL,3,1,0.6132648587226868
11945,3,NORMAL,3,1,0.5367844700813293
11946,3,NORMAL,3,1,0.6125085353851318
11947,3,NORMAL,3,1,0.5718463659286499
11948,3,NORMAL,3,1,0.46464839577674866
11949,3,NORMAL,3,1,0.49161866307258606
11950,3,NORMAL,3,1,0.4315475523471832
11951,3,NORMAL,3,1,0.5448647737503052
11952,3,NORMAL,3,1,0.4999490976333618
11953,3,NORMAL,3,1,0.5828193426132202
11954,3,NORMAL,3,1,0.1546812802553177
11955,3,NORMAL,3,1,0.39507055282592773
11956,3,NORMAL,3,1,0.48661527037620544
11957,3,NORMAL,3,1,0.6725725531578064
11958,3,NORMAL,3,1,0.5394908785820007
11959,3,NORMAL,3,1,0.5924873948097229
11960,3,NORMAL,3,1,0.5912730693817139
11961,3,NORMAL,3,1,0.5009511709213257
11962,3,NORMAL,3,1,0.5894434452056885
11963,3,NORMAL,3,1,0.5864533185958862
11964,3,NORMAL,3,1,0.5823533535003662
11965,3,NORMAL,3,1,0.36114388704299927
11966,3,NORMAL,3,1,0.597396969795227
11967,3,NORMAL,3,1,0.5018460154533386
11968,3,NORMAL,3,1,0.5246120691299438
11969,3,NORMAL,3,1,0.5401197671890259
11970,3,NORMAL,3,1,0.5524974465370178
11971,3,NORMAL,3,1,0.6706716418266296
11972,3,NORMAL,3,1,0.611726701259613
11973,3,NORMAL,3,1,0.522246778011322
11974,3,NORMAL,3,1,0.5635497570037842
11975,3,NORMAL,3,1,0.5341860055923462
11976,3,NORMAL,3,1,0.5308344960212708
11977,3,NORMAL,3,1,0.5105156302452087
11978,3,NORMAL,3,1,0.5888437628746033
11979,3,NORMAL,1,0,0.43408334255218506
11980,3,NORMAL,3,1,0.5920975804328918
11981,3,NORMAL,3,1,0.508449137210846
11982,3,NORMAL,3,1,0.5245720148086548
11983,3,NORMAL,3,1,0.5902372002601624
11984,3,NORMAL,3,1,0.5311280488967896
11985,3,NORMAL,3,1,0.63310706615448
11986,3,NORMAL,3,1,0.5153685212135315
11987,3,NORMAL,3,1,0.5330461263656616
11988,3,NORMAL,3,1,0.581968367099762
11989,3,NORMAL,3,1,0.5401592254638672
11990,3,NORMAL,3,1,0.5049983263015747
11991,3,NORMAL,3,1,0.3168396055698395
11992,3,NORMAL,3,1,0.4758654832839966
11993,3,NORMAL,3,1,0.5040847063064575
11994,3,NORMAL,3,1,0.6131490468978882
11995,3,NORMAL,3,1,0.5678045749664307
11996,3,NORMAL,3,1,0.5740650296211243
11997,3,NORMAL,3,1,0.5444149374961853
11998,3,NORMAL,3,1,0.5333373546600342
11999,3,NORMAL,3,1,0.5601780414581299
12000,3,NORMAL,3,1,0.5584813952445984
12001,3,NORMAL,3,1,0.5910937786102295
12002,3,NORMAL,3,1,0.5845394134521484
12003,3,NORMAL,3,1,0.6326023936271667
12004,3,NORMAL,3,1,0.5033595561981201
12005,3,NORMAL,3,1,0.4882451593875885
12006,3,NORMAL,3,1,0.5632026195526123
12007,3,NORMAL,3,1,0.5319123864173889
12008,3,NORMAL,3,1,0.496121883392334
12009,3,NORMAL,3,1,0.5952108502388
12010,3,NORMAL,3,1,0.5918423533439636
12011,3,NORMAL,3,1,0.588586151599884
12012,3,NORMAL,3,1,0.603121280670166
12013,3,NORMAL,3,1,0.46634384989738464
12014,3,NORMAL,3,1,0.507878303527832
12015,3,NORMAL,3,1,0.5800570845603943
12016,3,NORMAL,3,1,0.4882003366947174
12017,3,NORMAL,3,1,0.7197603583335876
12018,3,NORMAL,3,1,0.6418170928955078
12019,3,NORMAL,3,1,0.49506282806396484
12020,3,NORMAL,3,1,0.5572673082351685
12021,3,NORMAL,3,1,0.4402632713317871
12022,3,NORMAL,3,1,0.5717771053314209
12023,3,NORMAL,3,1,0.5007637739181519
12024,3,NORMAL,3,1,0.5773628354072571
12025,3,NORMAL,3,1,0.5874366760253906
12026,3,NORMAL,3,1,0.5307255387306213
12027,3,NORMAL,3,1,0.6423406004905701
12028,3,NORMAL,3,1,0.525723934173584
12029,3,NORMAL,3,1,0.6057114601135254
12030,3,NORMAL,3,1,0.39841586351394653
12031,3,NORMAL,3,1,0.5614506602287292
12032,3,NORMAL,3,1,0.59880530834198
12033,3,NORMAL,3,1,0.5884768962860107
12034,3,NORMAL,3,1,0.5230628848075867
12035,3,NORMAL,3,1,0.48443299531936646
12036,3,NORMAL,3,1,0.5297885537147522
12037,3,NORMAL,3,1,0.5249883532524109
12038,3,NORMAL,3,1,0.5008392333984375
12039,3,NORMAL,3,1,0.49109017848968506
12040,3,NORMAL,3,1,0.403085321187973
12041,3,NORMAL,3,1,0.5324807167053223
12042,3,NORMAL,3,1,0.5169114470481873
12043,3,NORMAL,3,1,0.6172617077827454
12044,3,NORMAL,3,1,0.5733229517936707
12045,3,NORMAL,3,1,0.6778634190559387
12046,3,NORMAL,3,1,0.5632230639457703
12047,3,NORMAL,3,1,0.4953543543815613
12048,3,NORMAL,3,1,0.5059965252876282
12049,3,NORMAL,3,1,0.37497878074645996
12050,3,NORMAL,3,1,0.5227629542350769
12051,3,NORMAL,3,1,0.44020798802375793
12052,3,NORMAL,3,1,0.5884814262390137
12053,3,NORMAL,3,1,0.3903733789920807
12054,3,NORMAL,3,1,0.4427815079689026
12055,3,NORMAL,3,1,0.4903496205806732
12056,3,NORMAL,3,1,0.5275884866714478
12057,3,NORMAL,3,1,0.46570029854774475
12058,3,NORMAL,3,1,0.5924514532089233
12059,3,NORMAL,3,1,0.5618433356285095
12060,3,NORMAL,3,1,0.5705510377883911
12061,3,NORMAL,3,1,0.5375111699104309
12062,3,NORMAL,3,1,0.5693814754486084
12063,3,NORMAL,3,1,0.5431044101715088
12064,3,NORMAL,3,1,0.4559987783432007
12065,3,NORMAL,3,1,0.5302404165267944
12066,3,NORMAL,3,1,0.5076413750648499
12067,3,NORMAL,3,1,0.527749240398407
12068,3,NORMAL,3,1,0.5586858987808228
12069,3,NORMAL,3,1,0.5347170233726501
12070,3,NORMAL,3,1,0.5455076098442078
12071,3,NORMAL,3,1,0.44038304686546326
12072,3,NORMAL,3,1,0.5649734139442444
12073,3,NORMAL,3,1,0.651479184627533
12074,3,NORMAL,3,1,0.5530731081962585
12075,3,NORMAL,3,1,0.5455503463745117
12076,3,NORMAL,3,1,0.4894440770149231
12077,3,NORMAL,3,1,0.6075629591941833
12078,3,NORMAL,3,1,0.5656845569610596
12079,3,NORMAL,3,1,0.6442118287086487
12080,3,NORMAL,3,1,0.5182895064353943
12081,3,NORMAL,3,1,0.5685681700706482
12082,3,NORMAL,3,1,0.5953158736228943
12083,3,NORMAL,3,1,0.5463829636573792
12084,3,NORMAL,3,1,0.37901973724365234
12085,3,NORMAL,3,1,0.4923766851425171
12086,3,NORMAL,3,1,0.5823402404785156
12087,3,NORMAL,3,1,0.5469368696212769
12088,3,NORMAL,3,1,0.47263452410697937
12089,3,NORMAL,3,1,0.5572950839996338
12090,3,NORMAL,3,1,0.4579352140426636
12091,3,NORMAL,3,1,0.5181000828742981
12092,3,NORMAL,3,1,0.5803226232528687
12093,3,NORMAL,3,1,0.44627681374549866
12094,3,NORMAL,3,1,0.5954315066337585
12095,3,NORMAL,3,1,0.4343922734260559
12096,3,NORMAL,3,1,0.5677024722099304
12097,3,NORMAL,3,1,0.6101881265640259
12098,3,NORMAL,3,1,0.5517259836196899
12099,3,NORMAL,3,1,0.5246330499649048
12100,3,NORMAL,3,1,0.6462340950965881
12101,3,NORMAL,3,1,0.6442445516586304
12102,3,NORMAL,3,1,0.47546806931495667
12103,3,NORMAL,3,1,0.5608657002449036
12104,3,NORMAL,3,1,0.501617968082428
12105,3,NORMAL,3,1,0.4376155436038971
12106,3,NORMAL,3,1,0.4437674880027771
12107,3,NORMAL,3,1,0.5533339381217957
12108,3,NORMAL,3,1,0.5463865399360657
12109,3,NORMAL,3,1,0.5434169769287109
12110,3,NORMAL,3,1,0.48313719034194946
12111,3,NORMAL,3,1,0.6011103391647339
12112,3,NORMAL,3,1,0.539692223072052
12113,3,NORMAL,3,1,0.636620819568634
12114,3,NORMAL,3,1,0.5944744944572449
12115,3,NORMAL,3,1,0.5166570544242859
12116,3,NORMAL,3,1,0.498276948928833
12117,3,NORMAL,1,0,0.31057262420654297
12118,3,NORMAL,3,1,0.5720106959342957
12119,3,NORMAL,3,1,0.6251774430274963
12120,3,NORMAL,3,1,0.6452096104621887
12121,3,NORMAL,3,1,0.6654635071754456
12122,3,NORMAL,3,1,0.47147032618522644
12123,3,NORMAL,3,1,0.5102949738502502
12124,3,NORMAL,3,1,0.44228753447532654
12125,3,NORMAL,3,1,0.5258151888847351
12126,3,NORMAL,3,1,0.531882107257843
12127,3,NORMAL,3,1,0.625010073184967
12128,3,NORMAL,3,1,0.5339025259017944
12129,3,NORMAL,3,1,0.5876914858818054
12130,3,NORMAL,3,1,0.5657166838645935
12131,3,NORMAL,1,0,0.5211778283119202
12132,3,NORMAL,3,1,0.5513302683830261
12133,3,NORMAL,3,1,0.4298437237739563
12134,3,NORMAL,3,1,0.5611327290534973
12135,3,NORMAL,3,1,0.5227862596511841
12136,3,NORMAL,3,1,0.6078936457633972
12137,3,NORMAL,3,1,0.5230627655982971
12138,3,NORMAL,3,1,0.6967140436172485
12139,3,NORMAL,3,1,0.5874430537223816
12140,3,NORMAL,3,1,0.3823418617248535
12141,3,NORMAL,3,1,0.4051167070865631
12142,3,NORMAL,3,1,0.49303150177001953
12143,3,NORMAL,3,1,0.5845656394958496
12144,3,NORMAL,3,1,0.5582989454269409
12145,3,NORMAL,3,1,0.5276883840560913
12146,3,NORMAL,3,1,0.5730526447296143
12147,3,NORMAL,3,1,0.5931877493858337
12148,3,NORMAL,3,1,0.45910751819610596
12149,3,NORMAL,3,1,0.4390796720981598
12150,3,NORMAL,3,1,0.6335373520851135
12151,3,NORMAL,3,1,0.48594632744789124
12152,3,NORMAL,3,1,0.48810824751853943
12153,3,NORMAL,3,1,0.5979751348495483
12154,3,NORMAL,3,1,0.5325338840484619
12155,3,NORMAL,3,1,0.5229744911193848
12156,3,NORMAL,3,1,0.5592381954193115
12157,3,NORMAL,3,1,0.49121683835983276
12158,3,NORMAL,3,1,0.5116536021232605
12159,3,NORMAL,3,1,0.4707837700843811
12160,3,NORMAL,3,1,0.5917088389396667
12161,3,NORMAL,3,1,0.22088581323623657
12162,3,NORMAL,3,1,0.5025327801704407
12163,3,NORMAL,3,1,0.5297568440437317
12164,3,NORMAL,3,1,0.5416215062141418
12165,3,NORMAL,3,1,0.3458658456802368
12166,3,NORMAL,3,1,0.5722746253013611
12167,3,NORMAL,3,1,0.334426611661911
12168,3,NORMAL,3,1,0.4095718562602997
12169,3,NORMAL,3,1,0.3484576344490051
12170,3,NORMAL,3,1,0.6407698392868042
12171,3,NORMAL,3,1,0.44552114605903625
12172,3,NORMAL,3,1,0.42179593443870544
12173,3,NORMAL,3,1,0.521109402179718
12174,3,NORMAL,3,1,0.5419992208480835
12175,3,NORMAL,3,1,0.4561476409435272
12176,3,NORMAL,3,1,0.6011179089546204
12177,3,NORMAL,3,1,0.4973214864730835
12178,3,NORMAL,3,1,0.5844308137893677
12179,3,NORMAL,3,1,0.6231440305709839
12180,3,NORMAL,3,1,0.6337026357650757
12181,3,NORMAL,2,0,0.6825299263000488
12182,3,NORMAL,3,1,0.6055797934532166
12183,3,NORMAL,3,1,0.6254308819770813
12184,3,NORMAL,3,1,0.5445818305015564
12185,3,NORMAL,3,1,0.45539483428001404
12186,3,NORMAL,3,1,0.5447678565979004
12187,3,NORMAL,3,1,0.3708608150482178
12188,3,NORMAL,3,1,0.44308552145957947
12189,3,NORMAL,3,1,0.572454035282135
12190,3,NORMAL,3,1,0.5224060416221619
12191,3,NORMAL,3,1,0.42253875732421875
12192,3,NORMAL,3,1,0.5751590132713318
12193,3,NORMAL,3,1,0.5637533068656921
12194,3,NORMAL,3,1,0.6275841593742371
12195,3,NORMAL,3,1,0.5586374402046204
12196,3,NORMAL,3,1,0.5456058382987976
12197,3,NORMAL,3,1,0.6261430382728577
12198,3,NORMAL,3,1,0.5998520255088806
12199,3,NORMAL,3,1,0.6249609589576721
12200,3,NORMAL,3,1,0.5353856086730957
12201,3,NORMAL,3,1,0.35314130783081055
12202,3,NORMAL,3,1,0.5514765381813049
12203,3,NORMAL,3,1,0.6185669302940369
12204,3,NORMAL,3,1,0.5906484723091125
12205,3,NORMAL,3,1,0.4331813156604767
12206,3,NORMAL,3,1,0.6082398295402527
12207,3,NORMAL,3,1,0.5379427075386047
12208,3,NORMAL,3,1,0.43679937720298767
12209,3,NORMAL,3,1,0.5693885087966919
12210,3,NORMAL,3,1,0.5000911355018616
12211,3,NORMAL,3,1,0.48829540610313416
12212,3,NORMAL,3,1,0.44004571437835693
12213,3,NORMAL,3,1,0.40540364384651184
12214,3,NORMAL,3,1,0.5764334797859192
12215,3,NORMAL,3,1,0.6041326522827148
12216,3,NORMAL,3,1,0.6121981143951416
12217,3,NORMAL,3,1,0.4964963495731354
12218,3,NORMAL,3,1,0.586334228515625
12219,3,NORMAL,3,1,0.5571841597557068
12220,3,NORMAL,3,1,0.32840439677238464
12221,3,NORMAL,3,1,0.5193465948104858
12222,3,NORMAL,3,1,0.5227928757667542
12223,3,NORMAL,3,1,0.40759798884391785
12224,3,NORMAL,3,1,0.49784526228904724
12225,3,NORMAL,3,1,0.520018458366394
12226,3,NORMAL,3,1,0.43677109479904175
12227,3,NORMAL,3,1,0.6006290912628174
12228,3,NORMAL,3,1,0.47988632321357727
12229,3,NORMAL,3,1,0.384485125541687
12230,3,NORMAL,3,1,0.5888990759849548
12231,3,NORMAL,3,1,0.37499961256980896
12232,3,NORMAL,3,1,0.6305530667304993
12233,3,NORMAL,3,1,0.5083256363868713
12234,3,NORMAL,3,1,0.5111446976661682
12235,3,NORMAL,3,1,0.5138516426086426
12236,3,NORMAL,3,1,0.593915581703186
12237,3,NORMAL,3,1,0.5693456530570984
12238,3,NORMAL,3,1,0.5796365141868591
12239,3,NORMAL,3,1,0.5363032221794128
12240,3,NORMAL,3,1,0.48573413491249084
12241,3,NORMAL,3,1,0.5453177094459534
12242,3,NORMAL,3,1,0.5818625092506409
12243,3,NORMAL,3,1,0.6017930507659912
12244,3,NORMAL,3,1,0.5427163243293762
12245,3,NORMAL,3,1,0.4164690673351288
12246,3,NORMAL,3,1,0.6258328557014465
12247,3,NORMAL,3,1,0.5535379648208618
12248,3,NORMAL,3,1,0.4751295745372772
12249,3,NORMAL,3,1,0.593971312046051
12250,3,NORMAL,3,1,0.5231307744979858
12251,3,NORMAL,3,1,0.467264324426651
12252,3,NORMAL,3,1,0.5838168859481812
12253,3,NORMAL,3,1,0.5215271711349487
12254,3,NORMAL,3,1,0.5947588682174683
12255,3,NORMAL,3,1,0.6044197678565979
12256,3,NORMAL,3,1,0.4308275580406189
12257,3,NORMAL,3,1,0.5153387188911438
12258,3,NORMAL,3,1,0.45252129435539246
12259,3,NORMAL,3,1,0.41223859786987305
12260,3,NORMAL,3,1,0.650047779083252
12261,3,NORMAL,3,1,0.47848376631736755
12262,3,NORMAL,3,1,0.49663543701171875
12263,3,NORMAL,3,1,0.46748194098472595
12264,3,NORMAL,3,1,0.5932509899139404
12265,3,NORMAL,3,1,0.610021710395813
12266,3,NORMAL,3,1,0.6296513676643372
12267,3,NORMAL,3,1,0.4780759811401367
12268,3,NORMAL,3,1,0.58664470911026
12269,3,NORMAL,3,1,0.6007790565490723
12270,3,NORMAL,3,1,0.5180351734161377
12271,3,NORMAL,3,1,0.4361986517906189
12272,3,NORMAL,3,1,0.47123903036117554
12273,3,NORMAL,3,1,0.674639105796814
12274,3,NORMAL,3,1,0.5374073386192322
12275,3,NORMAL,3,1,0.5165043473243713
12276,3,NORMAL,3,1,0.6002156138420105
12277,3,NORMAL,3,1,0.6499212384223938
12278,3,NORMAL,3,1,0.5488905906677246
12279,3,NORMAL,3,1,0.5536642670631409
12280,3,NORMAL,3,1,0.28106939792633057
12281,3,NORMAL,3,1,0.38624802231788635
12282,3,NORMAL,3,1,0.5885431170463562
12283,3,NORMAL,3,1,0.5920040607452393
12284,3,NORMAL,3,1,0.5911668539047241
12285,3,NORMAL,3,1,0.5730087161064148
12286,3,NORMAL,3,1,0.5080552101135254
12287,3,NORMAL,3,1,0.5791319012641907
12288,3,NORMAL,3,1,0.5982073545455933
12289,3,NORMAL,3,1,0.4266712963581085
12290,3,NORMAL,3,1,0.4994133412837982
12291,3,NORMAL,3,1,0.4464351534843445
12292,3,NORMAL,3,1,0.5219235420227051
12293,3,NORMAL,3,1,0.5639361143112183
12294,3,NORMAL,3,1,0.5361230969429016
12295,3,NORMAL,3,1,0.47313639521598816
12296,3,NORMAL,3,1,0.36170318722724915
12297,3,NORMAL,3,1,0.6772549748420715
12298,3,NORMAL,3,1,0.4711798131465912
12299,3,NORMAL,3,1,0.6046491265296936
12300,3,NORMAL,3,1,0.6146368384361267
12301,3,NORMAL,3,1,0.44414347410202026
12302,3,NORMAL,3,1,0.4999213218688965
12303,3,NORMAL,3,1,0.5059471130371094
12304,3,NORMAL,3,1,0.44144174456596375
12305,3,NORMAL,3,1,0.5688241720199585
12306,3,NORMAL,3,1,0.5620710253715515
12307,3,NORMAL,3,1,0.5527154803276062
12308,3,NORMAL,3,1,0.522784411907196
12309,3,NORMAL,3,1,0.5503921508789062
12310,3,NORMAL,3,1,0.5553180575370789
12311,3,NORMAL,3,1,0.6148524284362793
12312,3,NORMAL,3,1,0.5678983926773071
12313,3,NORMAL,3,1,0.4669950008392334
12314,3,NORMAL,3,1,0.5396721959114075
12315,3,NORMAL,3,1,0.5836185812950134
12316,3,NORMAL,3,1,0.42466631531715393
12317,3,NORMAL,3,1,0.4692698121070862
12318,3,NORMAL,3,1,0.574869692325592
12319,3,NORMAL,3,1,0.5941010117530823
12320,3,NORMAL,3,1,0.6025177836418152
12321,3,NORMAL,3,1,0.6178037524223328
12322,3,NORMAL,3,1,0.5250657200813293
12323,3,NORMAL,3,1,0.4863252639770508
12324,3,NORMAL,3,1,0.62428879737854
12325,3,NORMAL,3,1,0.583757221698761
12326,3,NORMAL,3,1,0.6079739332199097
12327,3,NORMAL,3,1,0.502814769744873
12328,3,NORMAL,3,1,0.5318031311035156
12329,3,NORMAL,3,1,0.20773160457611084
12330,3,NORMAL,3,1,0.646476149559021
12331,3,NORMAL,3,1,0.5037841796875
12332,3,NORMAL,3,1,0.49564963579177856
12333,3,NORMAL,3,1,0.567948043346405
12334,3,NORMAL,3,1,0.43465861678123474
12335,3,NORMAL,3,1,0.5319555997848511
12336,3,NORMAL,3,1,0.4561685025691986
12337,3,NORMAL,3,1,0.3492712676525116
12338,3,NORMAL,3,1,0.5324764847755432
12339,3,NORMAL,3,1,0.5332320332527161
12340,3,NORMAL,3,1,0.4955604076385498
12341,3,NORMAL,3,1,0.5348629951477051
12342,3,NORMAL,3,1,0.6720804572105408
12343,3,NORMAL,3,1,0.528784453868866
12344,3,NORMAL,3,1,0.5419067144393921
12345,3,NORMAL,3,1,0.4358178377151489
12346,3,NORMAL,3,1,0.5623853206634521
12347,3,NORMAL,3,1,0.61976158618927
12348,3,NORMAL,3,1,0.46724215149879456
12349,3,NORMAL,3,1,0.5009751319885254
12350,3,NORMAL,3,1,0.5770280361175537
12351,3,NORMAL,3,1,0.5581296682357788
12352,3,NORMAL,2,0,0.8509634733200073
12353,3,NORMAL,3,1,0.4648837149143219
12354,3,NORMAL,3,1,0.6028486490249634
12355,3,NORMAL,3,1,0.581235945224762
12356,3,NORMAL,3,1,0.260258287191391
12357,3,NORMAL,3,1,0.5478148460388184
12358,3,NORMAL,3,1,0.47922202944755554
12359,3,NORMAL,3,1,0.44659918546676636
12360,3,NORMAL,3,1,0.41677355766296387
12361,3,NORMAL,3,1,0.5168463587760925
12362,3,NORMAL,3,1,0.5039288401603699
12363,3,NORMAL,3,1,0.6022348999977112
12364,3,NORMAL,3,1,0.5436719655990601
12365,3,NORMAL,3,1,0.5028637647628784
12366,3,NORMAL,3,1,0.5882027745246887
12367,3,NORMAL,3,1,0.5123414397239685
12368,3,NORMAL,3,1,0.476858526468277
12369,3,NORMAL,3,1,0.18352782726287842
12370,3,NORMAL,3,1,0.43128806352615356
12371,3,NORMAL,3,1,0.4450160264968872
12372,3,NORMAL,3,1,0.5889734029769897
12373,3,NORMAL,3,1,0.5276758074760437
12374,3,NORMAL,3,1,0.5683681964874268
12375,3,NORMAL,3,1,0.5918518304824829
12376,3,NORMAL,3,1,0.421720027923584
12377,3,NORMAL,3,1,0.5707634687423706
12378,3,NORMAL,3,1,0.5977652072906494
12379,3,NORMAL,3,1,0.6256186366081238
12380,3,NORMAL,3,1,0.5197338461875916
12381,3,NORMAL,3,1,0.4585574269294739
12382,3,NORMAL,3,1,0.5050500631332397
12383,3,NORMAL,3,1,0.47857436537742615
12384,3,NORMAL,3,1,0.44118911027908325
12385,3,NORMAL,3,1,0.5530093908309937
12386,3,NORMAL,3,1,0.4766719937324524
12387,3,NORMAL,3,1,0.5730721354484558
12388,3,NORMAL,3,1,0.6002271771430969
12389,3,NORMAL,3,1,0.47123152017593384
12390,3,NORMAL,3,1,0.5543203353881836
12391,3,NORMAL,3,1,0.5516998171806335
12392,3,NORMAL,3,1,0.5315338373184204
12393,3,NORMAL,3,1,0.4666098654270172
12394,3,NORMAL,3,1,0.5147572159767151
12395,3,NORMAL,3,1,0.5455086827278137
12396,3,NORMAL,3,1,0.5255444645881653
12397,3,NORMAL,3,1,0.6046525239944458
12398,3,NORMAL,3,1,0.11974178999662399
12399,3,NORMAL,3,1,0.4351394772529602
12400,3,NORMAL,3,1,0.5520739555358887
12401,3,NORMAL,3,1,0.4005831182003021
12402,3,NORMAL,3,1,0.5434938073158264
12403,3,NORMAL,3,1,0.5571432709693909
12404,3,NORMAL,3,1,0.5522161722183228
12405,3,NORMAL,3,1,0.42786988615989685
12406,3,NORMAL,3,1,0.5166109204292297
12407,3,NORMAL,3,1,0.6288938522338867
12408,3,NORMAL,3,1,0.5075370669364929
12409,3,NORMAL,3,1,0.5783640742301941
12410,3,NORMAL,3,1,0.5630152821540833
12411,3,NORMAL,3,1,0.5651212334632874
12412,3,NORMAL,3,1,0.5466271042823792
12413,3,NORMAL,3,1,0.5845738649368286
12414,3,NORMAL,3,1,0.5237733125686646
12415,3,NORMAL,3,1,0.43523329496383667
12416,3,NORMAL,3,1,0.4987243413925171
12417,3,NORMAL,3,1,0.4731769859790802
12418,3,NORMAL,3,1,0.48666948080062866
12419,3,NORMAL,3,1,0.6208386421203613
12420,3,NORMAL,3,1,0.4402642250061035
12421,3,NORMAL,3,1,0.5044131278991699
12422,3,NORMAL,2,0,0.7114020586013794
12423,3,NORMAL,3,1,0.5221026539802551
12424,3,NORMAL,3,1,0.5218226313591003
12425,3,NORMAL,3,1,0.5722673535346985
12426,3,NORMAL,3,1,0.57161545753479
12427,3,NORMAL,3,1,0.48972955346107483
12428,3,NORMAL,3,1,0.5026185512542725
12429,3,NORMAL,3,1,0.3926065266132355
12430,3,NORMAL,3,1,0.5552864670753479
12431,3,NORMAL,3,1,0.45703375339508057
12432,3,NORMAL,3,1,0.5779768228530884
12433,3,NORMAL,3,1,0.5440388321876526
12434,3,NORMAL,3,1,0.46190643310546875
12435,3,NORMAL,3,1,0.4944843351840973
12436,3,NORMAL,3,1,0.5674268007278442
12437,3,NORMAL,3,1,0.6714011430740356
12438,3,NORMAL,3,1,0.4256279468536377
12439,3,NORMAL,3,1,0.49210384488105774
12440,3,NORMAL,3,1,0.6110822558403015
12441,3,NORMAL,3,1,0.5524201989173889
12442,3,NORMAL,3,1,0.5636443495750427
12443,3,NORMAL,3,1,0.3774053156375885
12444,3,NORMAL,3,1,0.6344629526138306
12445,3,NORMAL,3,1,0.5856878757476807
12446,3,NORMAL,3,1,0.5939490795135498
12447,3,NORMAL,3,1,0.4910906255245209
12448,3,NORMAL,3,1,0.6159759759902954
12449,3,NORMAL,3,1,0.5901653170585632
12450,3,NORMAL,3,1,0.5839838981628418
12451,3,NORMAL,1,0,0.5162574052810669
12452,3,NORMAL,3,1,0.4993807077407837
12453,3,NORMAL,3,1,0.6067516803741455
12454,3,NORMAL,3,1,0.6451694965362549
12455,3,NORMAL,3,1,0.6234491467475891
12456,3,NORMAL,3,1,0.5706241726875305
12457,3,NORMAL,3,1,0.5359256267547607
12458,3,NORMAL,3,1,0.533294677734375
12459,3,NORMAL,3,1,0.547501266002655
12460,3,NORMAL,3,1,0.6409093141555786
12461,3,NORMAL,3,1,0.5974112153053284
12462,3,NORMAL,3,1,0.5533432364463806
12463,3,NORMAL,3,1,0.45954057574272156
12464,3,NORMAL,3,1,0.5259748697280884
12465,3,NORMAL,3,1,0.6928878426551819
12466,3,NORMAL,3,1,0.6279348731040955
12467,3,NORMAL,3,1,0.5208816528320312
12468,3,NORMAL,3,1,0.5680298805236816
12469,3,NORMAL,3,1,0.5831944346427917
12470,3,NORMAL,3,1,0.5226167440414429
12471,3,NORMAL,3,1,0.6239128112792969
12472,3,NORMAL,3,1,0.5447087287902832
12473,3,NORMAL,3,1,0.4317336082458496
12474,3,NORMAL,3,1,0.5505272746086121
12475,3,NORMAL,3,1,0.591928243637085
12476,3,NORMAL,3,1,0.5940512418746948
12477,3,NORMAL,3,1,0.6652523279190063
12478,3,NORMAL,3,1,0.5139601826667786
12479,3,NORMAL,3,1,0.6092130541801453
12480,3,NORMAL,3,1,0.5226630568504333
12481,3,NORMAL,3,1,0.43372151255607605
12482,3,NORMAL,3,1,0.5230175852775574
12483,3,NORMAL,3,1,0.4776153564453125
12484,3,NORMAL,3,1,0.445768803358078
12485,3,NORMAL,3,1,0.5448090434074402
12486,3,NORMAL,3,1,0.5609667301177979
12487,3,NORMAL,3,1,0.5489224195480347
12488,3,NORMAL,3,1,0.5533973574638367
12489,3,NORMAL,3,1,0.4257086217403412
12490,3,NORMAL,3,1,0.6320133209228516
12491,3,NORMAL,3,1,0.49134063720703125
12492,3,NORMAL,3,1,0.5392403602600098
12493,3,NORMAL,3,1,0.49742791056632996
12494,3,NORMAL,3,1,0.6053125858306885
12495,3,NORMAL,3,1,0.5882431864738464
12496,3,NORMAL,3,1,0.6231815218925476
12497,3,NORMAL,3,1,0.5077874064445496
12498,3,NORMAL,3,1,0.5784967541694641
12499,3,NORMAL,3,1,0.49940842390060425
12500,3,NORMAL,3,1,0.5852402448654175
12501,3,NORMAL,3,1,0.6221800446510315
12502,3,NORMAL,3,1,0.5364021062850952
12503,3,NORMAL,3,1,0.4895344078540802
12504,3,NORMAL,3,1,0.4953952133655548
12505,3,NORMAL,3,1,0.5802793502807617
12506,3,NORMAL,3,1,0.5125827193260193
12507,3,NORMAL,3,1,0.5425572395324707
12508,3,NORMAL,3,1,0.498334676027298
12509,3,NORMAL,3,1,0.6178207993507385
12510,3,NORMAL,3,1,0.5533683896064758
12511,3,NORMAL,3,1,0.5346705317497253
12512,3,NORMAL,3,1,0.5173165798187256
12513,3,NORMAL,3,1,0.6040812134742737
12514,3,NORMAL,3,1,0.5806317925453186
12515,3,NORMAL,3,1,0.5870876312255859
12516,3,NORMAL,3,1,0.4885059893131256
12517,3,NORMAL,3,1,0.5731610655784607
12518,3,NORMAL,3,1,0.4976670444011688
12519,3,NORMAL,3,1,0.513330340385437
12520,3,NORMAL,3,1,0.5288560390472412
12521,3,NORMAL,3,1,0.6201238036155701
12522,3,NORMAL,3,1,0.5289459824562073
12523,3,NORMAL,3,1,0.39702489972114563
12524,3,NORMAL,3,1,0.541483461856842
12525,3,NORMAL,3,1,0.4482024908065796
12526,3,NORMAL,3,1,0.5957661271095276
12527,3,NORMAL,3,1,0.47727730870246887
12528,3,NORMAL,3,1,0.506860077381134
12529,3,NORMAL,3,1,0.5391454100608826
12530,3,NORMAL,3,1,0.4159645140171051
12531,3,NORMAL,3,1,0.5171617269515991
12532,3,NORMAL,3,1,0.6322951316833496
12533,3,NORMAL,3,1,0.5227027535438538
12534,3,NORMAL,3,1,0.41284409165382385
12535,3,NORMAL,3,1,0.48086193203926086
12536,3,NORMAL,3,1,0.4831031560897827
12537,3,NORMAL,3,1,0.5697992444038391
12538,3,NORMAL,3,1,0.49465057253837585
12539,3,NORMAL,3,1,0.4865748882293701
12540,3,NORMAL,3,1,0.522532045841217
12541,3,NORMAL,3,1,0.6556220650672913
12542,3,NORMAL,3,1,0.5420019030570984
12543,3,NORMAL,3,1,0.501267671585083
12544,3,NORMAL,3,1,0.5886077284812927
12545,3,NORMAL,3,1,0.4206511080265045
12546,3,NORMAL,3,1,0.5167360305786133
12547,3,NORMAL,3,1,0.5945667028427124
12548,3,NORMAL,3,1,0.6172112226486206
12549,3,NORMAL,3,1,0.612003743648529
12550,3,NORMAL,3,1,0.5214342474937439
12551,3,NORMAL,3,1,0.5363783836364746
12552,3,NORMAL,3,1,0.5929514765739441
12553,3,NORMAL,3,1,0.49926814436912537
12554,3,NORMAL,3,1,0.5688903331756592
12555,3,NORMAL,3,1,0.5484095215797424
12556,3,NORMAL,3,1,0.48605936765670776
12557,3,NORMAL,3,1,0.5250071883201599
12558,3,NORMAL,3,1,0.632159411907196
12559,3,NORMAL,3,1,0.5102063417434692
12560,3,NORMAL,3,1,0.568666398525238
12561,3,NORMAL,3,1,0.5625932216644287
12562,3,NORMAL,3,1,0.48352378606796265
12563,3,NORMAL,3,1,0.5482476353645325
12564,3,NORMAL,3,1,0.5985202193260193
12565,3,NORMAL,3,1,0.5829960107803345
12566,3,NORMAL,3,1,0.5039101243019104
12567,3,NORMAL,3,1,0.4891122877597809
12568,3,NORMAL,3,1,0.47941237688064575
12569,3,NORMAL,3,1,0.48351848125457764
12570,3,NORMAL,3,1,0.5414375066757202
12571,3,NORMAL,3,1,0.5119613409042358
12572,3,NORMAL,3,1,0.5313447713851929
12573,3,NORMAL,3,1,0.48374083638191223
12574,3,NORMAL,3,1,0.5282825827598572
12575,3,NORMAL,3,1,0.5740935206413269
12576,3,NORMAL,3,1,0.5834412574768066
12577,3,NORMAL,3,1,0.5528925657272339
12578,3,NORMAL,3,1,0.5278308391571045
12579,3,NORMAL,3,1,0.41943302750587463
12580,3,NORMAL,3,1,0.4018498361110687
12581,3,NORMAL,3,1,0.5563874840736389
12582,3,NORMAL,3,1,0.4216462969779968
12583,3,NORMAL,3,1,0.5312468409538269
12584,3,NORMAL,3,1,0.616698682308197
12585,3,NORMAL,3,1,0.5319560170173645
12586,3,NORMAL,3,1,0.2189083844423294
12587,3,NORMAL,3,1,0.593798816204071
12588,3,NORMAL,2,0,0.1644594371318817
12589,3,NORMAL,3,1,0.5845425724983215
12590,3,NORMAL,3,1,0.4725770652294159
12591,3,NORMAL,3,1,0.5363653898239136
12592,3,NORMAL,3,1,0.5301016569137573
12593,3,NORMAL,3,1,0.5809410810470581
12594,3,NORMAL,3,1,0.6429668068885803
12595,3,NORMAL,3,1,0.6000185012817383
12596,3,NORMAL,3,1,0.6135154366493225
12597,3,NORMAL,3,1,0.6189950108528137
12598,3,NORMAL,3,1,0.46556639671325684
12599,3,NORMAL,3,1,0.5911524891853333
12600,3,NORMAL,3,1,0.49252834916114807
12601,3,NORMAL,3,1,0.5684552788734436
12602,3,NORMAL,3,1,0.5547171235084534
12603,3,NORMAL,3,1,0.5389323830604553
12604,3,NORMAL,3,1,0.5273820161819458
12605,3,NORMAL,3,1,0.4918960630893707
12606,3,NORMAL,3,1,0.5402962565422058
12607,3,NORMAL,3,1,0.5826534032821655
12608,3,NORMAL,3,1,0.6498978734016418
12609,3,NORMAL,3,1,0.5768694877624512
12610,3,NORMAL,3,1,0.5056551098823547
12611,3,NORMAL,3,1,0.6615967154502869
12612,3,NORMAL,3,1,0.2025909423828125
12613,3,NORMAL,3,1,0.5067178010940552
12614,3,NORMAL,3,1,0.1334475576877594
12615,3,NORMAL,3,1,0.5728760361671448
12616,3,NORMAL,3,1,0.6396682262420654
12617,3,NORMAL,3,1,0.6461355686187744
12618,3,NORMAL,3,1,0.5545750260353088
12619,3,NORMAL,3,1,0.3036123812198639
12620,3,NORMAL,3,1,0.612983763217926
12621,3,NORMAL,3,1,0.6330799460411072
12622,3,NORMAL,3,1,0.5264599919319153
12623,3,NORMAL,3,1,0.4902989864349365
12624,3,NORMAL,3,1,0.5632942318916321
12625,3,NORMAL,3,1,0.5254133939743042
12626,3,NORMAL,3,1,0.5883223414421082
12627,3,NORMAL,3,1,0.5818325877189636
12628,3,NORMAL,3,1,0.45825469493865967
12629,3,NORMAL,3,1,0.579088568687439
12630,3,NORMAL,3,1,0.48438575863838196
12631,3,NORMAL,3,1,0.5187071561813354
12632,3,NORMAL,3,1,0.519291341304779
12633,3,NORMAL,3,1,0.5743349194526672
12634,3,NORMAL,3,1,0.5867123007774353
12635,3,NORMAL,3,1,0.599791407585144
12636,3,NORMAL,3,1,0.6358436942100525
12637,3,NORMAL,3,1,0.44043588638305664
12638,3,NORMAL,3,1,0.5374937057495117
12639,3,NORMAL,3,1,0.5656477808952332
12640,3,NORMAL,3,1,0.5776023864746094
12641,3,NORMAL,3,1,0.5407695174217224
12642,3,NORMAL,3,1,0.45490625500679016
12643,3,NORMAL,3,1,0.5940593481063843
12644,3,NORMAL,3,1,0.44807788729667664
12645,3,NORMAL,3,1,0.582065999507904
12646,3,NORMAL,3,1,0.5158524513244629
12647,3,NORMAL,3,1,0.5410376787185669
12648,3,NORMAL,3,1,0.6052880883216858
12649,3,NORMAL,3,1,0.5464293360710144
