global_idx,entropy,correct,true_cls_nm,set_size,is_multi,loc_score
0,0.025262175,1,CNV,1,0,0.42339757084846497
1,0.14040005,1,CNV,1,0,0.3837240934371948
2,0.12850875,1,CNV,1,0,0.5649368762969971
3,0.06407608,1,CNV,1,0,0.587666392326355
7,0.53880155,1,CNV,1,0,0.5536852478981018
13,0.13359195,1,CNV,1,0,0.7281169891357422
14,0.009419166,1,CNV,1,0,0.604302167892456
15,0.085735574,1,CNV,1,0,0.5711277723312378
16,0.0970736,1,CNV,1,0,0.6556750535964966
19,0.23035696,1,CNV,1,0,0.45461970567703247
28,0.6796727,1,CNV,2,1,0.49821484088897705
29,0.08434009,1,CNV,1,0,0.47530555725097656
31,0.1582219,1,CNV,1,0,0.5618120431900024
33,0.06837478,1,CNV,1,0,0.7388724684715271
34,0.15393572,1,CNV,1,0,0.476230651140213
38,0.121274374,1,CNV,1,0,0.7103831171989441
39,0.08079452,1,CNV,1,0,0.592438280582428
41,0.009405674,1,CNV,1,0,0.5309581756591797
49,0.09252765,1,CNV,1,0,0.2317585051059723
54,0.1362421,1,CNV,1,0,0.5837879180908203
57,0.15317486,1,CNV,1,0,0.5098509788513184
58,0.282802,1,CNV,1,0,0.7645005583763123
62,0.030630356,1,CNV,1,0,0.6452690362930298
63,0.036615264,1,CNV,1,0,0.644043505191803
65,0.19691032,1,CNV,1,0,0.6389207243919373
66,0.14556849,1,CNV,1,0,0.5943272709846497
67,0.20346254,1,CNV,1,0,0.5492541193962097
69,0.118850015,1,CNV,1,0,0.3066521883010864
71,0.037535574,1,CNV,1,0,0.5783373117446899
74,0.04440867,1,CNV,1,0,0.5385826230049133
75,0.017737042,1,CNV,1,0,0.6347084641456604
79,0.11926876,1,CNV,1,0,0.453974187374115
82,0.036471557,1,CNV,1,0,0.5846203565597534
84,0.44718516,1,CNV,1,0,0.35225895047187805
87,0.102965005,1,CNV,1,0,0.755954921245575
88,0.05256748,1,CNV,1,0,0.49929139018058777
94,0.023232045,1,CNV,1,0,0.38497310876846313
100,0.00954813,1,CNV,1,0,0.35640576481819153
101,0.12228271,1,CNV,1,0,0.7817851901054382
103,0.1354243,1,CNV,1,0,0.09794140607118607
105,0.15247986,1,CNV,1,0,0.7707149386405945
106,0.082744874,1,CNV,1,0,0.5584120750427246
109,0.06948651,1,CNV,1,0,0.6547559499740601
110,0.038642094,1,CNV,1,0,0.44728565216064453
113,0.098141074,1,CNV,1,0,0.6115844249725342
114,0.032376036,1,CNV,1,0,0.6057928204536438
118,0.43117934,1,CNV,1,0,0.4504925310611725
124,0.11116317,1,CNV,1,0,0.6908013224601746
127,0.078621216,1,CNV,1,0,0.5950009822845459
133,0.11193213,1,CNV,1,0,0.7352209687232971
134,0.023895903,1,CNV,1,0,0.4177250266075134
143,0.09790655,1,CNV,1,0,0.7075567245483398
144,0.066857316,1,CNV,1,0,0.39393875002861023
146,0.060392007,1,CNV,1,0,0.5659661889076233
147,0.0056979074,1,CNV,1,0,0.35548627376556396
148,0.022837015,1,CNV,1,0,0.5806249380111694
149,0.03434652,1,CNV,1,0,0.5301061272621155
150,0.058805063,1,CNV,1,0,0.6817529201507568
151,0.15065747,1,CNV,1,0,0.5027198195457458
160,0.015398981,1,CNV,1,0,0.5820102691650391
161,0.2557352,1,CNV,1,0,0.6225370168685913
162,0.016548648,1,CNV,1,0,0.6053019165992737
165,0.2740029,1,CNV,1,0,0.36347877979278564
167,0.012509121,1,CNV,1,0,0.4374507665634155
168,0.23656595,1,CNV,1,0,0.5852435231208801
169,0.042044517,1,CNV,1,0,0.6621741056442261
176,0.036278594,1,CNV,1,0,0.4611454904079437
177,0.01695842,1,CNV,1,0,0.3831607699394226
179,0.27904245,1,CNV,1,0,0.45735955238342285
180,0.06630394,1,CNV,1,0,0.7560836672782898
185,0.08014631,1,CNV,1,0,0.5452030301094055
187,0.27422455,1,CNV,1,0,0.5672577619552612
197,0.2852719,1,CNV,1,0,0.5311660766601562
199,0.18925671,1,CNV,1,0,0.5761170983314514
201,0.14912106,1,CNV,1,0,0.6192641854286194
210,0.028999038,1,CNV,1,0,0.3958229124546051
214,0.04794634,1,CNV,1,0,0.5129189491271973
215,0.05425376,1,CNV,1,0,0.7040936946868896
222,0.02828256,1,CNV,1,0,0.6102465987205505
223,0.15264294,1,CNV,1,0,0.4558558464050293
225,0.15347835,1,CNV,1,0,0.47042909264564514
227,0.10801609,1,CNV,1,0,0.8138322234153748
228,0.059645653,1,CNV,1,0,0.5537686944007874
231,0.28473645,1,CNV,1,0,0.7432292103767395
234,0.32482594,1,CNV,1,0,0.4032670259475708
236,0.26389444,1,CNV,1,0,0.5322718620300293
239,0.05515158,1,CNV,1,0,0.19889581203460693
241,0.035258163,1,CNV,1,0,0.46347323060035706
244,0.10658744,1,CNV,1,0,0.7055768966674805
245,0.11818838,1,CNV,1,0,0.42966198921203613
246,0.028191028,1,CNV,1,0,0.755535364151001
249,0.02205469,1,CNV,1,0,0.6238086819648743
254,0.019894332,1,CNV,1,0,0.6253502368927002
258,0.13594577,1,CNV,1,0,0.5647004246711731
259,0.019779691,1,CNV,1,0,0.2711063623428345
263,0.14509644,1,CNV,1,0,0.524690568447113
264,0.06659013,1,CNV,1,0,0.5081673860549927
265,0.19477215,1,CNV,1,0,0.5909378528594971
266,0.0038389845,1,CNV,1,0,0.3838678300380707
268,0.048824735,1,CNV,1,0,0.6331722736358643
271,0.065834396,1,CNV,1,0,0.456506609916687
278,0.052791964,1,CNV,1,0,0.4906083643436432
280,0.2085791,1,CNV,1,0,0.5800463557243347
281,0.17068405,1,CNV,1,0,0.5803192257881165
282,0.53765935,1,CNV,2,1,0.4920499920845032
285,0.077064455,1,CNV,1,0,0.23000091314315796
286,0.11325665,1,CNV,1,0,0.7620473504066467
288,0.05387587,1,CNV,1,0,0.5347077250480652
289,0.18298368,1,CNV,1,0,0.4768386483192444
294,0.18292299,1,CNV,1,0,0.38521531224250793
298,0.01602649,1,CNV,1,0,0.6398581266403198
299,0.04407907,1,CNV,1,0,0.608484148979187
301,0.30995122,1,CNV,1,0,0.7284855246543884
302,0.2443741,1,CNV,1,0,0.64108806848526
304,0.12987164,1,CNV,1,0,0.6969491243362427
305,0.03919126,1,CNV,1,0,0.49406492710113525
306,0.10051257,1,CNV,1,0,0.6787944436073303
309,0.060904652,1,CNV,1,0,0.8160766959190369
310,0.04924956,1,CNV,1,0,0.4179307222366333
312,0.0024338118,1,CNV,1,0,0.6203481554985046
314,0.16065514,1,CNV,1,0,0.7872829437255859
316,0.01743112,1,CNV,1,0,0.6640343070030212
317,0.01886655,1,CNV,1,0,0.34679338335990906
324,0.06131796,1,CNV,1,0,0.4332452714443207
325,0.14469354,1,CNV,1,0,0.48248013854026794
326,0.16152601,1,CNV,1,0,0.7359640002250671
330,0.008272034,1,CNV,1,0,0.5643201470375061
332,0.10490417,1,CNV,1,0,0.7495730519294739
334,0.5608569,0,CNV,2,1,0.5996821522712708
335,0.13284965,1,CNV,1,0,0.5872974395751953
338,0.05598469,1,CNV,1,0,0.4975537061691284
340,0.032056123,1,CNV,1,0,0.635074257850647
343,0.049129367,1,CNV,1,0,0.5525571703910828
344,0.087639436,1,CNV,1,0,0.6616437435150146
345,0.047709476,1,CNV,1,0,0.7035149335861206
346,0.08353964,1,CNV,1,0,0.5848088264465332
348,0.05080795,1,CNV,1,0,0.37492769956588745
353,0.10447359,1,CNV,1,0,0.5632442235946655
358,0.02208696,1,CNV,1,0,0.2693820297718048
360,0.023008915,1,CNV,1,0,0.5608049631118774
361,0.17281191,1,CNV,1,0,0.5615575313568115
367,0.02563343,1,CNV,1,0,0.8134243488311768
368,0.041730646,1,CNV,1,0,0.6872175335884094
375,0.25565568,1,CNV,1,0,0.5578842759132385
378,0.024360094,1,CNV,1,0,0.2693820297718048
380,0.0148507375,1,CNV,1,0,0.46600428223609924
384,0.07732692,1,CNV,1,0,0.5367361903190613
387,0.24854149,1,CNV,1,0,0.5854541063308716
390,0.12682275,1,CNV,1,0,0.6266255974769592
395,0.06934078,1,CNV,1,0,0.7763270139694214
396,0.0775313,1,CNV,1,0,0.6808518767356873
397,0.031802792,1,CNV,1,0,0.5830003023147583
399,0.17025991,1,CNV,1,0,0.6123813986778259
401,0.012484535,1,CNV,1,0,0.3575344383716583
403,0.1432276,1,CNV,1,0,0.702640950679779
405,0.15322007,1,CNV,1,0,0.5086721181869507
406,0.07887571,1,CNV,1,0,0.42008230090141296
412,0.09400448,1,CNV,1,0,0.652205765247345
413,0.4089241,1,CNV,1,0,0.4636134207248688
414,0.022975855,1,CNV,1,0,0.5297005772590637
415,0.13002025,1,CNV,1,0,0.6739307641983032
416,0.319356,1,CNV,1,0,0.6069494485855103
419,0.030920424,1,CNV,1,0,0.5284366011619568
420,0.1836713,1,CNV,1,0,0.5151119828224182
423,0.06771025,1,CNV,1,0,0.6243236660957336
429,0.11633866,1,CNV,1,0,0.7038341164588928
432,0.07186233,1,CNV,1,0,0.7296697497367859
433,0.028853958,1,CNV,1,0,0.8461835384368896
434,0.13497211,1,CNV,1,0,0.37062692642211914
435,0.027942063,1,CNV,1,0,0.5008484721183777
436,0.06473855,1,CNV,1,0,0.673129141330719
437,0.17251982,1,CNV,1,0,0.5648394227027893
439,0.028497085,1,CNV,1,0,0.6109901070594788
441,0.030369842,1,CNV,1,0,0.293536514043808
442,0.075384706,1,CNV,1,0,0.7809035778045654
447,0.15491445,1,CNV,1,0,0.6833162307739258
449,0.1823746,1,CNV,1,0,0.49737656116485596
454,0.05996282,1,CNV,1,0,0.5320531725883484
456,0.16773795,1,CNV,1,0,0.5585780143737793
466,0.07808937,1,CNV,1,0,0.6852356791496277
473,0.10999859,1,CNV,1,0,0.6493280529975891
478,0.014761435,1,CNV,1,0,0.36296772956848145
479,0.021267679,1,CNV,1,0,0.5555253028869629
486,0.10069062,1,CNV,1,0,0.7149347066879272
488,0.10004097,1,CNV,1,0,0.2894383668899536
489,0.11373943,1,CNV,1,0,0.6315203309059143
492,0.22889279,1,CNV,1,0,0.6449004411697388
494,0.091909856,1,CNV,1,0,0.6731469631195068
497,0.08284084,1,CNV,1,0,0.6781183481216431
498,0.25795743,1,CNV,1,0,0.6005845665931702
499,0.1977489,1,CNV,1,0,0.47024932503700256
500,0.10196506,1,CNV,1,0,0.49521008133888245
501,0.03478184,1,CNV,1,0,0.644156813621521
504,0.12571292,1,CNV,1,0,0.5711655020713806
511,0.16992278,1,CNV,1,0,0.8023873567581177
513,0.12839504,1,CNV,1,0,0.26747697591781616
514,0.04070991,1,CNV,1,0,0.5065340399742126
515,0.024097482,1,CNV,1,0,0.2624761462211609
516,0.13737608,1,CNV,1,0,0.7451757192611694
517,0.09033327,1,CNV,1,0,0.6216824054718018
520,0.11150388,1,CNV,1,0,0.6095412969589233
523,0.06488063,1,CNV,1,0,0.6086916923522949
527,0.14397225,1,CNV,1,0,0.6209222674369812
534,0.118452296,1,CNV,1,0,0.6861391067504883
535,0.04614191,1,CNV,1,0,0.1661168783903122
538,0.077802785,1,CNV,1,0,0.6707972288131714
539,0.256497,1,CNV,1,0,0.5880470871925354
546,0.04025062,1,CNV,1,0,0.5525961518287659
547,0.009822227,1,CNV,1,0,0.6852275133132935
550,0.2264025,1,CNV,1,0,0.5347049236297607
551,0.47027576,1,CNV,1,0,0.4861239492893219
553,0.13516001,1,CNV,1,0,0.36797162890434265
555,0.17803954,1,CNV,1,0,0.17738910019397736
557,0.033275258,1,CNV,1,0,0.5255330801010132
558,0.12968858,1,CNV,1,0,0.5983474850654602
559,0.038216718,1,CNV,1,0,0.5620383024215698
561,0.033978872,1,CNV,1,0,0.6372177600860596
573,0.047265153,1,CNV,1,0,0.5813090205192566
577,0.06420141,1,CNV,1,0,0.42327508330345154
578,0.10587729,1,CNV,1,0,0.5749654769897461
582,0.11436153,1,CNV,1,0,0.7304524779319763
583,0.017232917,1,CNV,1,0,0.44927749037742615
584,0.0503744,1,CNV,1,0,0.5038468241691589
585,0.10300849,1,CNV,1,0,0.6476486921310425
586,0.13771307,1,CNV,1,0,0.6083857417106628
587,0.09118383,1,CNV,1,0,0.3628503382205963
591,0.058096744,1,CNV,1,0,0.5886499285697937
592,0.054129798,1,CNV,1,0,0.45843225717544556
593,0.01665282,1,CNV,1,0,0.5376245975494385
598,0.06683899,1,CNV,1,0,0.29673174023628235
600,0.08710496,1,CNV,1,0,0.6583750247955322
603,0.02785542,1,CNV,1,0,0.6847866177558899
604,0.1561345,1,CNV,1,0,0.703470766544342
605,0.60918677,1,CNV,2,1,0.6673666834831238
609,0.15574534,1,CNV,1,0,0.5408774614334106
611,0.17481573,1,CNV,1,0,0.6342431306838989
612,0.019449001,1,CNV,1,0,0.395031213760376
613,0.09762202,1,CNV,1,0,0.4441528916358948
615,0.4054793,1,CNV,1,0,0.5136581063270569
616,0.18723334,1,CNV,1,0,0.362895667552948
625,0.2660612,1,CNV,1,0,0.7054394483566284
626,0.3250363,1,CNV,1,0,0.6263640522956848
628,0.09883146,1,CNV,1,0,0.7042495608329773
631,0.05901898,1,CNV,1,0,0.5937729477882385
632,0.09112157,1,CNV,1,0,0.5926343202590942
636,0.19124368,1,CNV,1,0,0.6270037889480591
637,0.05396665,1,CNV,1,0,0.6603965759277344
639,0.058727767,1,CNV,1,0,0.2807810604572296
644,0.044970367,1,CNV,1,0,0.5013008117675781
645,0.014352413,1,CNV,1,0,0.5949289798736572
648,0.026354017,1,CNV,1,0,0.1911569982767105
649,0.20166466,1,CNV,1,0,0.5911217331886292
652,0.18844675,1,CNV,1,0,0.588527262210846
653,0.02923124,1,CNV,1,0,0.5554443597793579
656,0.18958606,1,CNV,1,0,0.7363147735595703
659,0.054750614,1,CNV,1,0,0.5712372660636902
664,0.22217475,1,CNV,1,0,0.7153300046920776
671,0.56206626,1,CNV,2,1,0.534001350402832
674,0.04883259,1,CNV,1,0,0.4756257236003876
675,0.13007264,1,CNV,1,0,0.6868024468421936
679,0.06205441,1,CNV,1,0,0.6676037907600403
680,0.45224243,1,CNV,1,0,0.6263978481292725
682,0.04949659,1,CNV,1,0,0.4629869759082794
684,0.18418406,1,CNV,1,0,0.6068207621574402
687,0.033985127,1,CNV,1,0,0.4606744349002838
688,0.31810308,1,CNV,1,0,0.2331584095954895
690,0.04779866,1,CNV,1,0,0.5798220634460449
695,0.66134876,0,CNV,2,1,0.5311049818992615
699,0.34205383,1,CNV,1,0,0.41909581422805786
700,0.30151242,1,CNV,1,0,0.6221711039543152
708,0.154864,1,CNV,1,0,0.5497427582740784
709,0.12589036,1,CNV,1,0,0.7211335897445679
712,0.061170563,1,CNV,1,0,0.6304042935371399
715,0.3681162,1,CNV,1,0,0.49697059392929077
720,0.11431529,1,CNV,1,0,0.5155172944068909
721,0.04604458,1,CNV,1,0,0.6355088949203491
722,0.11560488,1,CNV,1,0,0.3330843448638916
725,0.21197613,1,CNV,1,0,0.7410653829574585
727,0.04481249,1,CNV,1,0,0.4997299313545227
730,0.198063,1,CNV,1,0,0.7473899722099304
731,0.12313377,1,CNV,1,0,0.477670282125473
733,0.13535945,1,CNV,1,0,0.4380542039871216
734,0.023548806,1,CNV,1,0,0.14519505202770233
735,0.20377538,1,CNV,1,0,0.7088399529457092
738,0.033029653,1,CNV,1,0,0.818559467792511
739,0.08846964,1,CNV,1,0,0.758287787437439
740,0.08514895,1,CNV,1,0,0.5842525362968445
744,0.05661432,1,CNV,1,0,0.6157591342926025
745,0.029215908,1,CNV,1,0,0.5021747350692749
749,0.01675718,1,CNV,1,0,0.544564425945282
750,0.085844286,1,CNV,1,0,0.6945754885673523
751,0.032531295,1,CNV,1,0,0.48277732729911804
753,0.045555934,1,CNV,1,0,0.45415034890174866
756,0.0924879,1,CNV,1,0,0.38554075360298157
759,0.03870029,1,CNV,1,0,0.5657917261123657
769,0.054258812,1,CNV,1,0,0.5046929121017456
773,0.11376487,1,CNV,1,0,0.6118261218070984
774,0.044317123,1,CNV,1,0,0.6993739008903503
777,0.7041286,0,CNV,2,1,0.48262476921081543
778,0.6313193,0,CNV,2,1,0.6170077323913574
779,0.12610814,1,CNV,1,0,0.7667309641838074
782,0.19755386,1,CNV,1,0,0.20320340991020203
783,0.15812194,1,CNV,1,0,0.47075507044792175
784,0.17795601,1,CNV,1,0,0.6536465287208557
787,0.15728292,1,CNV,1,0,0.5223459601402283
789,0.19321777,1,CNV,1,0,0.6046169996261597
790,0.22270527,1,CNV,1,0,0.4855083227157593
793,0.44675192,1,CNV,1,0,0.7343891263008118
794,0.16271752,1,CNV,1,0,0.2642819285392761
796,0.21219055,1,CNV,1,0,0.6702190041542053
802,0.11962781,1,CNV,1,0,0.7244096994400024
804,0.04641414,1,CNV,1,0,0.5889428853988647
807,0.15252115,1,CNV,1,0,0.5580598711967468
810,0.03914272,1,CNV,1,0,0.584050714969635
811,0.07504952,1,CNV,1,0,0.5168852806091309
813,0.114893615,1,CNV,1,0,0.7169840335845947
820,0.057146035,1,CNV,1,0,0.6274089217185974
822,0.059760127,1,CNV,1,0,0.5610334277153015
830,0.061356463,1,CNV,1,0,0.5392736196517944
831,0.2881295,1,CNV,1,0,0.5898448824882507
832,0.035582647,1,CNV,1,0,0.3342231512069702
833,0.061362274,1,CNV,1,0,0.2355017364025116
834,0.09890899,1,CNV,1,0,0.6235136985778809
836,0.027691437,1,CNV,1,0,0.5762254595756531
837,0.056250226,1,CNV,1,0,0.5642858743667603
839,0.10059615,1,CNV,1,0,0.5800310969352722
840,0.13782896,1,CNV,1,0,0.6113057732582092
842,0.18699162,1,CNV,1,0,0.6627022624015808
845,0.17158493,1,CNV,1,0,0.6321169137954712
847,0.67881185,1,CNV,2,1,0.6309336423873901
849,0.12609565,1,CNV,1,0,0.7828493118286133
850,0.09531025,1,CNV,1,0,0.42498162388801575
851,0.06377999,1,CNV,1,0,0.7665403485298157
854,0.015474536,1,CNV,1,0,0.27206236124038696
855,0.20182925,1,CNV,1,0,0.5032626986503601
858,0.08360227,1,CNV,1,0,0.625602662563324
860,0.02953102,1,CNV,1,0,0.5770015716552734
861,0.19609466,1,CNV,1,0,0.6582176089286804
862,0.17003733,1,CNV,1,0,0.6776652932167053
863,0.15321301,1,CNV,1,0,0.524772047996521
864,0.36389935,1,CNV,1,0,0.7312904000282288
865,0.09314378,1,CNV,1,0,0.3213501572608948
866,0.07469517,1,CNV,1,0,0.5947445034980774
872,0.02198223,1,CNV,1,0,0.5377612709999084
873,0.23527321,1,CNV,1,0,0.5548726320266724
874,0.04162067,1,CNV,1,0,0.6841491460800171
877,0.28014112,1,CNV,1,0,0.5397438406944275
878,0.031831045,1,CNV,1,0,0.6117411851882935
879,0.3521236,1,CNV,1,0,0.5050825476646423
889,0.665568,1,CNV,2,1,0.6143601536750793
890,0.0104103945,1,CNV,1,0,0.5850847363471985
893,0.118165046,1,CNV,1,0,0.3350260257720947
897,0.11786868,1,CNV,1,0,0.4398294687271118
898,0.03584467,1,CNV,1,0,0.5169751644134521
899,0.05723685,1,CNV,1,0,0.5563858151435852
901,0.013837444,1,CNV,1,0,0.5528262853622437
904,0.13141821,1,CNV,1,0,0.3507043719291687
907,0.3875808,1,CNV,1,0,0.6118399500846863
914,0.043365847,1,CNV,1,0,0.7787632346153259
917,0.24320784,1,CNV,1,0,0.5009863376617432
920,0.025355317,1,CNV,1,0,0.6929004788398743
922,0.044881538,1,CNV,1,0,0.5239819884300232
924,0.089359075,1,CNV,1,0,0.5647168755531311
925,0.16547677,1,CNV,1,0,0.5971200466156006
926,0.58489174,0,CNV,2,1,0.6304821372032166
927,0.013300096,1,CNV,1,0,0.5869319438934326
928,0.07047464,1,CNV,1,0,0.6048299670219421
940,0.04564045,1,CNV,1,0,0.7247093319892883
943,0.047829382,1,CNV,1,0,0.5951159596443176
949,0.030082352,1,CNV,1,0,0.557750940322876
952,0.35100788,1,CNV,1,0,0.6200610399246216
954,0.053774178,1,CNV,1,0,0.7103093266487122
955,0.16013592,1,CNV,1,0,0.529124915599823
956,0.48508587,1,CNV,1,0,0.4930810332298279
958,0.07659088,1,CNV,1,0,0.6081914305686951
959,0.18257073,1,CNV,1,0,0.4620968699455261
967,0.019245354,1,CNV,1,0,0.5801762342453003
968,0.040145904,1,CNV,1,0,0.44238775968551636
972,0.16724883,1,CNV,1,0,0.4540737569332123
973,0.11494669,1,CNV,1,0,0.5977362394332886
977,0.026311327,1,CNV,1,0,0.3823651671409607
978,0.029735243,1,CNV,1,0,0.6840777397155762
983,0.08330642,1,CNV,1,0,0.487333744764328
984,0.07516841,1,CNV,1,0,0.6455681920051575
986,0.042293776,1,CNV,1,0,0.3899523913860321
989,0.071883775,1,CNV,1,0,0.6514009833335876
995,0.061591823,1,CNV,1,0,0.776910126209259
996,0.017771663,1,CNV,1,0,0.6908838152885437
1000,0.03043805,1,CNV,1,0,0.500867486000061
1001,0.035328615,1,CNV,1,0,0.6570592522621155
1002,0.041266587,1,CNV,1,0,0.4346603453159332
1003,0.050011672,1,CNV,1,0,0.5364648103713989
1004,0.07554702,1,CNV,1,0,0.5856522917747498
1005,0.28208593,1,CNV,1,0,0.5696976184844971
1006,0.19680122,1,CNV,1,0,0.4426588714122772
1009,0.13260415,1,CNV,1,0,0.38258641958236694
1011,0.9024268,1,CNV,2,1,0.1788821965456009
1016,0.10387903,1,CNV,1,0,0.7342734336853027
1019,0.08877247,1,CNV,1,0,0.6449512243270874
1024,0.035965342,1,CNV,1,0,0.6483716368675232
1027,0.10055326,1,CNV,1,0,0.5983650088310242
1028,0.16741583,1,CNV,1,0,0.6594669818878174
1032,0.17292657,1,CNV,1,0,0.544701337814331
1035,0.15704973,1,CNV,1,0,0.520685613155365
1036,0.09902963,1,CNV,1,0,0.6837875843048096
1041,0.23792611,1,CNV,1,0,0.5092362761497498
1044,0.089032724,1,CNV,1,0,0.40867048501968384
1045,0.062426195,1,CNV,1,0,0.46445432305336
1046,0.057439033,1,CNV,1,0,0.7128928303718567
1048,0.11017571,1,CNV,1,0,0.5654163360595703
1050,0.043218397,1,CNV,1,0,0.6663069725036621
1051,0.036004454,1,CNV,1,0,0.7343233227729797
1052,0.03000154,1,CNV,1,0,0.595012366771698
1056,0.10848194,1,CNV,1,0,0.7893790006637573
1059,0.05701372,1,CNV,1,0,0.5696779489517212
1060,0.20752177,1,CNV,1,0,0.6141429543495178
1064,0.103775665,1,CNV,1,0,0.6434100866317749
1065,0.04446163,1,CNV,1,0,0.6534802317619324
1067,0.11076976,1,CNV,1,0,0.4349963665008545
1071,0.08764325,1,CNV,1,0,0.5747453570365906
1073,0.4128635,1,CNV,1,0,0.23843540251255035
1078,0.1446942,1,CNV,1,0,0.6120944023132324
1079,0.15990841,0,CNV,1,0,0.4819146394729614
1080,0.020508178,1,CNV,1,0,0.7036008238792419
1083,0.049680796,1,CNV,1,0,0.3878730237483978
1084,0.034804426,1,CNV,1,0,0.47458064556121826
1086,0.19084041,1,CNV,1,0,0.6995115876197815
1088,0.080088586,1,CNV,1,0,0.6598409414291382
1089,0.20926093,1,CNV,1,0,0.6429936289787292
1092,0.17971526,1,CNV,1,0,0.6629502773284912
1096,0.19365664,1,CNV,1,0,0.4246976375579834
1104,0.046075,1,CNV,1,0,0.5951159596443176
1106,0.11236737,1,CNV,1,0,0.7951509952545166
1107,0.042049922,1,CNV,1,0,0.27605125308036804
1109,0.417341,1,CNV,1,0,0.45555755496025085
1111,0.068383105,1,CNV,1,0,0.2404949814081192
1112,0.65000653,0,CNV,2,1,0.5466227531433105
1115,0.10053129,1,CNV,1,0,0.5669743418693542
1116,0.33938938,1,CNV,1,0,0.5271728038787842
1117,0.061486095,1,CNV,1,0,0.5433500409126282
1118,0.052448478,1,CNV,1,0,0.4484417140483856
1119,0.06027925,1,CNV,1,0,0.3620252013206482
1123,0.089545,1,CNV,1,0,0.6757297515869141
1125,0.13743176,1,CNV,1,0,0.47083038091659546
1127,0.046927117,1,CNV,1,0,0.2602120637893677
1130,0.031311303,1,CNV,1,0,0.6917576789855957
1134,0.2710465,1,CNV,1,0,0.6210094094276428
1137,0.057835106,1,CNV,1,0,0.7365391850471497
1138,0.63791996,1,CNV,2,1,0.4803532361984253
1139,0.22114703,0,CNV,1,0,0.19808603823184967
1142,0.18336153,1,CNV,1,0,0.44050225615501404
1143,0.03274544,1,CNV,1,0,0.6465757489204407
1144,0.025033891,1,CNV,1,0,0.6456034779548645
1145,0.24457614,1,CNV,1,0,0.7109431028366089
1150,0.14901371,1,CNV,1,0,0.5986514091491699
1151,0.45725363,1,CNV,1,0,0.6155134439468384
1154,0.53291756,1,CNV,1,0,0.5309135317802429
1155,0.075094104,1,CNV,1,0,0.6935040354728699
1157,0.0776112,1,CNV,1,0,0.7581724524497986
1158,0.09070952,1,CNV,1,0,0.7079347968101501
1161,0.08937943,1,CNV,1,0,0.7095577716827393
1162,0.24666843,1,CNV,1,0,0.7271840572357178
1163,0.14315084,1,CNV,1,0,0.5363122820854187
1165,0.21379033,1,CNV,1,0,0.5957256555557251
1166,0.4983412,1,CNV,1,0,0.42101553082466125
1168,0.08231421,1,CNV,1,0,0.6810945868492126
1173,0.25063062,1,CNV,1,0,0.7199111580848694
1176,0.06527311,1,CNV,1,0,0.7221159338951111
1179,0.43137696,1,CNV,1,0,0.6938649415969849
1181,0.05674161,1,CNV,1,0,0.7531580328941345
1185,0.1638301,1,CNV,1,0,0.7738019227981567
1190,0.038761806,1,CNV,1,0,0.5323848128318787
1192,0.050705183,1,CNV,1,0,0.48891618847846985
1197,0.46682715,1,CNV,1,0,0.5280871391296387
1205,0.14844227,1,CNV,1,0,0.6347240805625916
1206,0.020670464,1,CNV,1,0,0.4649631679058075
1210,0.1499353,1,CNV,1,0,0.6467897295951843
1211,0.034149177,1,CNV,1,0,0.6059799194335938
1212,0.6941336,1,CNV,2,1,0.5992782711982727
1213,0.028572127,1,CNV,1,0,0.2906746566295624
1216,0.20180474,1,CNV,1,0,0.5316954255104065
1217,0.053109456,1,CNV,1,0,0.32159224152565
1218,0.21662346,1,CNV,1,0,0.619810163974762
1220,0.11940105,1,CNV,1,0,0.4513266682624817
1227,0.14303471,1,CNV,1,0,0.7607834935188293
1228,0.121484384,1,CNV,1,0,0.8207437992095947
1230,0.020361284,1,CNV,1,0,0.4872646927833557
1231,0.065569736,1,CNV,1,0,0.7546854019165039
1232,0.12200197,1,CNV,1,0,0.22306941449642181
1236,0.24494912,1,CNV,1,0,0.48457199335098267
1244,0.06423189,1,CNV,1,0,0.360556960105896
1245,0.32430935,1,CNV,1,0,0.5141635537147522
1246,0.036766317,1,CNV,1,0,0.7160618305206299
1248,0.092068024,1,CNV,1,0,0.5808622241020203
1250,0.029032273,1,CNV,1,0,0.5242908000946045
1254,0.19472925,1,CNV,1,0,0.6299201250076294
1258,0.08863204,1,CNV,1,0,0.6468974947929382
1263,0.041957207,1,CNV,1,0,0.5714974999427795
1265,0.12844586,1,CNV,1,0,0.5832739472389221
1268,0.047483813,1,CNV,1,0,0.471463680267334
1271,0.04479883,1,CNV,1,0,0.6248255968093872
1273,0.026783332,1,CNV,1,0,0.5696184635162354
1275,0.042790003,1,CNV,1,0,0.6503006815910339
1277,0.11192995,1,CNV,1,0,0.13546410202980042
1279,0.16546005,1,CNV,1,0,0.6612836122512817
1280,0.040286366,1,CNV,1,0,0.4508683979511261
1281,0.5273869,1,CNV,1,0,0.5666176676750183
1283,0.03735504,1,CNV,1,0,0.4215618968009949
1284,0.05321454,1,CNV,1,0,0.505325198173523
1288,0.023961037,1,CNV,1,0,0.6148683428764343
1292,0.044841047,1,CNV,1,0,0.5953369736671448
1293,0.059369653,1,CNV,1,0,0.5812338590621948
1294,0.3337528,1,CNV,1,0,0.5624392032623291
1297,0.049126893,1,CNV,1,0,0.6680107712745667
1303,0.035237987,1,CNV,1,0,0.22333143651485443
1304,0.14713386,1,CNV,1,0,0.12768763303756714
1305,0.14434202,1,CNV,1,0,0.5887945294380188
1306,0.06567951,1,CNV,1,0,0.6020160913467407
1307,0.015520801,1,CNV,1,0,0.7406936883926392
1310,0.2601524,1,CNV,1,0,0.5549008250236511
1311,0.03148985,1,CNV,1,0,0.6133414506912231
1313,0.22378317,1,CNV,1,0,0.6287382245063782
1314,0.028924063,1,CNV,1,0,0.6282715201377869
1319,0.10569022,1,CNV,1,0,0.7380975484848022
1320,0.05401589,1,CNV,1,0,0.3204570710659027
1327,0.7707414,1,CNV,2,1,0.5922818183898926
1329,0.056743965,1,CNV,1,0,0.5666243433952332
1332,0.7006499,1,CNV,2,1,0.20207785069942474
1333,0.026155537,1,CNV,1,0,0.4493618905544281
1337,0.024674386,1,CNV,1,0,0.5478688478469849
1338,0.18030015,1,CNV,1,0,0.6392054557800293
1341,0.03683684,1,CNV,1,0,0.5377137064933777
1342,0.16453438,1,CNV,1,0,0.2682081460952759
1343,0.0807249,1,CNV,1,0,0.47979870438575745
1344,0.141604,1,CNV,1,0,0.6471078395843506
1346,0.07778413,1,CNV,1,0,0.3620440661907196
1353,0.6823994,1,CNV,2,1,0.6081455945968628
1357,0.23278928,1,CNV,1,0,0.7428258657455444
1358,0.046617385,1,CNV,1,0,0.5495849251747131
1361,0.18248925,1,CNV,1,0,0.36716562509536743
1364,0.05792895,1,CNV,1,0,0.3701973259449005
1365,0.04535047,1,CNV,1,0,0.6037519574165344
1367,0.15735738,1,CNV,1,0,0.6861990690231323
1368,0.62434644,0,CNV,2,1,0.4315759241580963
1369,0.091008015,1,CNV,1,0,0.44277307391166687
1372,0.24663901,1,CNV,1,0,0.49274319410324097
1374,0.11445185,1,CNV,1,0,0.3825359642505646
1375,0.07052453,1,CNV,1,0,0.6293869614601135
1376,0.08918813,1,CNV,1,0,0.47914546728134155
1380,0.04539001,1,CNV,1,0,0.7122344970703125
1381,0.35085094,1,CNV,1,0,0.1206870898604393
1382,0.12111921,1,CNV,1,0,0.6508541107177734
1383,0.1106122,1,CNV,1,0,0.5167105793952942
1389,0.04026266,1,CNV,1,0,0.5691773295402527
1395,0.047512382,1,CNV,1,0,0.6210280656814575
1396,0.14185558,1,CNV,1,0,0.5480034947395325
1401,0.114392705,1,CNV,1,0,0.7624193429946899
1403,0.023863537,1,CNV,1,0,0.5566422343254089
1404,0.12642981,1,CNV,1,0,0.6680610179901123
1405,0.0529969,1,CNV,1,0,0.7277125120162964
1409,0.4057331,1,CNV,1,0,0.4343196153640747
1411,0.16544779,1,CNV,1,0,0.6985419392585754
1414,0.23042165,1,CNV,1,0,0.44028007984161377
1418,0.16799429,1,CNV,1,0,0.41341882944107056
1420,0.2840148,1,CNV,1,0,0.6956272125244141
1422,0.1390979,1,CNV,1,0,0.5186511278152466
1424,0.08453695,1,CNV,1,0,0.4743279218673706
1425,0.19027402,1,CNV,1,0,0.6273185014724731
1429,0.0068921563,1,CNV,1,0,0.5876026153564453
1430,0.042505674,1,CNV,1,0,0.48462364077568054
1431,0.53385085,1,CNV,2,1,0.5565143823623657
1433,0.10600349,1,CNV,1,0,0.4544849693775177
1434,0.047420423,1,CNV,1,0,0.33716508746147156
1436,0.018264685,1,CNV,1,0,0.5458737015724182
1437,0.04943171,1,CNV,1,0,0.5071470737457275
1443,0.051060867,1,CNV,1,0,0.6780658960342407
1445,0.065214284,1,CNV,1,0,0.5303273797035217
1452,0.08286967,1,CNV,1,0,0.7267615795135498
1453,0.033204637,1,CNV,1,0,0.749212920665741
1454,0.030980114,1,CNV,1,0,0.5155913829803467
1455,0.07276482,1,CNV,1,0,0.42689043283462524
1461,0.40603492,1,CNV,1,0,0.5413078665733337
1471,0.048746906,1,CNV,1,0,0.4770735502243042
1474,0.03180574,1,CNV,1,0,0.34896978735923767
1477,0.24113859,1,CNV,1,0,0.6536520719528198
1481,0.14313702,1,CNV,1,0,0.49381113052368164
1482,0.028275665,1,CNV,1,0,0.6411526203155518
1484,0.28028035,1,CNV,1,0,0.4104641079902649
1485,0.089102164,1,CNV,1,0,0.4339647591114044
1487,0.030795697,1,CNV,1,0,0.41793766617774963
1488,0.027048385,1,CNV,1,0,0.5404780507087708
1490,0.19974726,1,CNV,1,0,0.6521183252334595
1494,0.042001024,1,CNV,1,0,0.5942129492759705
1495,0.13854274,1,CNV,1,0,0.6369827389717102
1497,0.059300527,1,CNV,1,0,0.6468186974525452
1499,0.3869244,1,CNV,1,0,0.6461619734764099
1501,0.6182695,1,CNV,2,1,0.5244595408439636
1502,0.048690278,1,CNV,1,0,0.630434513092041
1503,0.10874537,1,CNV,1,0,0.7255350947380066
1506,0.25587782,1,CNV,1,0,0.43163058161735535
1507,0.033526495,1,CNV,1,0,0.6188709139823914
1509,0.6839553,0,CNV,2,1,0.48259398341178894
1511,0.052406553,1,CNV,1,0,0.6983217000961304
1512,0.08280811,1,CNV,1,0,0.6805385947227478
1514,0.1543359,1,CNV,1,0,0.10315703600645065
1515,0.024005411,1,CNV,1,0,0.6037465929985046
1516,0.01615389,1,CNV,1,0,0.24152779579162598
1518,0.12598823,1,CNV,1,0,0.4708303213119507
1520,0.29412678,1,CNV,1,0,0.7119799256324768
1521,0.09148397,1,CNV,1,0,0.7286663055419922
1524,0.047655053,1,CNV,1,0,0.6750633716583252
1526,0.109687515,1,CNV,1,0,0.35791727900505066
1528,0.28431445,1,CNV,1,0,0.6408510208129883
1531,0.09000457,1,CNV,1,0,0.6997464299201965
1532,0.6341063,1,CNV,1,0,0.31445276737213135
1533,0.19021189,1,CNV,1,0,0.6338391900062561
1537,0.19042869,1,CNV,1,0,0.5787214040756226
1543,0.106968075,1,CNV,1,0,0.6790551543235779
1544,0.047298506,1,CNV,1,0,0.52836012840271
1546,0.13465407,1,CNV,1,0,0.5880741477012634
1547,0.26262015,1,CNV,1,0,0.19840210676193237
1549,0.05320424,1,CNV,1,0,0.6711266040802002
1550,0.13887252,1,CNV,1,0,0.7204722762107849
1553,0.20153181,1,CNV,1,0,0.5436326861381531
1557,0.05174904,1,CNV,1,0,0.7205386757850647
1558,0.10578846,1,CNV,1,0,0.5519964098930359
1560,0.1759603,1,CNV,1,0,0.48846152424812317
1561,0.031841103,1,CNV,1,0,0.7691057920455933
1562,0.084344,1,CNV,1,0,0.49543753266334534
1563,0.12901558,1,CNV,1,0,0.5293053984642029
1565,0.029937018,1,CNV,1,0,0.5426458120346069
1568,0.061902206,1,CNV,1,0,0.6914663314819336
1571,0.0208141,1,CNV,1,0,0.26309528946876526
1573,0.14306298,1,CNV,1,0,0.49785494804382324
1575,0.07220795,1,CNV,1,0,0.6495773196220398
1576,0.018512331,1,CNV,1,0,0.6283023953437805
1583,0.06995966,1,CNV,1,0,0.4456244707107544
1587,0.06289417,1,CNV,1,0,0.5929339528083801
1588,0.05148945,1,CNV,1,0,0.4152718186378479
1591,0.05991914,1,CNV,1,0,0.6184901595115662
1593,0.08993016,1,CNV,1,0,0.70646733045578
1594,0.5951447,0,CNV,2,1,0.6855202913284302
1595,0.05809868,1,CNV,1,0,0.45847418904304504
1596,0.155306,1,CNV,1,0,0.5075949430465698
1599,0.1950952,1,CNV,1,0,0.5153529644012451
1601,0.027803104,1,CNV,1,0,0.30618271231651306
1603,0.012769318,1,CNV,1,0,0.45076984167099
1604,0.09371659,1,CNV,1,0,0.23753586411476135
1607,0.039198805,1,CNV,1,0,0.6670170426368713
1609,0.17873898,1,CNV,1,0,0.26481103897094727
1611,0.32218212,1,CNV,1,0,0.5418762564659119
1613,0.31513143,1,CNV,1,0,0.6911872029304504
1614,0.15685754,1,CNV,1,0,0.5884279012680054
1618,0.071959235,1,CNV,1,0,0.5312578678131104
1621,0.06881269,1,CNV,1,0,0.4774942398071289
1622,0.17343758,1,CNV,1,0,0.7104158401489258
1625,0.02424713,1,CNV,1,0,0.6760711073875427
1628,0.03348352,1,CNV,1,0,0.47454336285591125
1629,0.32862884,1,CNV,1,0,0.7260242700576782
1630,0.07467482,1,CNV,1,0,0.692792534828186
1632,0.13036282,1,CNV,1,0,0.4241219758987427
1640,0.086194895,1,CNV,1,0,0.6949298977851868
1644,0.10140267,1,CNV,1,0,0.655992329120636
1648,0.027947353,1,CNV,1,0,0.6031928062438965
1657,0.05500574,1,CNV,1,0,0.13855628669261932
1659,0.030517638,1,CNV,1,0,0.6450141072273254
1660,0.10404242,1,CNV,1,0,0.6348893046379089
1661,0.07070864,1,CNV,1,0,0.5360772013664246
1665,0.05146396,1,CNV,1,0,0.5247663855552673
1666,0.16050294,1,CNV,1,0,0.4652019739151001
1670,0.04192323,1,CNV,1,0,0.45853087306022644
1671,0.012803548,1,CNV,1,0,0.3406330645084381
1672,0.39604536,0,CNV,1,0,0.711543619632721
1673,0.1870534,1,CNV,1,0,0.6941248774528503
1675,0.1395284,1,CNV,1,0,0.13945595920085907
1677,0.09965813,1,CNV,1,0,0.546673595905304
1678,0.13696225,1,CNV,1,0,0.46590656042099
1681,0.04798462,1,CNV,1,0,0.42324283719062805
1685,0.24809352,1,CNV,1,0,0.45232123136520386
1688,0.15763237,1,CNV,1,0,0.7752779126167297
1689,0.06841563,1,CNV,1,0,0.6416495442390442
1690,0.098362766,1,CNV,1,0,0.710620105266571
1693,0.012294152,1,CNV,1,0,0.5867782831192017
1697,0.067094624,1,CNV,1,0,0.5644193887710571
1698,0.066239364,1,CNV,1,0,0.33819857239723206
1700,0.018786293,1,CNV,1,0,0.8447037935256958
1701,0.079017736,1,CNV,1,0,0.7334955930709839
1704,0.3141876,1,CNV,1,0,0.4916851818561554
1705,0.42810643,1,CNV,1,0,0.27976930141448975
1709,0.22766757,1,CNV,1,0,0.5326724648475647
1711,0.06532068,1,CNV,1,0,0.505348801612854
1712,0.24708475,1,CNV,1,0,0.5975883603096008
1714,0.48821208,1,CNV,1,0,0.6016864776611328
1716,0.024450386,1,CNV,1,0,0.6589908003807068
1719,0.19941273,1,CNV,1,0,0.5390278697013855
1721,0.07627887,1,CNV,1,0,0.5234367847442627
1724,0.1308057,1,CNV,1,0,0.7304385304450989
1725,0.0788096,1,CNV,1,0,0.7257760763168335
1727,0.04701836,1,CNV,1,0,0.5792855024337769
1732,0.40490964,1,CNV,1,0,0.6146682500839233
1739,0.16861024,1,CNV,1,0,0.6429486870765686
1741,0.43071103,1,CNV,1,0,0.6176064610481262
1743,0.19375987,1,CNV,1,0,0.6442134976387024
1751,0.03409157,1,CNV,1,0,0.29662495851516724
1753,0.34643903,1,CNV,1,0,0.43796491622924805
1754,0.5963434,0,CNV,2,1,0.5517385601997375
1756,0.074297674,1,CNV,1,0,0.5017603039741516
1757,0.67507094,0,CNV,2,1,0.40586885809898376
1758,0.3472052,1,CNV,1,0,0.6420462131500244
1766,0.14662585,1,CNV,1,0,0.7916350960731506
1767,0.1907225,1,CNV,1,0,0.778890073299408
1768,0.09098162,1,CNV,1,0,0.5513832569122314
1770,0.058079075,1,CNV,1,0,0.5696037411689758
1772,0.27626744,1,CNV,1,0,0.7444213628768921
1775,0.05045805,1,CNV,1,0,0.5541917681694031
1779,0.10336335,1,CNV,1,0,0.6309706568717957
1781,0.12562476,1,CNV,1,0,0.5627464056015015
1782,0.24698208,1,CNV,1,0,0.6464744210243225
1783,0.087404236,1,CNV,1,0,0.6665753126144409
1784,0.16397128,1,CNV,1,0,0.6561055183410645
1786,0.6588735,0,CNV,2,1,0.5401087403297424
1787,0.042686623,1,CNV,1,0,0.5905435085296631
1788,0.09828942,1,CNV,1,0,0.5847062468528748
1791,0.033199407,1,CNV,1,0,0.7521591186523438
1792,0.1307001,1,CNV,1,0,0.5165910124778748
1793,0.027828569,1,CNV,1,0,0.5316472053527832
1796,0.38936943,1,CNV,1,0,0.6900023818016052
1797,0.35673764,1,CNV,1,0,0.6759294867515564
1804,0.12324034,1,CNV,1,0,0.620093584060669
1807,0.06914363,1,CNV,1,0,0.6046608090400696
1809,0.052371513,1,CNV,1,0,0.4484880268573761
1811,0.10023794,1,CNV,1,0,0.4291507303714752
1815,0.03092115,1,CNV,1,0,0.43000078201293945
1818,0.20841351,1,CNV,1,0,0.5350416302680969
1820,0.08648557,1,CNV,1,0,0.521838366985321
1821,0.1309818,1,CNV,1,0,0.6171117424964905
1823,0.09408123,1,CNV,1,0,0.7669975161552429
1824,0.13427433,1,CNV,1,0,0.6276370286941528
1826,0.06162106,1,CNV,1,0,0.556948721408844
1827,0.119761854,1,CNV,1,0,0.4817867577075958
1829,0.11519299,1,CNV,1,0,0.6739151477813721
1833,0.039644152,1,CNV,1,0,0.7465254664421082
1839,0.10045439,1,CNV,1,0,0.5778809785842896
1843,0.14636353,1,CNV,1,0,0.7674859762191772
1844,0.043150768,1,CNV,1,0,0.5867627859115601
1848,0.01580042,1,CNV,1,0,0.4643837809562683
1850,0.6073467,1,CNV,2,1,0.3688845634460449
1854,0.099304825,1,CNV,1,0,0.2822330594062805
1856,0.076157294,1,CNV,1,0,0.2716766595840454
1862,0.0691412,1,CNV,1,0,0.40643224120140076
1867,0.08027264,1,CNV,1,0,0.6651214361190796
1872,0.20663387,1,CNV,1,0,0.7244622707366943
1873,0.014799251,1,CNV,1,0,0.5077098608016968
1876,0.10931882,1,CNV,1,0,0.5024251341819763
1880,0.07763911,1,CNV,1,0,0.6087605953216553
1885,0.69543606,0,CNV,2,1,0.45693671703338623
1886,0.09681294,1,CNV,1,0,0.3609628677368164
1889,0.04630312,1,CNV,1,0,0.49573466181755066
1890,0.108275,1,CNV,1,0,0.4807257056236267
1892,0.0924056,1,CNV,1,0,0.808409571647644
1893,0.27674818,1,CNV,1,0,0.4847942590713501
1897,0.035404127,1,CNV,1,0,0.49443647265434265
1898,0.10322302,1,CNV,1,0,0.5914544463157654
1899,0.046124253,1,CNV,1,0,0.2625800371170044
1901,0.019255593,1,CNV,1,0,0.6420276761054993
1905,0.13373105,1,CNV,1,0,0.6070564985275269
1908,0.09358328,1,CNV,1,0,0.5255453586578369
1913,0.1943331,1,CNV,1,0,0.5426316261291504
1927,0.21977127,1,CNV,1,0,0.477476567029953
1930,0.2797764,1,CNV,1,0,0.6882904171943665
1931,0.112412415,1,CNV,1,0,0.4715053141117096
1933,0.012834497,1,CNV,1,0,0.407513290643692
1938,0.17689118,1,CNV,1,0,0.5222361087799072
1945,0.089324266,1,CNV,1,0,0.645977795124054
1946,0.040929534,1,CNV,1,0,0.1881738007068634
1947,0.12507129,1,CNV,1,0,0.6504878997802734
1950,0.2071875,1,CNV,1,0,0.4740225672721863
1952,0.04078611,1,CNV,1,0,0.42922115325927734
1953,0.26111478,1,CNV,1,0,0.6013407111167908
1955,0.027080948,1,CNV,1,0,0.5193285346031189
1960,0.07130436,1,CNV,1,0,0.7205392122268677
1963,0.044881474,1,CNV,1,0,0.6329700350761414
1965,0.093228854,1,CNV,1,0,0.5603252053260803
1966,0.086063676,1,CNV,1,0,0.5492331981658936
1968,0.016421238,1,CNV,1,0,0.5122400522232056
1970,0.2868303,1,CNV,1,0,0.4511684775352478
1971,0.22420226,1,CNV,1,0,0.6632992029190063
1972,0.108615585,1,CNV,1,0,0.5907567143440247
1974,0.04076482,1,CNV,1,0,0.6147937774658203
1979,0.018486608,1,CNV,1,0,0.6252774000167847
1981,0.12665795,1,CNV,1,0,0.7594596147537231
1983,0.17081223,1,CNV,1,0,0.5320000648498535
1984,0.21118711,1,CNV,1,0,0.7594794034957886
1985,0.06666805,1,CNV,1,0,0.4315283000469208
1990,0.034264993,1,CNV,1,0,0.30446428060531616
1993,0.1790704,1,CNV,1,0,0.819998025894165
1996,0.16963184,1,CNV,1,0,0.5966511368751526
1998,0.06789962,1,CNV,1,0,0.5476815104484558
1999,0.039033756,1,CNV,1,0,0.6146960854530334
2000,0.6033707,1,CNV,2,1,0.6280984282493591
2003,0.4180963,1,CNV,1,0,0.6605387330055237
2007,0.29250327,1,CNV,1,0,0.6039596796035767
2008,0.0315795,1,CNV,1,0,0.5462087988853455
2009,0.10826841,1,CNV,1,0,0.7122312784194946
2010,0.5008454,1,CNV,1,0,0.5852461457252502
2013,0.16570902,1,CNV,1,0,0.5020259022712708
2018,0.3758459,1,CNV,1,0,0.6285399794578552
2021,0.031470135,1,CNV,1,0,0.7123526334762573
2023,0.06716113,1,CNV,1,0,0.5604861974716187
2025,0.021270366,1,CNV,1,0,0.5504562258720398
2026,0.02743049,1,CNV,1,0,0.5477765798568726
2028,0.069649845,1,CNV,1,0,0.7972599864006042
2029,0.034100946,1,CNV,1,0,0.18982210755348206
2030,0.44281828,1,CNV,1,0,0.4626622200012207
2031,0.13720131,1,CNV,1,0,0.7202116250991821
2033,0.66780317,0,CNV,2,1,0.744863748550415
2034,0.053411625,1,CNV,1,0,0.5648365616798401
2038,0.33897144,1,CNV,1,0,0.356732577085495
2039,0.04069735,1,CNV,1,0,0.47913286089897156
2040,0.073031366,1,CNV,1,0,0.517180860042572
2045,0.13983428,1,CNV,1,0,0.7763547897338867
2047,0.030509312,1,CNV,1,0,0.566096305847168
2051,0.16185151,1,CNV,1,0,0.4836163818836212
2052,0.07382672,1,CNV,1,0,0.784835159778595
2053,0.06256369,1,CNV,1,0,0.3032284677028656
2054,0.05978904,1,CNV,1,0,0.7277796268463135
2055,0.045195274,1,CNV,1,0,0.701046884059906
2056,0.19013429,1,CNV,1,0,0.5463130474090576
2057,0.25229102,1,CNV,1,0,0.6808291673660278
2059,0.096467696,1,CNV,1,0,0.7435516119003296
2060,0.041398183,1,CNV,1,0,0.7122344970703125
2064,0.68850523,1,CNV,2,1,0.514189600944519
2065,0.041625697,1,CNV,1,0,0.5864112973213196
2066,0.3564594,1,CNV,1,0,0.5177484154701233
2071,0.005990904,1,CNV,1,0,0.6771247982978821
2073,0.016556127,1,CNV,1,0,0.4865286350250244
2075,0.10082943,1,CNV,1,0,0.5745671987533569
2079,0.08268219,1,CNV,1,0,0.5041195154190063
2080,0.19411108,1,CNV,1,0,0.7391020059585571
2082,0.5645359,0,CNV,2,1,0.8023607730865479
2083,0.15161669,1,CNV,1,0,0.7672116756439209
2089,0.09388978,1,CNV,1,0,0.4641055464744568
2090,0.04261636,1,CNV,1,0,0.47006848454475403
2092,0.12625185,1,CNV,1,0,0.6620009541511536
2095,0.04115904,1,CNV,1,0,0.5406637787818909
2097,0.52984345,1,CNV,2,1,0.49047040939331055
2099,0.44736347,1,CNV,1,0,0.5308037400245667
2100,0.08114053,1,CNV,1,0,0.6084628701210022
2102,0.123789124,1,CNV,1,0,0.6486526131629944
2103,0.13806616,1,CNV,1,0,0.6640751361846924
2105,0.023136342,1,CNV,1,0,0.6895515322685242
2110,0.1191295,1,CNV,1,0,0.49599117040634155
2111,0.61696523,1,CNV,2,1,0.6906948089599609
2113,0.039988678,1,CNV,1,0,0.7574934959411621
2114,0.49014714,1,CNV,1,0,0.5278247594833374
2115,0.030298632,1,CNV,1,0,0.22321294248104095
2118,0.09724443,1,CNV,1,0,0.7287907600402832
2121,0.3334004,1,CNV,1,0,0.7551394701004028
2125,0.12435626,1,CNV,1,0,0.7670226693153381
2129,0.062457625,1,CNV,1,0,0.7834250330924988
2130,0.16708663,1,CNV,1,0,0.5700094103813171
2132,0.08299394,1,CNV,1,0,0.6189749836921692
2133,0.25367808,1,CNV,1,0,0.5397741198539734
2138,0.120837495,1,CNV,1,0,0.544304609298706
2141,0.010903379,1,CNV,1,0,0.3438562750816345
2142,0.07224616,1,CNV,1,0,0.5554479360580444
2148,0.155564,1,CNV,1,0,0.5673059225082397
2151,0.18374199,1,CNV,1,0,0.5970908999443054
2152,0.26508293,1,CNV,1,0,0.7829601168632507
2153,0.12629792,1,CNV,1,0,0.3416534662246704
2154,0.18902607,1,CNV,1,0,0.6823377013206482
2155,0.08939211,1,CNV,1,0,0.6353108882904053
2163,0.3449421,1,CNV,1,0,0.7794737219810486
2165,0.2886026,1,CNV,1,0,0.6319607496261597
2169,0.32698122,1,CNV,1,0,0.8015543818473816
2172,0.5699365,0,CNV,2,1,0.7135655879974365
2173,0.13569623,1,CNV,1,0,0.528108537197113
2178,0.014824346,1,CNV,1,0,0.5963136553764343
2183,0.026667828,1,CNV,1,0,0.6176334619522095
2184,0.06603818,1,CNV,1,0,0.5937729477882385
2186,0.04131832,1,CNV,1,0,0.8177002668380737
2189,0.06372555,1,CNV,1,0,0.7845298051834106
2194,0.09835608,1,CNV,1,0,0.5460039377212524
2196,0.44063875,1,CNV,1,0,0.5357451438903809
2200,0.0141962655,1,CNV,1,0,0.18217915296554565
2210,0.11305092,1,CNV,1,0,0.4746737480163574
2213,0.031148726,1,CNV,1,0,0.6068548560142517
2214,0.07134108,1,CNV,1,0,0.6179168820381165
2216,0.06822638,1,CNV,1,0,0.48381954431533813
2217,0.06803585,1,CNV,1,0,0.5627212524414062
2222,0.07288065,1,CNV,1,0,0.6987923383712769
2225,0.14562833,1,CNV,1,0,0.6016144156455994
2227,0.031081498,1,CNV,1,0,0.671602189540863
2228,0.15866339,1,CNV,1,0,0.6867350339889526
2231,0.366499,1,CNV,1,0,0.19978639483451843
2232,0.2946781,1,CNV,1,0,0.6927867531776428
2233,0.21468511,1,CNV,1,0,0.6040507555007935
2234,0.13394862,1,CNV,1,0,0.6239344477653503
2239,0.04769914,1,CNV,1,0,0.6246002912521362
2240,0.087164335,1,CNV,1,0,0.7629529237747192
2245,0.08472669,1,CNV,1,0,0.588189959526062
2251,0.03287636,1,CNV,1,0,0.6146960854530334
2253,0.032448392,1,CNV,1,0,0.5924752950668335
2256,0.06800905,1,CNV,1,0,0.6097627878189087
2259,0.07250697,1,CNV,1,0,0.6608281135559082
2261,0.032091103,1,CNV,1,0,0.5464023351669312
2262,0.09469097,1,CNV,1,0,0.46495166420936584
2263,0.123832226,1,CNV,1,0,0.6878724098205566
2269,0.055828456,1,CNV,1,0,0.49201998114585876
2270,0.054090325,1,CNV,1,0,0.7072376012802124
2271,0.19342291,1,CNV,1,0,0.7372074127197266
2277,0.021928549,1,CNV,1,0,0.5570378303527832
2278,0.047747094,1,CNV,1,0,0.6599457263946533
2287,0.026874896,1,CNV,1,0,0.6204089522361755
2288,0.14122833,1,CNV,1,0,0.6246269345283508
2289,0.11626842,1,CNV,1,0,0.4398294687271118
2290,0.31572664,1,CNV,1,0,0.597351610660553
2292,0.08778829,1,CNV,1,0,0.5420048832893372
2294,0.06460993,1,CNV,1,0,0.5399031639099121
2297,0.35493535,1,CNV,1,0,0.22872009873390198
2298,0.16047879,1,CNV,1,0,0.7892305254936218
2301,0.042807,1,CNV,1,0,0.5569731593132019
2302,0.107653424,1,CNV,1,0,0.4466622769832611
2305,0.19170928,1,CNV,1,0,0.5897454023361206
2306,0.2525973,1,CNV,1,0,0.5249084830284119
2307,0.08376763,1,CNV,1,0,0.689720094203949
2309,0.1392525,1,CNV,1,0,0.44142594933509827
2310,0.06469931,1,CNV,1,0,0.6483080387115479
2311,0.065824434,1,CNV,1,0,0.7342780232429504
2318,0.020259304,1,CNV,1,0,0.1948772519826889
2320,0.08763033,1,CNV,1,0,0.6264975070953369
2321,0.16485521,1,CNV,1,0,0.7042805552482605
2325,0.08075355,1,CNV,1,0,0.49329790472984314
2326,0.07892037,1,CNV,1,0,0.4542991518974304
2327,0.036187947,1,CNV,1,0,0.19488835334777832
2333,0.12567009,1,CNV,1,0,0.49242985248565674
2338,0.021258216,1,CNV,1,0,0.534817099571228
2339,0.17715952,1,CNV,1,0,0.6884573698043823
2341,0.25456885,1,CNV,1,0,0.8076231479644775
2345,0.018893205,1,CNV,1,0,0.3675435781478882
2348,0.13960475,1,CNV,1,0,0.6087889075279236
2352,0.035257064,1,CNV,1,0,0.2286662608385086
2353,0.069169596,1,CNV,1,0,0.1637813001871109
2354,0.18354505,1,CNV,1,0,0.4854642152786255
2360,0.018904831,1,CNV,1,0,0.4516860246658325
2361,0.14044774,1,CNV,1,0,0.757838249206543
2363,0.08428115,1,CNV,1,0,0.7430524230003357
2364,0.018244911,1,CNV,1,0,0.5402812361717224
2368,0.19187495,1,CNV,1,0,0.6415010690689087
2372,0.21372136,1,CNV,1,0,0.660206139087677
2376,0.08617503,1,CNV,1,0,0.6121770739555359
2378,0.09315766,1,CNV,1,0,0.6759672164916992
2385,0.050042015,1,CNV,1,0,0.782705545425415
2386,0.13199334,1,CNV,1,0,0.6529868245124817
2388,0.07815747,1,CNV,1,0,0.5072765350341797
2389,0.035193976,1,CNV,1,0,0.6105613112449646
2395,0.02265178,1,CNV,1,0,0.3531767427921295
2396,0.12097256,1,CNV,1,0,0.6301317811012268
2397,0.113499135,1,CNV,1,0,0.5780627727508545
2398,0.2722546,1,CNV,1,0,0.46431928873062134
2401,0.25129053,1,CNV,1,0,0.6869226098060608
2402,0.083225295,1,CNV,1,0,0.5164498090744019
2403,0.04686521,1,CNV,1,0,0.5780096650123596
2406,0.16719487,1,CNV,1,0,0.4439143240451813
2408,0.10914382,1,CNV,1,0,0.41877707839012146
2412,0.19959047,1,CNV,1,0,0.5207362771034241
2414,0.10613687,1,CNV,1,0,0.6640063524246216
2416,0.05201978,1,CNV,1,0,0.39800402522087097
2417,0.07022573,1,CNV,1,0,0.5598539113998413
2418,0.02313367,1,CNV,1,0,0.5024030804634094
2419,0.101062566,1,CNV,1,0,0.5471881031990051
2420,0.10997991,1,CNV,1,0,0.7686495184898376
2424,0.071213774,1,CNV,1,0,0.7278444170951843
2427,0.06164455,1,CNV,1,0,0.5602708458900452
2428,0.026358476,1,CNV,1,0,0.7042814493179321
2431,0.050506435,1,CNV,1,0,0.42144128680229187
2433,0.015165227,1,CNV,1,0,0.6610912084579468
2435,0.17413816,1,CNV,1,0,0.5887758731842041
2437,0.06087681,1,CNV,1,0,0.6914663314819336
2439,0.21760213,1,CNV,1,0,0.2647118866443634
2443,0.026265508,1,CNV,1,0,0.3583221733570099
2444,0.08577535,1,CNV,1,0,0.6411331295967102
2446,0.01950837,1,CNV,1,0,0.6321457028388977
2448,0.69316214,0,CNV,2,1,0.5063048005104065
2449,0.19334161,1,CNV,1,0,0.6533821225166321
2453,0.42797214,1,CNV,1,0,0.4651300013065338
2454,0.013400735,1,CNV,1,0,0.6115588545799255
2455,0.13090539,1,CNV,1,0,0.6903074383735657
2461,0.17818291,1,CNV,1,0,0.7956035733222961
2468,0.21077149,1,CNV,1,0,0.6742945909500122
2473,0.08951635,1,CNV,1,0,0.6957745552062988
2475,0.040267423,1,CNV,1,0,0.8038337230682373
2476,0.12281733,1,CNV,1,0,0.5600312352180481
2478,0.063813634,1,CNV,1,0,0.666896641254425
2480,0.50038207,0,CNV,2,1,0.7187859416007996
2489,0.05871417,1,CNV,1,0,0.43229618668556213
2491,0.2539852,1,CNV,1,0,0.629041850566864
2498,0.07757427,1,CNV,1,0,0.7749678492546082
2499,0.03609254,1,CNV,1,0,0.7023354172706604
2500,0.21066394,1,CNV,1,0,0.6059489250183105
2501,0.013600286,1,CNV,1,0,0.5083878636360168
2503,0.039708547,1,CNV,1,0,0.5431143641471863
2506,0.082633846,1,CNV,1,0,0.6568106412887573
2507,0.019690856,1,CNV,1,0,0.23586773872375488
2508,0.07062655,1,CNV,1,0,0.46344321966171265
2511,0.02683062,1,CNV,1,0,0.6550113558769226
2512,0.42522568,1,CNV,1,0,0.5848917961120605
2513,0.014308295,1,CNV,1,0,0.41593748331069946
2516,0.11127378,1,CNV,1,0,0.5390135049819946
2518,0.31655705,1,CNV,1,0,0.6075845956802368
2519,0.01916045,1,CNV,1,0,0.477061003446579
2520,0.05271877,1,CNV,1,0,0.5417982339859009
2523,0.07003446,1,CNV,1,0,0.5166729688644409
2525,0.18339378,1,CNV,1,0,0.5864390134811401
2534,0.1035564,1,CNV,1,0,0.7468482851982117
2540,0.17836258,1,CNV,1,0,0.47473740577697754
2541,0.0366129,1,CNV,1,0,0.614395260810852
2544,0.011878936,1,CNV,1,0,0.5024836659431458
2547,0.3220224,0,CNV,1,0,0.7023646831512451
2551,0.5441857,1,CNV,2,1,0.47877222299575806
2552,0.07421359,1,CNV,1,0,0.6908858418464661
2554,0.15144593,1,CNV,1,0,0.5399446487426758
2555,0.06225542,1,CNV,1,0,0.5427387356758118
2556,0.07507578,1,CNV,1,0,0.2799980342388153
2557,0.27104107,1,CNV,1,0,0.5826119184494019
2558,0.033923842,1,CNV,1,0,0.6337907910346985
2560,0.046715796,1,CNV,1,0,0.511279284954071
2564,0.43900913,1,CNV,1,0,0.5979007482528687
2565,0.2485941,1,CNV,1,0,0.5542464852333069
2567,0.07318314,1,CNV,1,0,0.5260539054870605
2569,0.14321092,1,CNV,1,0,0.5807168483734131
2572,0.3013275,1,CNV,1,0,0.46083909273147583
2573,0.062357493,1,CNV,1,0,0.5725002884864807
2575,0.09400069,1,CNV,1,0,0.6275118589401245
2580,0.34336138,1,CNV,1,0,0.20044808089733124
2582,0.09170656,1,CNV,1,0,0.5263888239860535
2585,0.12115607,1,CNV,1,0,0.5811997056007385
2589,0.18546781,1,CNV,1,0,0.45209065079689026
2591,0.06966581,1,CNV,1,0,0.5663411617279053
2592,0.16087173,1,CNV,1,0,0.6033024191856384
2595,0.21035889,1,CNV,1,0,0.7445666193962097
2596,0.027089467,1,CNV,1,0,0.6156120896339417
2598,0.164233,1,CNV,1,0,0.6098965406417847
2599,0.028067542,1,CNV,1,0,0.6271335482597351
2606,0.40782663,1,CNV,1,0,0.654495894908905
2607,0.008342262,1,CNV,1,0,0.3584572374820709
2609,0.042154253,1,CNV,1,0,0.7183231711387634
2614,0.029343506,1,CNV,1,0,0.4073790907859802
2616,0.03604578,1,CNV,1,0,0.5432088375091553
2617,0.08425975,1,CNV,1,0,0.43856972455978394
2618,0.0411412,1,CNV,1,0,0.5533546805381775
2620,0.63052946,1,CNV,2,1,0.5335147380828857
2621,0.054870225,1,CNV,1,0,0.6963208913803101
2624,0.108118,1,CNV,1,0,0.7882479429244995
2625,0.06535327,1,CNV,1,0,0.3745799660682678
2629,0.15126684,1,CNV,1,0,0.5979954600334167
2630,0.071270265,1,CNV,1,0,0.6019283533096313
2631,0.47236133,1,CNV,1,0,0.451998233795166
2639,0.17111573,1,CNV,1,0,0.8062183856964111
2640,0.09590046,1,CNV,1,0,0.7585814595222473
2646,0.3674661,1,CNV,1,0,0.2257578819990158
2648,0.06766116,1,CNV,1,0,0.4957299828529358
2650,0.1074786,1,CNV,1,0,0.5531545281410217
2651,0.12761219,1,CNV,1,0,0.5054750442504883
2654,0.070890576,1,CNV,1,0,0.5595273971557617
2659,0.019597104,1,CNV,1,0,0.46091681718826294
2661,0.13195898,1,CNV,1,0,0.6385964155197144
2663,0.15528086,1,CNV,1,0,0.44972148537635803
2665,0.2672008,1,CNV,1,0,0.5736855864524841
2670,0.010436367,1,CNV,1,0,0.49729588627815247
2673,0.6334274,1,CNV,2,1,0.6456550359725952
2675,0.08730626,1,CNV,1,0,0.503768265247345
2676,0.1622424,1,CNV,1,0,0.5549381971359253
2677,0.043571312,1,CNV,1,0,0.6610165238380432
2678,0.027441949,1,CNV,1,0,0.539691150188446
2679,0.07585858,1,CNV,1,0,0.631295382976532
2681,0.14004008,1,CNV,1,0,0.545644223690033
2682,0.041033696,1,CNV,1,0,0.6559966802597046
2683,0.13543683,1,CNV,1,0,0.21217389404773712
2686,0.11682436,1,CNV,1,0,0.12640511989593506
2690,0.03640245,1,CNV,1,0,0.5955702662467957
2692,0.053369097,1,CNV,1,0,0.4841448962688446
2693,0.34316695,1,CNV,1,0,0.760725200176239
2697,0.034610342,1,CNV,1,0,0.633866012096405
2701,0.025801605,1,CNV,1,0,0.663250744342804
2705,0.12601942,1,CNV,1,0,0.5117131471633911
2706,0.06140528,1,CNV,1,0,0.6384741067886353
2713,0.07369832,1,CNV,1,0,0.7520044445991516
2715,0.36415622,1,CNV,1,0,0.2840798795223236
2718,0.0069751837,1,CNV,1,0,0.6046396493911743
2719,0.3544302,1,CNV,1,0,0.3413067162036896
2724,0.04578614,1,CNV,1,0,0.5812584161758423
2725,0.05900596,1,CNV,1,0,0.6254335641860962
2730,0.46656394,1,CNV,1,0,0.6470131874084473
2731,0.11474143,1,CNV,1,0,0.5858882069587708
2732,0.08502491,1,CNV,1,0,0.5960879325866699
2734,0.08335219,1,CNV,1,0,0.6329206824302673
2736,0.17398722,1,CNV,1,0,0.7055791616439819
2738,0.06763432,1,CNV,1,0,0.7297351956367493
2742,0.09989796,1,CNV,1,0,0.6183180809020996
2744,0.024471309,1,CNV,1,0,0.746521532535553
2749,0.5808577,0,CNV,2,1,0.7507632374763489
2750,0.05124321,1,CNV,1,0,0.4514012634754181
2751,0.053508867,1,CNV,1,0,0.5108688473701477
2752,0.17470613,1,CNV,1,0,0.5650678873062134
2755,0.03326873,1,CNV,1,0,0.5671191215515137
2757,0.08934299,1,CNV,1,0,0.6225112676620483
2764,0.1437911,1,CNV,1,0,0.5739312171936035
2766,0.2243089,1,CNV,1,0,0.521295964717865
2767,0.019744057,1,CNV,1,0,0.6409484148025513
2769,0.68227774,0,CNV,2,1,0.7141505479812622
2773,0.021640427,1,CNV,1,0,0.635475218296051
2775,0.18920726,1,CNV,1,0,0.5488234758377075
2776,0.049044773,1,CNV,1,0,0.6707203388214111
2777,0.011762334,1,CNV,1,0,0.7200998663902283
2782,0.16000341,1,CNV,1,0,0.6470944285392761
2784,0.1290774,1,CNV,1,0,0.5814177989959717
2785,0.03104373,1,CNV,1,0,0.5346348285675049
2786,0.03883053,1,CNV,1,0,0.7035988569259644
2788,0.067825615,1,CNV,1,0,0.8244811296463013
2790,0.16219845,1,CNV,1,0,0.4653933346271515
2795,0.21698026,1,CNV,1,0,0.4386840760707855
2796,0.02202995,1,CNV,1,0,0.3488285541534424
2802,0.017406136,1,CNV,1,0,0.5030189752578735
2803,0.70378566,0,CNV,2,1,0.19500990211963654
2806,0.0923817,1,CNV,1,0,0.6145583987236023
2809,0.43405634,1,CNV,1,0,0.45310109853744507
2813,0.25432467,1,CNV,1,0,0.8058142066001892
2816,0.07662476,1,CNV,1,0,0.6977053880691528
2819,0.025671849,1,CNV,1,0,0.677446722984314
2820,0.15976171,1,CNV,1,0,0.3617684245109558
2821,0.074209414,1,CNV,1,0,0.7454062104225159
2822,0.16066846,1,CNV,1,0,0.55268794298172
2826,0.09565687,1,CNV,1,0,0.604485273361206
2827,0.037633438,1,CNV,1,0,0.6499363780021667
2828,0.030667374,1,CNV,1,0,0.7097721695899963
2832,0.16176443,1,CNV,1,0,0.7878084182739258
2833,0.047935296,1,CNV,1,0,0.49083322286605835
2835,0.03957015,1,CNV,1,0,0.5646998882293701
2839,0.08985235,1,CNV,1,0,0.7142907381057739
2841,0.12489438,1,CNV,1,0,0.6725634932518005
2842,0.096622415,1,CNV,1,0,0.6392149925231934
2844,0.060299467,1,CNV,1,0,0.5219229459762573
2845,0.20300572,1,CNV,1,0,0.7545434832572937
2846,0.15133968,1,CNV,1,0,0.746976375579834
2848,0.121481374,1,CNV,1,0,0.7935318946838379
2851,0.22102098,1,CNV,1,0,0.7555608153343201
2852,0.15517828,1,CNV,1,0,0.5263824462890625
2856,0.07104509,1,CNV,1,0,0.5558646321296692
2858,0.062458884,1,CNV,1,0,0.7571073770523071
2859,0.037626874,1,CNV,1,0,0.700788676738739
2861,0.042309172,1,CNV,1,0,0.4825652539730072
2864,0.02698251,1,CNV,1,0,0.58383709192276
2867,0.03628522,1,CNV,1,0,0.19049353897571564
2871,0.025036221,1,CNV,1,0,0.61899334192276
2872,0.15650561,1,CNV,1,0,0.6344209313392639
2875,0.064446434,1,CNV,1,0,0.35068461298942566
2877,0.15528126,1,CNV,1,0,0.672601580619812
2878,0.11715039,1,CNV,1,0,0.5059946179389954
2879,0.08505874,1,CNV,1,0,0.6090607047080994
2881,0.025084727,1,CNV,1,0,0.49605798721313477
2882,0.05325177,1,CNV,1,0,0.7258345484733582
2886,0.113206245,1,CNV,1,0,0.6934396028518677
2891,0.10187603,1,CNV,1,0,0.6725202202796936
2893,0.06770149,1,CNV,1,0,0.31809180974960327
2898,0.036500435,1,CNV,1,0,0.7005791664123535
2899,0.09686147,1,CNV,1,0,0.45847848057746887
2903,0.05565856,1,CNV,1,0,0.6385413408279419
2907,0.06685755,1,CNV,1,0,0.6222860217094421
2909,0.08813453,1,CNV,1,0,0.6472120881080627
2910,0.1340154,1,CNV,1,0,0.333294153213501
2911,0.2679202,1,CNV,1,0,0.6378571391105652
2913,0.12661102,1,CNV,1,0,0.27467742562294006
2914,0.03140217,1,CNV,1,0,0.6876087188720703
2917,0.07989535,1,CNV,1,0,0.7588207125663757
2921,0.046248868,1,CNV,1,0,0.5229977965354919
2922,0.28080875,1,CNV,1,0,0.5568568110466003
2924,0.2862727,1,CNV,1,0,0.7173905372619629
2925,0.08966798,1,CNV,1,0,0.4672865569591522
2926,0.026747921,1,CNV,1,0,0.5636228322982788
2931,0.15317336,1,CNV,1,0,0.7502057552337646
2934,0.0370129,1,CNV,1,0,0.6681719422340393
2936,0.16692026,1,CNV,1,0,0.748473048210144
2937,0.6549561,1,CNV,2,1,0.4366840720176697
2939,0.0127222305,1,CNV,1,0,0.4758571982383728
2941,0.18620653,1,CNV,1,0,0.54586261510849
2946,0.06250411,1,CNV,1,0,0.6013148427009583
2947,0.12441398,1,CNV,1,0,0.2693171799182892
2948,0.42400727,1,CNV,1,0,0.6137288808822632
2950,0.24539112,1,CNV,1,0,0.6360302567481995
2953,0.051292337,1,CNV,1,0,0.696754515171051
2956,0.067205936,1,CNV,1,0,0.5161565542221069
2957,0.028647624,1,CNV,1,0,0.4664791524410248
2958,0.15007746,1,CNV,1,0,0.521773636341095
2960,0.081433326,1,CNV,1,0,0.6843054294586182
2961,0.1908318,1,CNV,1,0,0.6935069561004639
2962,0.010668337,1,CNV,1,0,0.359176903963089
2966,0.11792215,1,CNV,1,0,0.6128937602043152
2967,0.261282,1,CNV,1,0,0.6027410626411438
2970,0.052783366,1,CNV,1,0,0.5806129574775696
2976,0.02849093,1,CNV,1,0,0.3278329372406006
2977,0.15745758,1,CNV,1,0,0.5961694121360779
2978,0.19488573,1,CNV,1,0,0.5229457020759583
2981,0.12755336,1,CNV,1,0,0.4777325391769409
2982,0.08678821,1,CNV,1,0,0.590606689453125
2984,0.23234035,1,CNV,1,0,0.6474421620368958
2985,0.11451626,1,CNV,1,0,0.6121894121170044
2987,0.2626748,1,CNV,1,0,0.6629468202590942
2991,0.03572166,1,CNV,1,0,0.5825937390327454
2993,0.047441058,1,CNV,1,0,0.5364648103713989
2995,0.005920249,1,CNV,1,0,0.5502175092697144
2996,0.07671773,1,CNV,1,0,0.3632417917251587
2999,0.16953866,1,CNV,1,0,0.7505249977111816
3001,0.254755,1,CNV,1,0,0.5436662435531616
3002,0.025450977,1,CNV,1,0,0.6244365572929382
3005,0.07660036,1,CNV,1,0,0.6283942461013794
3008,0.22522198,1,CNV,1,0,0.24979905784130096
3011,0.038077354,1,CNV,1,0,0.7033215165138245
3013,0.017523825,1,CNV,1,0,0.5862258672714233
3017,0.47200465,1,CNV,1,0,0.5167658925056458
3018,0.13929477,1,CNV,1,0,0.531607985496521
3019,0.031300858,1,CNV,1,0,0.5791258811950684
3020,0.01124581,1,CNV,1,0,0.605674684047699
3021,0.076208964,1,CNV,1,0,0.566687285900116
3023,0.030224508,1,CNV,1,0,0.4688149392604828
3025,0.050223064,1,CNV,1,0,0.6067577004432678
3026,0.06315924,1,CNV,1,0,0.5303828120231628
3027,0.03029449,1,CNV,1,0,0.6177845001220703
3029,0.2820409,1,CNV,1,0,0.5863208770751953
3030,0.0857747,1,CNV,1,0,0.6541609168052673
3031,0.21639878,1,CNV,1,0,0.20920993387699127
3032,0.17316215,1,CNV,1,0,0.5923488736152649
3039,0.13902868,1,CNV,1,0,0.539586067199707
3040,0.070031285,1,CNV,1,0,0.7601552605628967
3043,0.57766646,1,CNV,2,1,0.6510716080665588
3045,0.03971451,1,CNV,1,0,0.4822881519794464
3047,0.052108627,1,CNV,1,0,0.33779552578926086
3051,0.14347099,1,CNV,1,0,0.743731677532196
3056,0.09215156,1,CNV,1,0,0.6419918537139893
3057,0.052139964,1,CNV,1,0,0.12367787957191467
3058,0.16603914,1,CNV,1,0,0.5685059428215027
3061,0.03142896,1,CNV,1,0,0.5601039528846741
3065,0.12082872,1,CNV,1,0,0.6640998721122742
3071,0.07977548,1,CNV,1,0,0.5358024835586548
3075,0.022125043,1,CNV,1,0,0.5476052761077881
3076,0.08744797,1,CNV,1,0,0.6737010478973389
3077,0.34726346,1,CNV,1,0,0.42768406867980957
3079,0.048613045,1,CNV,1,0,0.515503466129303
3081,0.046048008,1,CNV,1,0,0.5578327178955078
3082,0.05296138,1,CNV,1,0,0.6560200452804565
3085,0.20363493,1,CNV,1,0,0.5282577276229858
3088,0.022558061,1,CNV,1,0,0.5460334420204163
3090,0.10903144,1,CNV,1,0,0.652875542640686
3093,0.0127180945,1,CNV,1,0,0.5067572593688965
3095,0.07690514,1,CNV,1,0,0.7055681347846985
3096,0.08659734,1,CNV,1,0,0.5439852476119995
3098,0.021519184,1,CNV,1,0,0.5056287050247192
3101,0.06011834,1,CNV,1,0,0.33497434854507446
3104,0.22361659,1,CNV,1,0,0.7133690714836121
3105,0.06953064,1,CNV,1,0,0.7189948558807373
3109,0.3949698,1,CNV,1,0,0.3986869156360626
3112,0.023991352,1,CNV,1,0,0.4787338078022003
3114,0.06841331,1,CNV,1,0,0.6383252739906311
3116,0.030111397,1,CNV,1,0,0.24336010217666626
3120,0.64699817,0,CNV,2,1,0.5365176200866699
3121,0.2501186,1,CNV,1,0,0.5838280916213989
3122,0.13484143,1,CNV,1,0,0.5763621926307678
3123,0.05815477,1,CNV,1,0,0.6397015452384949
3124,0.06533035,1,CNV,1,0,0.5548354983329773
3125,0.019355113,1,CNV,1,0,0.45237767696380615
3126,0.052044734,1,CNV,1,0,0.49201998114585876
3134,0.07624305,1,CNV,1,0,0.5594040751457214
3136,0.24834843,1,CNV,1,0,0.20378068089485168
3138,0.11203947,1,CNV,1,0,0.35009652376174927
3144,0.120784804,1,CNV,1,0,0.6558070182800293
3151,0.16237119,1,CNV,1,0,0.41514095664024353
3153,0.10434164,1,CNV,1,0,0.6411886215209961
3154,0.111651435,1,CNV,1,0,0.6154079437255859
3156,0.06068251,1,CNV,1,0,0.5820760726928711
3163,0.053964756,1,CNV,1,0,0.7339991331100464
3168,0.11973414,1,CNV,1,0,0.5927740335464478
3169,0.11968626,1,CNV,1,0,0.6211454272270203
3173,0.1845423,1,CNV,1,0,0.5345607399940491
3177,0.19772913,1,CNV,1,0,0.614942729473114
3185,0.118517414,1,CNV,1,0,0.17165294289588928
3189,0.021009117,1,CNV,1,0,0.2213817834854126
3190,0.0600421,1,CNV,1,0,0.843715488910675
3192,0.04967346,1,CNV,1,0,0.42745715379714966
3194,0.07353228,1,CNV,1,0,0.5382264852523804
3199,0.16947645,1,CNV,1,0,0.6105911135673523
3203,0.102182515,1,CNV,1,0,0.6734611988067627
3205,0.2298431,1,CNV,1,0,0.5974956750869751
3210,0.08283998,1,CNV,1,0,0.47898992896080017
3211,0.35867774,1,CNV,1,0,0.486057311296463
3214,0.08743523,1,CNV,1,0,0.6466152667999268
3215,0.05033028,1,CNV,1,0,0.6648867726325989
3216,0.106713645,1,CNV,1,0,0.6513270139694214
3220,0.043757368,1,CNV,1,0,0.5654508471488953
3221,0.105715804,1,CNV,1,0,0.804164707660675
3223,0.082599275,1,CNV,1,0,0.6067833304405212
3224,0.08646322,1,CNV,1,0,0.7030296921730042
3226,0.07118891,1,CNV,1,0,0.6421179175376892
3233,0.1131512,1,CNV,1,0,0.8058592081069946
3237,0.04486172,1,CNV,1,0,0.7442486882209778
3238,0.013122647,1,CNV,1,0,0.7580205798149109
3243,0.1404903,1,CNV,1,0,0.41561833024024963
3247,0.01776009,1,CNV,1,0,0.5869936943054199
3248,0.13509181,1,CNV,1,0,0.6131590008735657
3249,0.2377535,1,CNV,1,0,0.6340746879577637
3250,0.07247477,1,CNV,1,0,0.6988317966461182
3252,0.2620498,1,CNV,1,0,0.6719863414764404
3258,0.02700803,1,CNV,1,0,0.4555226266384125
3262,0.5216694,1,CNV,2,1,0.3870920240879059
3269,0.16818951,1,CNV,1,0,0.4960172176361084
3270,0.059227437,1,CNV,1,0,0.47259536385536194
3279,0.03262737,1,CNV,1,0,0.41711798310279846
3280,0.09164155,1,CNV,1,0,0.14246276021003723
3281,0.07430601,1,CNV,1,0,0.456861287355423
3287,0.09848273,1,CNV,1,0,0.4574761390686035
3288,0.084983714,1,CNV,1,0,0.5269867181777954
3290,0.10672,1,CNV,1,0,0.5491086840629578
3299,0.107741535,1,CNV,1,0,0.6511012315750122
3300,0.029637035,1,CNV,1,0,0.4653461277484894
3302,0.029025396,1,CNV,1,0,0.4727816581726074
3305,0.18531224,1,CNV,1,0,0.4504237771034241
3306,0.07770791,1,CNV,1,0,0.6155910491943359
3308,0.026864318,1,CNV,1,0,0.5940065383911133
3309,0.078217156,1,CNV,1,0,0.24409694969654083
3311,0.377736,1,CNV,1,0,0.6030645966529846
3322,0.04100993,1,CNV,1,0,0.4998774230480194
3325,0.019451968,1,CNV,1,0,0.4058283269405365
3330,0.354401,1,CNV,1,0,0.5746506452560425
3331,0.04696283,1,CNV,1,0,0.7020987272262573
3332,0.042453643,1,CNV,1,0,0.4723190665245056
3333,0.018296044,1,CNV,1,0,0.6956453323364258
3334,0.18376958,1,CNV,1,0,0.609494149684906
3337,0.13810503,1,CNV,1,0,0.6253036260604858
3338,0.044218518,1,CNV,1,0,0.6736594438552856
3339,0.11537431,1,CNV,1,0,0.36128705739974976
3347,0.13280508,1,CNV,1,0,0.6446745991706848
3348,0.05932722,1,CNV,1,0,0.7241371870040894
3349,0.1296987,1,CNV,1,0,0.6608562469482422
3357,0.08979286,1,CNV,1,0,0.7528208494186401
3359,0.09420915,1,CNV,1,0,0.5981648564338684
3361,0.18137676,1,CNV,1,0,0.7116678953170776
3362,0.008369152,1,CNV,1,0,0.5245979428291321
3363,0.22057557,1,CNV,1,0,0.7416420578956604
3365,0.04654889,1,CNV,1,0,0.48775315284729004
3366,0.060177162,1,CNV,1,0,0.38804924488067627
3373,0.0629452,1,CNV,1,0,0.7659107446670532
3375,0.32595968,1,CNV,1,0,0.6099705100059509
3376,0.1610133,1,CNV,1,0,0.585608720779419
3381,0.05265801,1,CNV,1,0,0.19889581203460693
3382,0.19256775,1,CNV,1,0,0.49443790316581726
3383,0.1312072,1,CNV,1,0,0.22306941449642181
3385,0.08130246,1,CNV,1,0,0.7155028581619263
3386,0.11644664,1,CNV,1,0,0.7196212410926819
3387,0.073201284,1,CNV,1,0,0.6422765254974365
3388,0.42871988,1,CNV,1,0,0.6415532231330872
3396,0.019676503,1,CNV,1,0,0.6165729761123657
3397,0.17457083,1,CNV,1,0,0.7401736378669739
3400,0.206968,1,CNV,1,0,0.21140900254249573
3405,0.40847707,1,CNV,1,0,0.5331980586051941
3409,0.10294723,1,CNV,1,0,0.7500694394111633
3412,0.13111189,1,CNV,1,0,0.5974220037460327
3413,0.026757615,1,CNV,1,0,0.5685366988182068
3417,0.029900538,1,CNV,1,0,0.756296694278717
3419,0.21936162,1,CNV,1,0,0.6339359283447266
3422,0.57477117,1,CNV,2,1,0.6292439699172974
3426,0.012575993,1,CNV,1,0,0.8196730613708496
3427,0.020255137,1,CNV,1,0,0.47308504581451416
3429,0.08611015,1,CNV,1,0,0.6901382803916931
3431,0.05285895,1,CNV,1,0,0.6303980946540833
3437,0.12325973,1,CNV,1,0,0.41197699308395386
3438,0.120246425,1,CNV,1,0,0.3675007224082947
3441,0.14141388,1,CNV,1,0,0.5807361006736755
3442,0.1164557,1,CNV,1,0,0.6883468627929688
3448,0.099895455,1,CNV,1,0,0.6429306268692017
3450,0.04904276,1,CNV,1,0,0.7531580328941345
3451,0.04941499,1,CNV,1,0,0.6248195767402649
3453,0.061209504,1,CNV,1,0,0.5848084092140198
3457,0.094704874,1,CNV,1,0,0.5401338934898376
3459,0.071478195,1,CNV,1,0,0.5730518698692322
3460,0.09528193,1,CNV,1,0,0.5694094300270081
3464,0.14631948,1,CNV,1,0,0.7284398674964905
3465,0.025741385,1,CNV,1,0,0.26465433835983276
3466,0.11835864,1,CNV,1,0,0.7030948400497437
3467,0.041885093,1,CNV,1,0,0.5260017514228821
3468,0.012589133,1,CNV,1,0,0.3202730417251587
3472,0.23752922,1,CNV,1,0,0.6794109344482422
3475,0.28737214,1,CNV,1,0,0.4688941538333893
3478,0.16126339,1,CNV,1,0,0.525005042552948
3482,0.038085654,1,CNV,1,0,0.20435893535614014
3485,0.07884027,1,CNV,1,0,0.4981849193572998
3487,0.07599807,1,CNV,1,0,0.7022528648376465
3491,0.27838582,1,CNV,1,0,0.6949712038040161
3494,0.3264394,1,CNV,1,0,0.5093444585800171
3497,0.050250765,1,CNV,1,0,0.6637135744094849
3499,0.07957888,1,CNV,1,0,0.7011998295783997
3500,0.04128313,1,CNV,1,0,0.6510652303695679
3503,0.06667447,1,CNV,1,0,0.3320768475532532
3506,0.10829034,1,CNV,1,0,0.5795750617980957
3507,0.15899254,1,CNV,1,0,0.6963527202606201
3508,0.5988977,1,CNV,1,0,0.5465854406356812
3511,0.2562426,1,CNV,1,0,0.7686770558357239
3513,0.1277192,1,CNV,1,0,0.555964469909668
3515,0.026299765,1,CNV,1,0,0.14519505202770233
3516,0.17095268,1,CNV,1,0,0.502921462059021
3517,0.17809105,1,CNV,1,0,0.6651118993759155
3520,0.07281611,1,CNV,1,0,0.6668204665184021
3521,0.07839796,1,CNV,1,0,0.5690934062004089
3523,0.08407651,1,CNV,1,0,0.7019756436347961
3525,0.04948719,1,CNV,1,0,0.5018247365951538
3531,0.428782,1,CNV,1,0,0.47273868322372437
3535,0.040279295,1,CNV,1,0,0.783332347869873
3538,0.11186451,1,CNV,1,0,0.6372461915016174
3539,0.22494547,1,CNV,1,0,0.5963638424873352
3540,0.0725491,1,CNV,1,0,0.6659765243530273
3541,0.1654584,1,CNV,1,0,0.2543383836746216
3544,0.069860905,1,CNV,1,0,0.6689876914024353
3545,0.13275304,1,CNV,1,0,0.4313583970069885
3547,0.055149138,1,CNV,1,0,0.5216259956359863
3549,0.10186083,1,CNV,1,0,0.6235525608062744
3553,0.26627278,1,CNV,1,0,0.6040782928466797
3554,0.029031197,1,CNV,1,0,0.5552045702934265
3557,0.030964948,1,CNV,1,0,0.7055211067199707
3568,0.0976662,1,CNV,1,0,0.6926049590110779
3570,0.01899734,1,CNV,1,0,0.6680885553359985
3573,0.058143266,1,CNV,1,0,0.7369228601455688
3574,0.33841476,1,CNV,1,0,0.6699198484420776
3577,0.24656895,1,CNV,1,0,0.45667144656181335
3578,0.124053165,1,CNV,1,0,0.422011137008667
3579,0.08137051,1,CNV,1,0,0.7859945893287659
3580,0.04908504,1,CNV,1,0,0.6557252407073975
3583,0.16923226,1,CNV,1,0,0.7325165867805481
3588,0.080580786,1,CNV,1,0,0.8002503514289856
3590,0.12001183,1,CNV,1,0,0.5878002047538757
3597,0.3838868,1,CNV,1,0,0.5991716980934143
3600,0.07637051,1,CNV,1,0,0.5377578139305115
3602,0.08521447,1,CNV,1,0,0.5801144242286682
3603,0.045935627,1,CNV,1,0,0.8006739020347595
3607,0.16063404,1,CNV,1,0,0.4513438940048218
3610,0.25559676,1,CNV,1,0,0.4316999018192291
3612,0.12685339,1,CNV,1,0,0.6894981265068054
3613,0.010767319,1,CNV,1,0,0.5000868439674377
3617,0.021178734,1,CNV,1,0,0.48820924758911133
3618,0.1491944,1,CNV,1,0,0.5450068712234497
3624,0.6922998,0,CNV,2,1,0.6349643468856812
3625,0.08266019,1,CNV,1,0,0.7489681243896484
3627,0.12678641,1,CNV,1,0,0.7582941651344299
3629,0.23474006,1,CNV,1,0,0.6486728191375732
3633,0.04120413,1,CNV,1,0,0.6481170058250427
3634,0.10832608,1,CNV,1,0,0.44400572776794434
3636,0.09799609,1,CNV,1,0,0.5278975963592529
3638,0.037509102,1,CNV,1,0,0.6696737408638
3640,0.24288836,1,CNV,1,0,0.5500187277793884
3641,0.11631139,1,CNV,1,0,0.4239667057991028
3642,0.07955754,1,CNV,1,0,0.6378352046012878
3643,0.12810606,1,CNV,1,0,0.6157760620117188
3645,0.02078294,1,CNV,1,0,0.5579845905303955
3648,0.0371507,1,CNV,1,0,0.7773739695549011
3649,0.1460122,1,CNV,1,0,0.6613051295280457
3650,0.10940425,1,CNV,1,0,0.6458880305290222
3653,0.05220807,1,CNV,1,0,0.4755716323852539
3655,0.10133105,1,CNV,1,0,0.44696369767189026
3656,0.016272752,1,CNV,1,0,0.69349604845047
3658,0.07064611,1,CNV,1,0,0.6714291572570801
3659,0.12080482,1,CNV,1,0,0.5939851999282837
3660,0.076375544,1,CNV,1,0,0.7553706169128418
3665,0.054999895,1,CNV,1,0,0.7387654781341553
3666,0.057127524,1,CNV,1,0,0.7133772373199463
3667,0.14873165,1,CNV,1,0,0.5168464183807373
3673,0.39293402,1,CNV,1,0,0.2320990413427353
3674,0.29211706,1,CNV,1,0,0.30490800738334656
3675,0.018053638,1,CNV,1,0,0.15242959558963776
3677,0.06272522,1,CNV,1,0,0.6167023777961731
3678,0.011611759,1,CNV,1,0,0.5600438714027405
3680,0.26620373,1,CNV,1,0,0.5985799431800842
3684,0.22275159,1,CNV,1,0,0.47892704606056213
3685,0.11187419,1,CNV,1,0,0.6662992238998413
3686,0.478945,1,CNV,1,0,0.3716805577278137
3689,0.12591057,1,CNV,1,0,0.3119383156299591
3693,0.32925928,1,CNV,1,0,0.5801215767860413
3696,0.10054578,1,CNV,1,0,0.4574761390686035
3698,0.12657644,1,CNV,1,0,0.7659791111946106
3701,0.13385247,1,CNV,1,0,0.4895426034927368
3702,0.1438834,1,CNV,1,0,0.791242778301239
3705,0.36762878,1,CNV,1,0,0.7576338052749634
3706,0.120183125,1,CNV,1,0,0.5677981972694397
3710,0.032467544,1,CNV,1,0,0.580570638179779
3712,0.036652505,1,CNV,1,0,0.4661506414413452
3714,0.029630931,1,CNV,1,0,0.7297526597976685
3716,0.13334285,1,CNV,1,0,0.6875237226486206
3717,0.165775,1,CNV,1,0,0.6399070024490356
3720,0.33226404,1,CNV,1,0,0.5545520782470703
3721,0.03562491,1,CNV,1,0,0.6661009788513184
3722,0.075571194,1,CNV,1,0,0.5504887700080872
3723,0.15261197,1,CNV,1,0,0.6759128570556641
3734,0.04285968,1,CNV,1,0,0.766495406627655
3735,0.015752176,1,CNV,1,0,0.2637365162372589
3736,0.11771956,1,CNV,1,0,0.5814874768257141
3739,0.045171227,1,CNV,1,0,0.7053331732749939
3741,0.17516601,1,CNV,1,0,0.47167298197746277
3744,0.07262919,1,CNV,1,0,0.3453684449195862
3745,0.04696999,1,CNV,1,0,0.25463852286338806
3750,0.039632943,1,CNV,1,0,0.5916942954063416
3754,0.06007235,1,CNV,1,0,0.550923228263855
3755,0.10568866,1,CNV,1,0,0.7372971177101135
3759,0.07063015,1,CNV,1,0,0.6982846856117249
3763,0.05618568,1,CNV,1,0,0.7101788520812988
3764,0.010007386,1,CNV,1,0,0.6519083976745605
3766,0.014198464,1,CNV,1,0,0.3995169699192047
3767,0.28833213,1,CNV,1,0,0.4267096221446991
3768,0.03787587,1,CNV,1,0,0.19634917378425598
3772,0.017981075,1,CNV,1,0,0.5336783528327942
3773,0.12696604,1,CNV,1,0,0.5326043367385864
3778,0.10084687,1,CNV,1,0,0.689997673034668
3782,0.116995625,1,CNV,1,0,0.5729207992553711
3783,0.025679005,1,CNV,1,0,0.47452688217163086
3784,0.20814389,1,CNV,1,0,0.6603215932846069
3785,0.060280666,1,CNV,1,0,0.5496042966842651
3786,0.028989837,1,CNV,1,0,0.624202311038971
3788,0.5019741,1,CNV,1,0,0.2581585943698883
3789,0.13368858,1,CNV,1,0,0.5683373808860779
3793,0.06746771,1,CNV,1,0,0.45550474524497986
3796,0.026712952,1,CNV,1,0,0.4614117741584778
3797,0.12942415,1,CNV,1,0,0.6949882507324219
3798,0.20853102,1,CNV,1,0,0.5425345301628113
3800,0.09624341,1,CNV,1,0,0.5808680057525635
3803,0.17042786,1,CNV,1,0,0.6329136490821838
3805,0.08369154,1,CNV,1,0,0.49050676822662354
3806,0.066954605,1,CNV,1,0,0.7046939730644226
3807,0.15435547,1,CNV,1,0,0.5680919885635376
3812,0.05353563,1,CNV,1,0,0.42342475056648254
3816,0.034167614,1,CNV,1,0,0.5984900593757629
3818,0.44275355,1,CNV,1,0,0.6403363347053528
3821,0.039435953,1,CNV,1,0,0.5779430866241455
3825,0.07326947,1,CNV,1,0,0.6613654494285583
3827,0.1315193,1,CNV,1,0,0.6987369060516357
3829,0.16242881,1,CNV,1,0,0.6156874895095825
3830,0.068732314,1,CNV,1,0,0.5658544898033142
3835,0.02589412,1,CNV,1,0,0.6750145554542542
3838,0.6091534,0,CNV,2,1,0.6570463180541992
3839,0.07501743,1,CNV,1,0,0.5639162063598633
3840,0.043569468,1,CNV,1,0,0.5840109586715698
3841,0.032674816,1,CNV,1,0,0.47267183661460876
3844,0.24066785,1,CNV,1,0,0.6055447459220886
3849,0.11058637,1,CNV,1,0,0.512283980846405
3850,0.03323495,1,CNV,1,0,0.49672794342041016
3853,0.01414086,1,CNV,1,0,0.6642776727676392
3856,0.04638175,1,CNV,1,0,0.7107596397399902
3859,0.032413345,1,CNV,1,0,0.43927001953125
3862,0.091379054,1,CNV,1,0,0.47914546728134155
3864,0.034403246,1,CNV,1,0,0.6402366161346436
3865,0.22639705,1,CNV,1,0,0.6180535554885864
3872,0.04182746,1,CNV,1,0,0.5366790890693665
3873,0.02650341,1,CNV,1,0,0.6284347176551819
3877,0.032940507,1,CNV,1,0,0.5515157580375671
3887,0.047040157,1,CNV,1,0,0.7798717021942139
3889,0.02075545,1,CNV,1,0,0.4910678267478943
3895,0.11502216,1,CNV,1,0,0.6721503138542175
3897,0.062149286,1,CNV,1,0,0.5586779713630676
3898,0.020633167,1,CNV,1,0,0.7421309947967529
3899,0.26597476,1,CNV,1,0,0.6870917081832886
3905,0.21466134,1,CNV,1,0,0.8065458536148071
3906,0.046858437,1,CNV,1,0,0.5248910784721375
3907,0.07006007,1,CNV,1,0,0.3359096646308899
3909,0.0772494,1,CNV,1,0,0.5290204882621765
3910,0.19628619,1,CNV,1,0,0.5529978275299072
3916,0.039859068,1,CNV,1,0,0.5798752307891846
3917,0.6382427,1,CNV,2,1,0.484464555978775
3920,0.03360726,1,CNV,1,0,0.5652631521224976
3921,0.06713473,1,CNV,1,0,0.12401635199785233
3922,0.055142988,1,CNV,1,0,0.4926563799381256
3929,0.056041487,1,CNV,1,0,0.5324810743331909
3930,0.36679325,1,CNV,1,0,0.43877217173576355
3934,0.69050163,0,CNV,2,1,0.5172304511070251
3937,0.3694568,1,CNV,1,0,0.5472363829612732
3938,0.15328914,1,CNV,1,0,0.6292948722839355
3939,0.08693909,1,CNV,1,0,0.7443819046020508
3940,0.06674312,1,CNV,1,0,0.6452996134757996
3942,0.3915928,1,CNV,1,0,0.21390525996685028
3950,0.06554075,1,CNV,1,0,0.5503020882606506
3952,0.013816243,1,CNV,1,0,0.45123037695884705
3955,0.14042592,1,CNV,1,0,0.693892776966095
3958,0.042636573,1,CNV,1,0,0.656872034072876
3962,0.063867345,1,CNV,1,0,0.1668667495250702
3963,0.110756926,1,CNV,1,0,0.7990660071372986
3968,0.15112275,1,CNV,1,0,0.6259604692459106
3972,0.1612232,1,CNV,1,0,0.6638273000717163
3973,0.5231848,1,CNV,2,1,0.2805849015712738
3974,0.021279145,1,CNV,1,0,0.5829562544822693
3975,0.047840286,1,CNV,1,0,0.595467746257782
3976,0.027325246,1,CNV,1,0,0.4689827263355255
3978,0.029314945,1,CNV,1,0,0.5938754677772522
3982,0.032025803,1,CNV,1,0,0.4893958270549774
3985,0.07006849,1,CNV,1,0,0.6585832238197327
3988,0.0252584,1,CNV,1,0,0.5895029902458191
3989,0.40306875,0,CNV,1,0,0.269243061542511
3990,0.074411795,1,CNV,1,0,0.6301923394203186
3991,0.05341402,1,CNV,1,0,0.504503071308136
3992,0.026447376,1,CNV,1,0,0.5175032615661621
3993,0.07026967,1,CNV,1,0,0.7095126509666443
3998,0.06276366,1,CNV,1,0,0.7276345491409302
4002,0.028046977,1,CNV,1,0,0.5844096541404724
4004,0.05529234,1,CNV,1,0,0.7622950077056885
4005,0.015064105,1,CNV,1,0,0.5771238207817078
4007,0.07455558,1,CNV,1,0,0.5628158450126648
4011,0.34290355,1,CNV,1,0,0.6911269426345825
4012,0.17409635,1,CNV,1,0,0.5161461234092712
4018,0.07219903,1,CNV,1,0,0.4919224977493286
4020,0.08659535,1,CNV,1,0,0.5156055688858032
4023,0.21499617,1,CNV,1,0,0.6107015609741211
4030,0.2503459,1,CNV,1,0,0.7152894139289856
4032,0.39499468,1,CNV,1,0,0.5553514957427979
4041,0.10839852,1,CNV,1,0,0.532729983329773
4043,0.17578435,1,CNV,1,0,0.5517973303794861
4044,0.05882593,1,CNV,1,0,0.4889023005962372
4053,0.16657425,1,CNV,1,0,0.7096380591392517
4055,0.057695657,1,CNV,1,0,0.6518346667289734
4056,0.090875566,1,CNV,1,0,0.5342913269996643
4060,0.09637712,1,CNV,1,0,0.5221123695373535
4064,0.093084455,1,CNV,1,0,0.542249858379364
4065,0.14018731,1,CNV,1,0,0.4202045202255249
4068,0.02633738,1,CNV,1,0,0.36223936080932617
4071,0.24359956,1,CNV,1,0,0.6726142764091492
4072,0.054870423,1,CNV,1,0,0.527250349521637
4074,0.09299068,1,CNV,1,0,0.20245879888534546
4076,0.13046446,1,CNV,1,0,0.504246175289154
4079,0.028228436,1,CNV,1,0,0.6086273193359375
4080,0.026138673,1,CNV,1,0,0.4045434296131134
4082,0.035907343,1,CNV,1,0,0.6667839288711548
4083,0.010515357,1,CNV,1,0,0.4316690266132355
4085,0.58425796,1,CNV,2,1,0.7550657391548157
4086,0.13564101,1,CNV,1,0,0.34530526399612427
4087,0.2456171,1,CNV,1,0,0.4356864094734192
4091,0.59558195,1,CNV,2,1,0.6157900094985962
4092,0.023342848,1,CNV,1,0,0.584669828414917
4093,0.11932627,1,CNV,1,0,0.6220977306365967
4099,0.04607189,1,CNV,1,0,0.24932421743869781
4100,0.16344465,1,CNV,1,0,0.3801879286766052
4103,0.04875808,1,CNV,1,0,0.5817536115646362
4104,0.07626913,1,CNV,1,0,0.8135574460029602
4108,0.08535507,1,CNV,1,0,0.5550130605697632
4109,0.02689809,1,CNV,1,0,0.6003672480583191
4111,0.23650627,1,CNV,1,0,0.6399340629577637
4113,0.043966554,1,CNV,1,0,0.8176053762435913
4116,0.13139383,1,CNV,1,0,0.7164504528045654
4117,0.10459614,1,CNV,1,0,0.4902770221233368
4120,0.12340518,1,CNV,1,0,0.5946921110153198
4122,0.25205836,1,CNV,1,0,0.6796529293060303
4125,0.08626202,1,CNV,1,0,0.59670490026474
4128,0.18543735,1,CNV,1,0,0.31822019815444946
4129,0.06216865,1,CNV,1,0,0.4660874009132385
4130,0.22205976,1,CNV,1,0,0.5798161625862122
4133,0.050079457,1,CNV,1,0,0.7335435152053833
4134,0.17469153,1,CNV,1,0,0.7385690212249756
4135,0.06543439,1,CNV,1,0,0.4981849193572998
4137,0.017191773,1,CNV,1,0,0.2798020839691162
4138,0.35024634,1,CNV,1,0,0.5348947644233704
4140,0.019362204,1,CNV,1,0,0.6529753804206848
4145,0.07591333,1,CNV,1,0,0.6739912629127502
4147,0.064667,1,CNV,1,0,0.5241207480430603
4151,0.45752195,1,CNV,1,0,0.44524404406547546
4153,0.11644804,1,CNV,1,0,0.5029730796813965
4154,0.055860687,1,CNV,1,0,0.7086606621742249
4155,0.011560552,1,CNV,1,0,0.14071479439735413
4157,0.12142693,1,CNV,1,0,0.7305245995521545
4159,0.06995528,1,CNV,1,0,0.55675208568573
4161,0.09317945,1,CNV,1,0,0.5199525952339172
4164,0.12801397,1,CNV,1,0,0.4975842237472534
4165,0.29982582,1,CNV,1,0,0.6194179058074951
4168,0.066865854,1,CNV,1,0,0.12951213121414185
4170,0.11658014,1,CNV,1,0,0.5413132309913635
4172,0.08361707,1,CNV,1,0,0.5537785887718201
4178,0.07783229,1,CNV,1,0,0.5462113618850708
4181,0.042767312,1,CNV,1,0,0.4418048560619354
4182,0.08972709,1,CNV,1,0,0.5300707221031189
4183,0.13366592,1,CNV,1,0,0.43046626448631287
4184,0.08066128,1,CNV,1,0,0.6701077818870544
4186,0.023766978,1,CNV,1,0,0.4082762598991394
4193,0.065398864,1,CNV,1,0,0.559808075428009
4194,0.10331199,1,CNV,1,0,0.6875945925712585
4197,0.21744713,1,CNV,1,0,0.8061940670013428
4198,0.0716745,1,CNV,1,0,0.2806374430656433
4202,0.047334407,1,CNV,1,0,0.5811287760734558
4203,0.019272,1,CNV,1,0,0.5877224206924438
4204,0.17110266,1,CNV,1,0,0.46796274185180664
4207,0.03679703,1,CNV,1,0,0.6718875765800476
4208,0.14664516,1,CNV,1,0,0.7351012229919434
4216,0.61427665,0,CNV,2,1,0.7339370250701904
4227,0.3575582,1,CNV,1,0,0.4683944582939148
4230,0.07207832,1,CNV,1,0,0.5495746731758118
4233,0.05843157,1,CNV,1,0,0.5891145467758179
4239,0.09830161,1,CNV,1,0,0.7063848376274109
4241,0.06113108,1,CNV,1,0,0.47061365842819214
4242,0.35035047,1,CNV,1,0,0.591903805732727
4246,0.13604997,1,CNV,1,0,0.6823066473007202
4247,0.24479528,1,CNV,1,0,0.618043839931488
4248,0.036990426,1,CNV,1,0,0.7944165468215942
4250,0.0353574,1,CNV,1,0,0.6293962001800537
4255,0.0763216,1,CNV,1,0,0.5943407416343689
4273,0.23160447,1,CNV,1,0,0.6105178594589233
4276,0.04518118,1,CNV,1,0,0.43701931834220886
4283,0.077818826,1,CNV,1,0,0.7537538409233093
4285,0.032101147,1,CNV,1,0,0.742863655090332
4291,0.15054809,1,CNV,1,0,0.6618261337280273
4295,0.013705745,1,CNV,1,0,0.3853157162666321
4300,0.04881758,1,CNV,1,0,0.6600282788276672
4301,0.171795,1,CNV,1,0,0.5831785202026367
4302,0.08949365,1,CNV,1,0,0.5411605834960938
4303,0.12745398,1,CNV,1,0,0.7536226511001587
4308,0.09228863,1,CNV,1,0,0.5945252180099487
4310,0.0505205,1,CNV,1,0,0.5424919724464417
4312,0.07843273,1,CNV,1,0,0.47853466868400574
4316,0.039131477,1,CNV,1,0,0.49461042881011963
4319,0.113314286,1,CNV,1,0,0.5667788982391357
4322,0.07318051,1,CNV,1,0,0.6713964939117432
4323,0.04579991,1,CNV,1,0,0.6108828186988831
4324,0.046203107,1,CNV,1,0,0.5461142659187317
4326,0.12017247,1,CNV,1,0,0.4494265019893646
4328,0.17123489,1,CNV,1,0,0.7156239151954651
4332,0.12264085,1,CNV,1,0,0.4664842486381531
4333,0.13905148,1,CNV,1,0,0.6481104493141174
4334,0.06591429,1,CNV,1,0,0.651403546333313
4344,0.64992255,0,CNV,2,1,0.5264265537261963
4345,0.08407986,1,CNV,1,0,0.49292823672294617
4351,0.11957217,1,CNV,1,0,0.7319927215576172
4353,0.6875554,0,CNV,2,1,0.5315477252006531
4354,0.078684665,1,CNV,1,0,0.6264592409133911
4355,0.2643441,1,CNV,1,0,0.4875320792198181
4357,0.06963582,1,CNV,1,0,0.7112594246864319
4360,0.028367087,1,CNV,1,0,0.24254615604877472
4361,0.113994524,1,CNV,1,0,0.592930793762207
4366,0.049279563,1,CNV,1,0,0.4745505452156067
4371,0.25781944,1,CNV,1,0,0.7865872979164124
4373,0.048516735,1,CNV,1,0,0.6056643128395081
4376,0.3422722,1,CNV,1,0,0.5389837622642517
4379,0.1628687,1,CNV,1,0,0.444798082113266
4381,0.054661702,1,CNV,1,0,0.6275709867477417
4386,0.13039885,1,CNV,1,0,0.5597111582756042
4387,0.021601513,1,CNV,1,0,0.510680079460144
4389,0.06108068,1,CNV,1,0,0.4756419360637665
4390,0.15166818,1,CNV,1,0,0.548613429069519
4392,0.26690322,1,CNV,1,0,0.5606648921966553
4396,0.10257928,1,CNV,1,0,0.5808815956115723
4398,0.12055235,1,CNV,1,0,0.5448984503746033
4399,0.9199785,0,CNV,2,1,0.39237332344055176
4401,0.21039663,1,CNV,1,0,0.7187094688415527
4402,0.031134719,1,CNV,1,0,0.5283311009407043
4403,0.168998,1,CNV,1,0,0.475737065076828
4406,0.3295692,1,CNV,1,0,0.6484379768371582
4407,0.08211483,1,CNV,1,0,0.5529558062553406
4412,0.098468505,1,CNV,1,0,0.47086238861083984
4413,0.24562794,1,CNV,1,0,0.5268769860267639
4415,0.052691024,1,CNV,1,0,0.40073779225349426
4418,0.038305584,1,CNV,1,0,0.19234277307987213
4419,0.63823193,0,CNV,2,1,0.7242287397384644
4422,0.1279769,1,CNV,1,0,0.7324984669685364
4423,0.09822398,1,CNV,1,0,0.7319272756576538
4426,0.1554016,1,CNV,1,0,0.47264888882637024
4429,0.08664703,1,CNV,1,0,0.5148363709449768
4432,0.14061236,1,CNV,1,0,0.6018881797790527
4435,0.15465893,1,CNV,1,0,0.4962749779224396
4444,0.0722691,1,CNV,1,0,0.6086916923522949
4446,0.08430554,1,CNV,1,0,0.5992853045463562
4450,0.07119885,1,CNV,1,0,0.6400595307350159
4452,0.08628669,1,CNV,1,0,0.6881201267242432
4454,0.090001814,1,CNV,1,0,0.6957745552062988
4456,0.016172545,1,CNV,1,0,0.5742318034172058
4457,0.113695644,1,CNV,1,0,0.46745216846466064
4460,0.0662992,1,CNV,1,0,0.43332797288894653
4462,0.03187071,1,CNV,1,0,0.46208053827285767
4464,0.11395016,1,CNV,1,0,0.5974449515342712
4468,0.47199175,1,CNV,1,0,0.5210715532302856
4473,0.10778317,1,CNV,1,0,0.6121894121170044
4474,0.1628496,1,CNV,1,0,0.6688187718391418
4476,0.02576653,1,CNV,1,0,0.24743236601352692
4477,0.04367186,1,CNV,1,0,0.6915491223335266
4480,0.024336077,1,CNV,1,0,0.5408888459205627
4481,0.10333706,1,CNV,1,0,0.4915931224822998
4484,0.025785418,1,CNV,1,0,0.23889495432376862
4486,0.25953043,1,CNV,1,0,0.5573181509971619
4491,0.2646184,1,CNV,1,0,0.613231360912323
4492,0.24925369,1,CNV,1,0,0.6322637796401978
4495,0.18845661,1,CNV,1,0,0.4107246696949005
4497,0.027255986,1,CNV,1,0,0.7246524691581726
4498,0.025749426,1,CNV,1,0,0.6853992938995361
4499,0.088817395,1,CNV,1,0,0.4954111576080322
4501,0.19806017,1,CNV,1,0,0.5947897434234619
4502,0.026138933,1,CNV,1,0,0.13869155943393707
4504,0.13761348,1,CNV,1,0,0.39641857147216797
4507,0.038636692,1,CNV,1,0,0.7164573669433594
4510,0.036021773,1,CNV,1,0,0.29827719926834106
4519,0.014355328,1,CNV,1,0,0.4562673270702362
4521,0.0685083,1,CNV,1,0,0.42288073897361755
4530,0.10187361,1,CNV,1,0,0.5169823169708252
4532,0.14403939,1,CNV,1,0,0.6596831679344177
4533,0.0427661,1,CNV,1,0,0.5748129487037659
4535,0.22756621,1,CNV,1,0,0.6280337572097778
4538,0.31198058,1,CNV,1,0,0.6347816586494446
4542,0.014005769,1,CNV,1,0,0.5980322360992432
4546,0.15525535,1,CNV,1,0,0.5690388083457947
4547,0.12406492,1,CNV,1,0,0.5955967307090759
4548,0.12756923,1,CNV,1,0,0.6868045330047607
4549,0.05127146,1,CNV,1,0,0.304560124874115
4553,0.02866454,1,CNV,1,0,0.5875434875488281
4554,0.0670101,1,CNV,1,0,0.5183814167976379
4555,0.09760254,1,CNV,1,0,0.44889184832572937
4556,0.051341213,1,CNV,1,0,0.6157591342926025
4558,0.05728518,1,CNV,1,0,0.5516141653060913
4562,0.05060493,1,CNV,1,0,0.6902373433113098
4566,0.07326075,1,CNV,1,0,0.6191475987434387
4569,0.074489556,1,CNV,1,0,0.7264187335968018
4571,0.04807268,1,CNV,1,0,0.5767654776573181
4573,0.11395547,1,CNV,1,0,0.6627340316772461
4575,0.06022042,1,CNV,1,0,0.6236024498939514
4576,0.033575736,1,CNV,1,0,0.317846417427063
4580,0.026922595,1,CNV,1,0,0.3413721024990082
4585,0.17151476,1,CNV,1,0,0.37762650847435
4587,0.10926255,1,CNV,1,0,0.6602981090545654
4588,0.029443983,1,CNV,1,0,0.7267924547195435
4590,0.04506222,1,CNV,1,0,0.5653612017631531
4591,0.11890734,1,CNV,1,0,0.5919276475906372
4593,0.06980859,1,CNV,1,0,0.6748855113983154
4594,0.09029495,1,CNV,1,0,0.5048091411590576
4597,0.022509871,1,CNV,1,0,0.19532306492328644
4598,0.113158986,1,CNV,1,0,0.6518293023109436
4601,0.049995158,1,CNV,1,0,0.6736192107200623
4602,0.059762873,1,CNV,1,0,0.6564093232154846
4605,0.018280666,0,CNV,1,0,0.01858557015657425
4606,0.15185925,1,CNV,1,0,0.6212063431739807
4608,0.75965655,0,CNV,2,1,0.5630311369895935
4609,0.01852183,1,CNV,1,0,0.38256940245628357
4611,0.067320615,1,CNV,1,0,0.39328521490097046
4613,0.19121924,1,CNV,1,0,0.5294560790061951
4614,0.60879266,1,CNV,2,1,0.4526425004005432
4615,0.03043464,1,CNV,1,0,0.7481303215026855
4616,0.15244001,1,CNV,1,0,0.6897311210632324
4617,0.048565887,1,CNV,1,0,0.7637654542922974
4618,0.14741504,1,CNV,1,0,0.6634734869003296
4619,0.03355694,1,CNV,1,0,0.6920652389526367
4620,0.07383105,1,CNV,1,0,0.20657819509506226
4621,0.25068578,1,CNV,1,0,0.6046469211578369
4625,0.28399634,1,CNV,1,0,0.5407488346099854
4626,0.027613852,1,CNV,1,0,0.5137385725975037
4627,0.051231038,1,CNV,1,0,0.3984656035900116
4628,0.05462197,1,CNV,1,0,0.5780556797981262
4631,0.05289575,1,CNV,1,0,0.5781531929969788
4635,0.1478444,1,CNV,1,0,0.6502829194068909
4637,0.12883677,1,CNV,1,0,0.8161562085151672
4650,0.23304407,1,CNV,1,0,0.6064046025276184
4654,0.19109504,1,CNV,1,0,0.6955569386482239
4655,0.09350089,1,CNV,1,0,0.6417422294616699
4658,0.050642006,1,CNV,1,0,0.5696921348571777
4659,0.25840735,1,CNV,1,0,0.37168195843696594
4663,0.30114472,1,CNV,1,0,0.24325169622898102
4664,0.23692212,1,CNV,1,0,0.7452688217163086
4667,0.0787771,1,CNV,1,0,0.6005592346191406
4672,0.10442522,1,CNV,1,0,0.7291774749755859
4676,0.60663104,1,CNV,2,1,0.5993679165840149
4679,0.0766502,1,CNV,1,0,0.682266891002655
4681,0.16912119,1,CNV,1,0,0.5074074268341064
4683,0.023860155,1,CNV,1,0,0.5809679627418518
4684,0.23417152,1,CNV,1,0,0.6399307250976562
4685,0.08648954,1,CNV,1,0,0.647695779800415
4686,0.03605912,1,CNV,1,0,0.6718427538871765
4689,0.06351175,1,CNV,1,0,0.7201780676841736
4692,0.35249287,1,CNV,1,0,0.6020070314407349
4694,0.12303367,1,CNV,1,0,0.5423824787139893
4696,0.1845847,1,CNV,1,0,0.6318888068199158
4700,0.024316318,1,CNV,1,0,0.4200393557548523
4709,0.21872695,1,CNV,1,0,0.5910256505012512
4711,0.048137605,1,CNV,1,0,0.5095973014831543
4716,0.11357725,1,CNV,1,0,0.6392940878868103
4718,0.5097155,1,CNV,1,0,0.8095888495445251
4719,0.541357,1,CNV,1,0,0.7112419009208679
4721,0.06730795,1,CNV,1,0,0.5543064475059509
4722,0.09921396,1,CNV,1,0,0.5891757607460022
4725,0.14316967,1,CNV,1,0,0.5204761028289795
4728,0.06117166,1,CNV,1,0,0.7588263750076294
4729,0.019747488,1,CNV,1,0,0.4852956235408783
4730,0.1618416,1,CNV,1,0,0.43680569529533386
4733,0.046067055,1,CNV,1,0,0.6213022470474243
4735,0.028533872,1,CNV,1,0,0.35190799832344055
4736,0.24248771,1,CNV,1,0,0.4928547441959381
4740,0.013932095,1,CNV,1,0,0.15317896008491516
4742,0.03490837,1,CNV,1,0,0.5038131475448608
4748,0.09361992,1,CNV,1,0,0.5800310969352722
4749,0.22439617,1,CNV,1,0,0.7652368545532227
4751,0.08826579,1,CNV,1,0,0.4743279218673706
4756,0.21579266,1,CNV,1,0,0.6183914542198181
4759,0.11107621,1,CNV,1,0,0.6992295980453491
4763,0.07335421,1,CNV,1,0,0.6168645620346069
4769,0.03597787,1,CNV,1,0,0.37126466631889343
4771,0.024839928,1,CNV,1,0,0.5439521670341492
4772,0.1545821,1,CNV,1,0,0.5133352875709534
4781,0.10326185,1,CNV,1,0,0.4291507303714752
4783,0.066240944,1,CNV,1,0,0.5117571353912354
4784,0.08623145,1,CNV,1,0,0.4267977774143219
4785,0.08081335,1,CNV,1,0,0.5128961801528931
4786,0.28492248,1,CNV,1,0,0.6323736906051636
4790,0.05202239,1,CNV,1,0,0.5631271004676819
4791,0.029282618,1,CNV,1,0,0.573114812374115
4795,0.041334417,1,CNV,1,0,0.5193790197372437
4797,0.059553776,1,CNV,1,0,0.5592947602272034
4798,0.2068038,1,CNV,1,0,0.36099374294281006
4801,0.033737857,1,CNV,1,0,0.5367555022239685
4805,0.10685849,1,CNV,1,0,0.5859718918800354
4811,0.53826916,1,CNV,2,1,0.6663682460784912
4813,0.40351534,1,CNV,1,0,0.4970668852329254
4814,0.083511,1,CNV,1,0,0.5654798150062561
4815,0.052741878,1,CNV,1,0,0.7584162950515747
4818,0.7068851,1,CNV,2,1,0.5209335684776306
4819,0.19801167,1,CNV,1,0,0.6624197363853455
4822,0.1335021,1,CNV,1,0,0.3500722050666809
4823,0.02192723,1,CNV,1,0,0.6183356046676636
4828,0.078249305,1,CNV,1,0,0.5675966143608093
4832,0.22693685,1,CNV,1,0,0.735831618309021
4833,0.015967647,1,CNV,1,0,0.5576798915863037
4834,0.048861675,1,CNV,1,0,0.5781531929969788
4840,0.032368828,1,CNV,1,0,0.6375769972801208
4843,0.116997704,1,CNV,1,0,0.4823847711086273
4848,0.0468083,1,CNV,1,0,0.4382602274417877
4855,0.15852086,1,CNV,1,0,0.5362099409103394
4856,0.040357698,1,CNV,1,0,0.506720781326294
4857,0.029841471,1,CNV,1,0,0.5082626938819885
4863,0.13492972,1,CNV,1,0,0.6639233231544495
4865,0.034672037,1,CNV,1,0,0.5282807350158691
4868,0.060283225,1,CNV,1,0,0.48873862624168396
4873,0.03166208,1,CNV,1,0,0.3455072045326233
4875,0.71870583,0,CNV,2,1,0.5547242164611816
4877,0.16164735,1,CNV,1,0,0.6097111701965332
4878,0.0512315,1,CNV,1,0,0.7272761464118958
4881,0.1949193,1,CNV,1,0,0.6332703828811646
4882,0.16036431,1,CNV,1,0,0.7840417623519897
4884,0.06996643,1,CNV,1,0,0.637013852596283
4885,0.1693568,1,CNV,1,0,0.24344402551651
4887,0.026330765,1,CNV,1,0,0.4519740045070648
4891,0.1117503,1,CNV,1,0,0.6268748641014099
4893,0.45696852,1,CNV,1,0,0.489597886800766
4895,0.05807046,1,CNV,1,0,0.5973799824714661
4897,0.08404399,1,CNV,1,0,0.7630709409713745
4902,0.19766073,1,CNV,1,0,0.757635772228241
4903,0.09236319,1,CNV,1,0,0.5626632571220398
4904,0.030485913,1,CNV,1,0,0.5618846416473389
4906,0.17002437,1,CNV,1,0,0.6861520409584045
4907,0.08930888,1,CNV,1,0,0.49485963582992554
4908,0.034607645,1,CNV,1,0,0.5003910064697266
4911,0.11650453,1,CNV,1,0,0.6089913845062256
4912,0.25846055,1,CNV,1,0,0.5043551921844482
4913,0.10269825,1,CNV,1,0,0.48458975553512573
4915,0.13966636,1,CNV,1,0,0.5969842076301575
4916,0.141168,1,CNV,1,0,0.7202553153038025
4917,0.14116661,1,CNV,1,0,0.5526419281959534
4921,0.05084985,1,CNV,1,0,0.5051830410957336
4923,0.12868583,1,CNV,1,0,0.6281093955039978
4924,0.12462038,1,CNV,1,0,0.7050681710243225
4925,0.08079849,1,CNV,1,0,0.5524058938026428
4929,0.14380462,1,CNV,1,0,0.5890344977378845
4932,0.17423409,1,CNV,1,0,0.4194699823856354
4935,0.10781995,1,CNV,1,0,0.7586289048194885
4937,0.028755318,1,CNV,1,0,0.6680087447166443
4939,0.6400586,0,CNV,2,1,0.5471107959747314
4941,0.1600506,1,CNV,1,0,0.48324236273765564
4945,0.30480206,1,CNV,1,0,0.7539448142051697
4946,0.13830073,1,CNV,1,0,0.6178051829338074
4948,0.41427407,0,CNV,1,0,0.6325764656066895
4949,0.045473166,1,CNV,1,0,0.7262110710144043
4951,0.05173073,1,CNV,1,0,0.5779016613960266
4953,0.11964714,1,CNV,1,0,0.3844594359397888
4959,0.021186873,1,CNV,1,0,0.5044978260993958
4962,0.108183116,1,CNV,1,0,0.5297393798828125
4963,0.08128027,1,CNV,1,0,0.5275669097900391
4964,0.18196788,1,CNV,1,0,0.7698209285736084
4969,0.022254087,1,CNV,1,0,0.5086960196495056
4971,0.045771673,1,CNV,1,0,0.5289825797080994
4973,0.07592245,1,CNV,1,0,0.27336421608924866
4980,0.021506656,1,CNV,1,0,0.6301544904708862
4983,0.030071478,1,CNV,1,0,0.7386608719825745
4984,0.061314244,1,CNV,1,0,0.5595630407333374
4985,0.034189075,1,CNV,1,0,0.6302313208580017
4987,0.056749783,1,CNV,1,0,0.5255845189094543
4993,0.049959607,1,CNV,1,0,0.5183035135269165
4994,0.06909452,1,CNV,1,0,0.6732428669929504
4998,0.10032884,1,CNV,1,0,0.5617297291755676
4999,0.19076416,1,CNV,1,0,0.348253071308136
5001,0.04122023,1,CNV,1,0,0.49737128615379333
5002,0.039391544,1,CNV,1,0,0.606031060218811
5003,0.019016724,1,CNV,1,0,0.5763779878616333
5008,0.15142524,1,CNV,1,0,0.5645145773887634
5009,0.0491939,1,CNV,1,0,0.6730523109436035
5010,0.040071778,1,CNV,1,0,0.773980975151062
5011,0.19418587,1,CNV,1,0,0.5417990684509277
5012,0.2172737,1,CNV,1,0,0.538023829460144
5013,0.059193064,1,CNV,1,0,0.6262556910514832
5014,0.13735454,1,CNV,1,0,0.6578499674797058
5017,0.035686936,1,CNV,1,0,0.14965635538101196
5018,0.09923676,1,CNV,1,0,0.6210851669311523
5020,0.20591748,1,CNV,1,0,0.22723522782325745
5021,0.023691347,1,CNV,1,0,0.7072997093200684
5022,0.10427115,1,CNV,1,0,0.7137423157691956
5023,0.05120726,1,CNV,1,0,0.43332797288894653
5024,0.07425999,1,CNV,1,0,0.692792534828186
5027,0.046919033,1,CNV,1,0,0.5358638763427734
5029,0.113496244,1,CNV,1,0,0.6019054651260376
5030,0.07845879,1,CNV,1,0,0.6577104330062866
5031,0.16140158,1,CNV,1,0,0.6757283210754395
5034,0.09585681,1,CNV,1,0,0.6551414132118225
5036,0.03948069,1,CNV,1,0,0.25463852286338806
5037,0.11625879,1,CNV,1,0,0.6760621070861816
5038,0.18408853,1,CNV,1,0,0.6186640858650208
5041,0.075595275,1,CNV,1,0,0.4202037751674652
5042,0.060406204,1,CNV,1,0,0.5641564130783081
5044,0.059502427,1,CNV,1,0,0.7153612971305847
5048,0.18938842,1,CNV,1,0,0.4594546854496002
5049,0.044959705,1,CNV,1,0,0.7785575985908508
5053,0.035272945,1,CNV,1,0,0.632326066493988
5054,0.11281558,1,CNV,1,0,0.6812995076179504
5055,0.163845,1,CNV,1,0,0.5561426281929016
5062,0.04759949,1,CNV,1,0,0.4890400767326355
5066,0.05279704,1,CNV,1,0,0.39150190353393555
5068,0.050947763,1,CNV,1,0,0.7412856817245483
5070,0.2289285,1,CNV,1,0,0.5837463736534119
5071,0.087613784,1,CNV,1,0,0.7292393445968628
5073,0.03776841,1,CNV,1,0,0.49419012665748596
5074,0.14381208,1,CNV,1,0,0.7189509868621826
5075,0.044392332,1,CNV,1,0,0.739029049873352
5076,0.14649084,1,CNV,1,0,0.6912121772766113
5079,0.15383509,1,CNV,1,0,0.6352818012237549
5080,0.11507696,1,CNV,1,0,0.6608334183692932
5081,0.09409958,1,CNV,1,0,0.5999977588653564
5086,0.031762507,1,CNV,1,0,0.6323541402816772
5087,0.037366148,1,CNV,1,0,0.4803147614002228
5092,0.029748397,1,CNV,1,0,0.7277741432189941
5094,0.21311669,1,CNV,1,0,0.47975459694862366
5095,0.016827732,1,CNV,1,0,0.4987097978591919
5096,0.043472357,1,CNV,1,0,0.5220377445220947
5097,0.105137765,1,CNV,1,0,0.5358138680458069
5098,0.12693031,1,CNV,1,0,0.7025182843208313
5099,0.013646173,1,CNV,1,0,0.2961269021034241
5100,0.043389026,1,CNV,1,0,0.44916877150535583
5103,0.040569052,1,CNV,1,0,0.5764427185058594
5108,0.03921992,1,CNV,1,0,0.48514989018440247
5109,0.3653106,1,CNV,1,0,0.8066319823265076
5113,0.542028,1,CNV,2,1,0.4929788112640381
5115,0.112939656,1,CNV,1,0,0.7413725256919861
5116,0.27687985,1,CNV,1,0,0.622599184513092
5120,0.10278753,1,CNV,1,0,0.5005223155021667
5123,0.07004534,1,CNV,1,0,0.4505181610584259
5124,0.055976085,1,CNV,1,0,0.5856978297233582
5126,0.0038199206,1,CNV,1,0,0.36793312430381775
5129,0.23118153,1,CNV,1,0,0.4464249312877655
5130,0.118947916,1,CNV,1,0,0.6145836114883423
5133,0.043840796,1,CNV,1,0,0.42471083998680115
5135,0.053929545,1,CNV,1,0,0.594083309173584
5137,0.115601555,1,CNV,1,0,0.7883120775222778
5139,0.04300387,1,CNV,1,0,0.5739753246307373
5142,0.022978134,1,CNV,1,0,0.5606688261032104
5144,0.042759433,1,CNV,1,0,0.6062893271446228
5145,0.102418944,1,CNV,1,0,0.41090527176856995
5148,0.22991034,1,CNV,1,0,0.22892342507839203
5156,0.023456274,1,CNV,1,0,0.7115828990936279
5159,0.09987294,1,CNV,1,0,0.5885277986526489
5162,0.2344197,1,CNV,1,0,0.7127609848976135
5163,0.03789371,1,CNV,1,0,0.5828773379325867
5164,0.08434995,1,CNV,1,0,0.234431192278862
5166,0.09674724,1,CNV,1,0,0.5474860668182373
5170,0.06644278,1,CNV,1,0,0.49220308661460876
5173,0.025073625,1,CNV,1,0,0.5889407396316528
5174,0.11758839,1,CNV,1,0,0.40960267186164856
5176,0.07574655,1,CNV,1,0,0.6292814016342163
5179,0.035546176,1,CNV,1,0,0.5316004157066345
5180,0.0074420283,1,CNV,1,0,0.6864717602729797
5181,0.07587531,1,CNV,1,0,0.5964255332946777
5183,0.08528931,1,CNV,1,0,0.43605199456214905
5185,0.07480345,1,CNV,1,0,0.5247872471809387
5187,0.059594788,1,CNV,1,0,0.6319559216499329
5188,0.17732982,1,CNV,1,0,0.5747782588005066
5191,0.060083203,1,CNV,1,0,0.46181216835975647
5192,0.04769694,1,CNV,1,0,0.6066989898681641
5194,0.104341134,1,CNV,1,0,0.555773913860321
5195,0.04935341,1,CNV,1,0,0.5865605473518372
5197,0.03147221,1,CNV,1,0,0.47230851650238037
5203,0.05636051,1,CNV,1,0,0.7196817994117737
5206,0.22340687,1,CNV,1,0,0.7469005584716797
5210,0.3116967,1,CNV,1,0,0.28181788325309753
5214,0.015742525,1,CNV,1,0,0.3726695477962494
5218,0.14537425,1,CNV,1,0,0.6503464579582214
5219,0.096490584,1,CNV,1,0,0.7151752710342407
5221,0.03774648,1,CNV,1,0,0.6883609890937805
5222,0.04383332,1,CNV,1,0,0.8063254952430725
5224,0.16129263,1,CNV,1,0,0.4391389489173889
5229,0.1745342,1,CNV,1,0,0.7278149127960205
5237,0.05737651,1,CNV,1,0,0.5733503699302673
5238,0.12501231,1,CNV,1,0,0.4406353831291199
5239,0.46954817,1,CNV,1,0,0.5383294224739075
5244,0.040765252,1,CNV,1,0,0.7312761545181274
5245,0.031002263,1,CNV,1,0,0.50441575050354
5246,0.14956294,1,CNV,1,0,0.6105911135673523
5247,0.1424629,1,CNV,1,0,0.587041437625885
5254,0.16690865,1,CNV,1,0,0.6435899138450623
5256,0.013550014,1,CNV,1,0,0.548284649848938
5257,0.040070318,1,CNV,1,0,0.44293931126594543
5258,0.2421752,1,CNV,1,0,0.7486834526062012
5260,0.2839283,1,CNV,1,0,0.6718579530715942
5263,0.21128197,1,CNV,1,0,0.6887691617012024
5264,0.1155876,1,CNV,1,0,0.3895566761493683
5266,0.03650379,1,CNV,1,0,0.27330130338668823
5271,0.40727466,1,CNV,1,0,0.7095460295677185
5272,0.20614778,1,CNV,1,0,0.5213971138000488
5274,0.019972838,1,CNV,1,0,0.68971848487854
5277,0.22541857,1,CNV,1,0,0.6643049120903015
5279,0.06228941,1,CNV,1,0,0.5288267731666565
5282,0.07221986,1,CNV,1,0,0.539804995059967
5283,0.2268691,1,CNV,1,0,0.6128445267677307
5285,0.18545096,1,CNV,1,0,0.7262285351753235
5286,0.21957847,1,CNV,1,0,0.5837492346763611
5287,0.07815811,1,CNV,1,0,0.14187827706336975
5289,0.04393391,1,CNV,1,0,0.5251033902168274
5291,0.084755406,1,CNV,1,0,0.23004332184791565
5292,0.09549797,1,CNV,1,0,0.5636782050132751
5294,0.07822203,1,CNV,1,0,0.5648849606513977
5297,0.18769339,1,CNV,1,0,0.6777389049530029
5301,0.02654635,1,CNV,1,0,0.5762885212898254
5303,0.20182307,1,CNV,1,0,0.4571095108985901
5305,0.088243335,1,CNV,1,0,0.7271246314048767
5307,0.03888371,1,CNV,1,0,0.4859183430671692
5311,0.34168553,1,CNV,1,0,0.6148867607116699
5313,0.17959979,1,CNV,1,0,0.5168222784996033
5317,0.14218006,1,CNV,1,0,0.5710623264312744
5318,0.2608197,1,CNV,1,0,0.7449436783790588
5320,0.0723285,1,CNV,1,0,0.8418139219284058
5321,0.04044965,1,CNV,1,0,0.5813716650009155
5324,0.026905615,1,CNV,1,0,0.7341277599334717
5325,0.07356803,1,CNV,1,0,0.693244457244873
5333,0.044930086,1,CNV,1,0,0.5498156547546387
5335,0.27272964,1,CNV,1,0,0.648849606513977
5337,0.1436314,1,CNV,1,0,0.41044580936431885
5340,0.037949357,1,CNV,1,0,0.5056231617927551
5341,0.07026455,1,CNV,1,0,0.5228442549705505
5345,0.008950285,1,CNV,1,0,0.3896194398403168
5347,0.24575067,1,CNV,1,0,0.5977708101272583
5349,0.060808904,1,CNV,1,0,0.6956807971000671
5354,0.054872416,1,CNV,1,0,0.4771714508533478
5356,0.022718634,1,CNV,1,0,0.40608319640159607
5358,0.12629701,1,CNV,1,0,0.5516670346260071
5361,0.07787247,1,CNV,1,0,0.42359933257102966
5362,0.08065064,1,CNV,1,0,0.6598423719406128
5366,0.044860266,1,CNV,1,0,0.4159219264984131
5367,0.13777709,1,CNV,1,0,0.6411240100860596
5369,0.019285096,1,CNV,1,0,0.49361953139305115
5377,0.15457794,1,CNV,1,0,0.6880233883857727
5380,0.010294072,1,CNV,1,0,0.6001250147819519
5387,0.17343664,1,CNV,1,0,0.7219722867012024
5389,0.3675241,1,CNV,1,0,0.353963702917099
5391,0.08904041,1,CNV,1,0,0.5447425842285156
5392,0.07076765,1,CNV,1,0,0.49451136589050293
5393,0.65684915,0,CNV,2,1,0.5386767387390137
5397,0.05650632,1,CNV,1,0,0.5100656747817993
5399,0.47960496,1,CNV,1,0,0.5400603413581848
5400,0.16030192,1,CNV,1,0,0.6669950485229492
5403,0.1254764,1,CNV,1,0,0.6940600275993347
5404,0.12155875,1,CNV,1,0,0.5511799454689026
5405,0.0093625495,1,CNV,1,0,0.5975217223167419
5406,0.028548388,1,CNV,1,0,0.6117411851882935
5410,0.06113003,1,CNV,1,0,0.7588616013526917
5412,0.042083856,1,CNV,1,0,0.6616620421409607
5413,0.18616019,1,CNV,1,0,0.6738884449005127
5414,0.27300894,1,CNV,1,0,0.6032664179801941
5419,0.08885726,1,CNV,1,0,0.7607696056365967
5424,0.32269216,1,CNV,1,0,0.5724157094955444
5426,0.22634643,1,CNV,1,0,0.6326042413711548
5430,0.078520976,1,CNV,1,0,0.5532000064849854
5433,0.052594583,1,CNV,1,0,0.5385317206382751
5435,0.049512126,1,CNV,1,0,0.5599633455276489
5436,0.05102297,1,CNV,1,0,0.8719068765640259
5437,0.38709062,1,CNV,1,0,0.6723659038543701
5438,0.034157705,1,CNV,1,0,0.43816667795181274
5441,0.13691822,1,CNV,1,0,0.7612473368644714
5442,0.094565764,1,CNV,1,0,0.7533783912658691
5443,0.021316675,1,CNV,1,0,0.46684402227401733
5445,0.098668076,1,CNV,1,0,0.6019020080566406
5449,0.021173367,1,CNV,1,0,0.5570577383041382
5452,0.12254183,1,CNV,1,0,0.6138697862625122
5453,0.050652243,1,CNV,1,0,0.4484516978263855
5454,0.11968161,1,CNV,1,0,0.5196107625961304
5455,0.0623534,1,CNV,1,0,0.5623731017112732
5456,0.17949778,1,CNV,1,0,0.6739478707313538
5462,0.062453073,1,CNV,1,0,0.33375850319862366
5464,0.06947853,1,CNV,1,0,0.647620439529419
5465,0.64986414,0,CNV,2,1,0.5158535838127136
5466,0.08976839,1,CNV,1,0,0.5219227075576782
5467,0.19141419,1,CNV,1,0,0.6139795184135437
5468,0.014951352,1,CNV,1,0,0.40974515676498413
5469,0.13196123,1,CNV,1,0,0.5743863582611084
5470,0.08113385,1,CNV,1,0,0.6403042078018188
5471,0.16399404,1,CNV,1,0,0.6053627729415894
5474,0.1268675,1,CNV,1,0,0.5414299368858337
5476,0.09292907,1,CNV,1,0,0.7133806347846985
5478,0.017697824,1,CNV,1,0,0.5798851847648621
5480,0.19314854,1,CNV,1,0,0.6124604940414429
5481,0.054821655,1,CNV,1,0,0.41343554854393005
5482,0.20155121,1,CNV,1,0,0.6446736454963684
5486,0.11681638,1,CNV,1,0,0.4767402410507202
5489,0.11984913,1,CNV,1,0,0.6614763140678406
5495,0.12336366,1,CNV,1,0,0.4715110659599304
5498,0.039726574,1,CNV,1,0,0.5048448443412781
5500,0.6099125,0,CNV,2,1,0.5783462524414062
5501,0.05867337,1,CNV,1,0,0.4260810613632202
5502,0.18365231,1,CNV,1,0,0.629170835018158
5505,0.13649268,1,CNV,1,0,0.4649183452129364
5515,0.12255324,1,CNV,1,0,0.7565039396286011
5520,0.09738932,1,CNV,1,0,0.7429593205451965
5523,0.09089896,1,CNV,1,0,0.4831923842430115
5524,0.023910668,1,CNV,1,0,0.4402267634868622
5525,0.14187853,1,CNV,1,0,0.6296675801277161
5528,0.028623234,1,CNV,1,0,0.5283597707748413
5529,0.3590652,1,CNV,1,0,0.451583594083786
5531,0.21396415,1,CNV,1,0,0.6744298934936523
5535,0.67360014,0,CNV,2,1,0.6812465190887451
5537,0.2257222,1,CNV,1,0,0.5035063624382019
5538,0.0708908,1,CNV,1,0,0.643733024597168
5539,0.065939106,1,CNV,1,0,0.34479397535324097
5540,0.047991537,1,CNV,1,0,0.22580844163894653
5541,0.11179874,1,CNV,1,0,0.45025935769081116
5543,0.4135801,1,CNV,1,0,0.46413490176200867
5549,0.07889187,1,CNV,1,0,0.23377367854118347
5553,0.020994578,1,CNV,1,0,0.5071865320205688
5555,0.15763368,1,CNV,1,0,0.7152174115180969
5556,0.01843412,1,CNV,1,0,0.32870057225227356
5561,0.09723953,1,CNV,1,0,0.534795880317688
5562,0.027413983,1,CNV,1,0,0.6430308222770691
5576,0.15241252,1,CNV,1,0,0.5899926424026489
5580,0.066296235,1,CNV,1,0,0.6919373869895935
5581,0.105335504,1,CNV,1,0,0.566802442073822
5589,0.07048422,1,CNV,1,0,0.7108033895492554
5590,0.06449548,1,CNV,1,0,0.7103084325790405
5593,0.17447978,1,CNV,1,0,0.7248952388763428
5596,0.1351205,1,CNV,1,0,0.16898620128631592
5598,0.13117875,1,CNV,1,0,0.6757900714874268
5599,0.12881216,1,CNV,1,0,0.5511894822120667
5603,0.022606244,1,CNV,1,0,0.7056253552436829
5606,0.038570985,1,CNV,1,0,0.6535220742225647
5607,0.066202804,1,CNV,1,0,0.586591362953186
5612,0.034576867,1,CNV,1,0,0.20153367519378662
5617,0.3485458,1,DME,1,0,0.621188759803772
5621,0.18246081,1,DME,1,0,0.5109732151031494
5626,0.12112729,1,DME,1,0,0.6838592290878296
5628,0.09376082,1,DME,1,0,0.6924792528152466
5629,0.1779027,1,DME,1,0,0.7024233341217041
5632,0.14733039,1,DME,1,0,0.7350093126296997
5634,0.18608657,1,DME,1,0,0.5093795657157898
5637,0.13396388,1,DME,1,0,0.5281535387039185
5643,0.07417155,1,DME,1,0,0.7655798196792603
5644,0.027964372,1,DME,1,0,0.5498250722885132
5645,0.062507525,1,DME,1,0,0.7396037578582764
5647,0.03297949,1,DME,1,0,0.5361688137054443
5649,0.2151358,1,DME,1,0,0.49890854954719543
5651,0.10916105,1,DME,1,0,0.7759096622467041
5655,0.08876889,1,DME,1,0,0.7281734943389893
5656,0.06288251,1,DME,1,0,0.4161847233772278
5657,0.19259143,1,DME,1,0,0.6026279330253601
5658,0.041586757,1,DME,1,0,0.5178921222686768
5660,0.18641949,1,DME,1,0,0.6673528552055359
5662,0.07243814,1,DME,1,0,0.7300399541854858
5663,0.089170106,1,DME,1,0,0.620034396648407
5668,0.1111575,1,DME,1,0,0.5860694050788879
5672,0.0060254293,1,DME,1,0,0.3634861707687378
5673,0.028195402,1,DME,1,0,0.6224298477172852
5674,0.4739154,1,DME,1,0,0.590395987033844
5678,0.0048806695,1,DME,1,0,0.4614678621292114
5679,0.23126274,1,DME,1,0,0.3936842978000641
5681,0.10705139,1,DME,1,0,0.5069186687469482
5682,0.020254726,1,DME,1,0,0.42117729783058167
5684,0.15271062,1,DME,1,0,0.635208010673523
5685,0.09026269,1,DME,1,0,0.6411337852478027
5686,0.09465022,1,DME,1,0,0.6198641657829285
5690,0.02864704,1,DME,1,0,0.47972989082336426
5692,0.047841035,1,DME,1,0,0.6311706304550171
5693,0.0666312,1,DME,1,0,0.6315140128135681
5697,0.18057117,1,DME,1,0,0.457834392786026
5698,0.45111597,1,DME,1,0,0.5541682243347168
5700,0.76502955,0,DME,2,1,0.6322250366210938
5702,0.0599889,1,DME,1,0,0.38279175758361816
5705,0.05431935,1,DME,1,0,0.5883139967918396
5708,0.10115336,1,DME,1,0,0.49557873606681824
5709,0.16122088,1,DME,1,0,0.7662312984466553
5710,0.05492123,1,DME,1,0,0.6217172145843506
5712,0.005478747,1,DME,1,0,0.640860915184021
5714,0.0036527799,1,DME,1,0,0.4316862225532532
5717,0.17105016,1,DME,1,0,0.652940571308136
5720,0.12222583,1,DME,1,0,0.4665481448173523
5721,0.0707015,1,DME,1,0,0.5565108060836792
5723,0.047621474,1,DME,1,0,0.46150439977645874
5725,0.15109909,1,DME,1,0,0.7468346357345581
5726,0.08716166,1,DME,1,0,0.17352916300296783
5728,0.110645466,1,DME,1,0,0.5031406283378601
5729,0.025018305,1,DME,1,0,0.5237912535667419
5730,0.1079316,1,DME,1,0,0.6319728493690491
5732,0.31683323,1,DME,1,0,0.7362578511238098
5733,0.13601902,1,DME,1,0,0.5874144434928894
5734,0.09253146,1,DME,1,0,0.624586820602417
5736,0.10411713,1,DME,1,0,0.3754827082157135
5738,0.10042021,1,DME,1,0,0.620077908039093
5740,0.06984685,1,DME,1,0,0.5496217608451843
5741,0.09760491,1,DME,1,0,0.6660529971122742
5743,0.1427984,1,DME,1,0,0.6613585948944092
5750,0.06409293,1,DME,1,0,0.4821888208389282
5752,0.059365604,1,DME,1,0,0.600715160369873
5753,0.021586586,1,DME,1,0,0.7320545315742493
5755,0.08809841,1,DME,1,0,0.7051818370819092
5759,0.10677048,1,DME,1,0,0.4867766201496124
5761,0.093795896,1,DME,1,0,0.6999656558036804
5766,0.030557612,1,DME,1,0,0.6776893138885498
5767,0.112290345,1,DME,1,0,0.6710212230682373
5769,0.051424157,1,DME,1,0,0.3946743309497833
5770,0.021639148,1,DME,1,0,0.5704900622367859
5773,0.08142793,1,DME,1,0,0.4513038694858551
5777,0.06162402,1,DME,1,0,0.7221112251281738
5779,0.050481364,1,DME,1,0,0.5847568511962891
5784,0.032622002,1,DME,1,0,0.46094033122062683
5787,0.07796251,1,DME,1,0,0.5203394293785095
5789,0.12138691,1,DME,1,0,0.659601092338562
5792,0.0922268,1,DME,1,0,0.32867035269737244
5795,0.16871522,1,DME,1,0,0.6787972450256348
5796,0.15592203,1,DME,1,0,0.6934153437614441
5800,0.03578271,1,DME,1,0,0.7942344546318054
5808,0.16131282,1,DME,1,0,0.6414656639099121
5809,0.062861264,1,DME,1,0,0.5633533000946045
5811,0.07904624,1,DME,1,0,0.567327082157135
5812,0.101848006,1,DME,1,0,0.2997080087661743
5813,0.0771296,1,DME,1,0,0.6003579497337341
5814,0.1695229,1,DME,1,0,0.3996187746524811
5815,0.65196013,1,DME,1,0,0.5450921654701233
5818,0.013994389,1,DME,1,0,0.6724563241004944
5820,0.2265745,1,DME,1,0,0.7242142558097839
5821,0.03304302,1,DME,1,0,0.6820148825645447
5823,0.047718924,1,DME,1,0,0.6428375840187073
5824,0.03535059,1,DME,1,0,0.7585241198539734
5825,0.08651719,1,DME,1,0,0.4849662780761719
5826,0.11180971,1,DME,1,0,0.5724698305130005
5829,0.11799383,1,DME,1,0,0.5767677426338196
5830,0.11513455,1,DME,1,0,0.7118125557899475
5834,0.31015888,1,DME,1,0,0.6356723308563232
5836,0.10075436,1,DME,1,0,0.5584166646003723
5838,0.006901715,1,DME,1,0,0.4833921790122986
5840,0.2042734,1,DME,1,0,0.5419481992721558
5841,0.0590337,1,DME,1,0,0.7493035793304443
5842,0.059432957,1,DME,1,0,0.5425741672515869
5845,0.040209044,1,DME,1,0,0.5027806162834167
5847,0.035124548,1,DME,1,0,0.6270161271095276
5853,0.079625875,1,DME,1,0,0.6587886214256287
5854,0.11407098,1,DME,1,0,0.4153759181499481
5855,0.16202928,1,DME,1,0,0.49217310547828674
5856,0.03858579,1,DME,1,0,0.5555673241615295
5857,0.27626202,1,DME,1,0,0.5581691265106201
5858,0.009101467,1,DME,1,0,0.7116671204566956
5859,0.03725578,1,DME,1,0,0.7337746620178223
5862,0.17108391,1,DME,1,0,0.5523895621299744
5865,0.085247844,1,DME,1,0,0.7903201580047607
5869,0.097763754,1,DME,1,0,0.754116952419281
5872,0.031011535,1,DME,1,0,0.5280687212944031
5876,0.15189499,1,DME,1,0,0.7642454504966736
5880,0.1682114,1,DME,1,0,0.588194727897644
5881,0.07203232,1,DME,1,0,0.6763984560966492
5882,0.1605689,1,DME,1,0,0.6759625673294067
5889,0.091373235,1,DME,1,0,0.6172407865524292
5891,0.0013704774,1,DME,1,0,0.4681686460971832
5892,0.09406105,1,DME,1,0,0.5908616185188293
5895,0.07135934,1,DME,1,0,0.678501307964325
5897,0.080427006,1,DME,1,0,0.6560087203979492
5906,0.11343385,1,DME,1,0,0.660300076007843
5910,0.26185405,1,DME,1,0,0.4311691224575043
5913,0.610373,0,DME,2,1,0.7974043488502502
5915,0.07118222,1,DME,1,0,0.6271107792854309
5916,0.024488382,1,DME,1,0,0.31253036856651306
5917,0.10102438,1,DME,1,0,0.653337299823761
5918,0.048596784,1,DME,1,0,0.7809727191925049
5919,0.19196701,1,DME,1,0,0.6629065871238708
5920,0.4178977,1,DME,1,0,0.581927478313446
5923,0.111692466,1,DME,1,0,0.738488495349884
5925,0.09263481,1,DME,1,0,0.6572362184524536
5928,0.31029505,1,DME,1,0,0.5745595097541809
5929,0.18498403,1,DME,1,0,0.7397791147232056
5930,0.045921363,1,DME,1,0,0.6613398194313049
5936,0.018334223,1,DME,1,0,0.5714035630226135
5939,0.017653162,1,DME,1,0,0.6297845244407654
5940,0.118599854,1,DME,1,0,0.7528575658798218
5947,0.020637663,1,DME,1,0,0.5940027236938477
5949,0.21828741,1,DME,1,0,0.6155474185943604
5956,0.086110994,1,DME,1,0,0.7199506163597107
5957,0.0059916144,1,DME,1,0,0.5699014067649841
5958,0.034361027,1,DME,1,0,0.7033388018608093
5962,0.036565594,1,DME,1,0,0.7036260366439819
5965,0.11171222,1,DME,1,0,0.5638643503189087
5970,0.022977317,1,DME,1,0,0.6525613069534302
5973,0.06844565,1,DME,1,0,0.5753755569458008
5979,0.17007658,1,DME,1,0,0.6783748865127563
5982,0.11162762,1,DME,1,0,0.5367619395256042
5984,0.06076965,1,DME,1,0,0.7213020324707031
5990,0.023178598,1,DME,1,0,0.5264952778816223
5994,0.118828535,1,DME,1,0,0.5525209307670593
5995,0.07816212,1,DME,1,0,0.6560897827148438
5996,0.039112136,1,DME,1,0,0.6877683401107788
5998,0.017016534,1,DME,1,0,0.3853212594985962
6001,0.029700914,1,DME,1,0,0.6597551703453064
6002,0.08462374,1,DME,1,0,0.6835591793060303
6005,0.05207013,1,DME,1,0,0.4449845552444458
6006,0.05576664,1,DME,1,0,0.5681210160255432
6007,0.668785,1,DME,2,1,0.45539242029190063
6008,0.25182372,1,DME,1,0,0.3983302712440491
6010,0.057593822,1,DME,1,0,0.5735280513763428
6011,0.0051643196,1,DME,1,0,0.514430582523346
6012,0.061741024,1,DME,1,0,0.6077035069465637
6016,0.0009174612,1,DME,1,0,0.360659122467041
6018,0.11686624,1,DME,1,0,0.5409538149833679
6021,0.14419346,1,DME,1,0,0.4918043613433838
6022,0.051568203,1,DME,1,0,0.737126886844635
6024,0.12284982,1,DME,1,0,0.5897175073623657
6025,0.04534167,1,DME,1,0,0.5459428429603577
6027,0.0042433823,1,DME,1,0,0.5517066717147827
6029,0.3449546,1,DME,1,0,0.6940112709999084
6031,0.034949075,1,DME,1,0,0.7479114532470703
6036,0.1155324,1,DME,1,0,0.547576904296875
6038,0.056526054,1,DME,1,0,0.5377759337425232
6040,0.35568878,0,DME,1,0,0.28207799792289734
6041,0.08801654,1,DME,1,0,0.5393915772438049
6042,0.048666667,1,DME,1,0,0.6880659461021423
6046,0.09823662,1,DME,1,0,0.6532637476921082
6047,0.10834281,1,DME,1,0,0.38474979996681213
6049,0.20736465,1,DME,1,0,0.511044979095459
6052,0.017130492,1,DME,1,0,0.635651171207428
6053,0.2469738,1,DME,1,0,0.6444411277770996
6057,0.036688857,1,DME,1,0,0.3901011049747467
6058,0.03803137,1,DME,1,0,0.5902778506278992
6059,0.11154798,1,DME,1,0,0.65943443775177
6060,0.072150536,1,DME,1,0,0.6783488988876343
6062,0.03245625,1,DME,1,0,0.3546430170536041
6063,0.082047164,1,DME,1,0,0.7029024362564087
6068,0.14265037,1,DME,1,0,0.7156636714935303
6069,0.018742826,1,DME,1,0,0.5025084614753723
6072,0.06814294,1,DME,1,0,0.576083779335022
6075,0.07686858,1,DME,1,0,0.6411000490188599
6076,0.037961796,1,DME,1,0,0.5872005224227905
6078,0.020255776,1,DME,1,0,0.5692264437675476
6083,0.038779832,1,DME,1,0,0.6995030641555786
6088,0.0051658866,1,DME,1,0,0.7037585973739624
6093,0.10464595,1,DME,1,0,0.7020012736320496
6094,0.087134935,1,DME,1,0,0.5170237421989441
6095,0.071916066,1,DME,1,0,0.5522980690002441
6096,0.1666144,1,DME,1,0,0.5094152092933655
6097,0.037053403,1,DME,1,0,0.5766480565071106
6098,0.08617602,1,DME,1,0,0.5685210227966309
6099,0.006906732,1,DME,1,0,0.7145798206329346
6100,0.22119047,1,DME,1,0,0.5877067446708679
6102,0.04467132,1,DME,1,0,0.7173927426338196
6104,0.23114644,1,DME,1,0,0.5866270661354065
6105,0.001288517,1,DME,1,0,0.6407166719436646
6108,0.050545342,1,DME,1,0,0.5286398530006409
6109,0.15001658,1,DME,1,0,0.6538854837417603
6114,0.114590466,1,DME,1,0,0.5464774370193481
6118,0.37086266,1,DME,1,0,0.6865537166595459
6120,0.024585962,1,DME,1,0,0.5038163065910339
6121,0.052658696,1,DME,1,0,0.6700901389122009
6123,0.15991378,1,DME,1,0,0.5396934151649475
6129,0.055264164,1,DME,1,0,0.720923125743866
6131,0.09430734,1,DME,1,0,0.7895142436027527
6135,0.091967925,1,DME,1,0,0.632957398891449
6136,0.11658964,1,DME,1,0,0.5485275983810425
6140,0.091334924,1,DME,1,0,0.6833131909370422
6145,0.003571622,1,DME,1,0,0.3509521186351776
6146,0.055333406,1,DME,1,0,0.6311706304550171
6149,0.0022542474,1,DME,1,0,0.47249293327331543
6151,0.022737358,1,DME,1,0,0.679985761642456
6155,0.049601458,1,DME,1,0,0.5731300115585327
6158,0.21694979,1,DME,1,0,0.5567994117736816
6160,0.011097799,1,DME,1,0,0.6806593537330627
6161,0.059944473,1,DME,1,0,0.635197639465332
6162,0.038529485,1,DME,1,0,0.6300358772277832
6164,0.076140635,1,DME,1,0,0.6006890535354614
6165,0.02749358,1,DME,1,0,0.6252346634864807
6167,0.05150493,1,DME,1,0,0.6571762561798096
6170,0.6442959,1,DME,2,1,0.3714342713356018
6172,0.02535718,1,DME,1,0,0.5719862580299377
6174,0.29642147,1,DME,1,0,0.4171750247478485
6176,0.042631198,1,DME,1,0,0.6602261662483215
6177,0.5325165,1,DME,2,1,0.38666456937789917
6178,0.035747606,1,DME,1,0,0.5005459189414978
6181,0.26107788,1,DME,1,0,0.4970190227031708
6186,0.06152603,1,DME,1,0,0.6131311655044556
6190,0.09336844,1,DME,1,0,0.47787076234817505
6191,0.1941997,1,DME,1,0,0.44681239128112793
6193,0.05320526,1,DME,1,0,0.45413529872894287
6195,0.2408328,1,DME,1,0,0.6539296507835388
6196,0.6335639,1,DME,2,1,0.5332127809524536
6201,0.19313452,1,DME,1,0,0.7606317400932312
6206,0.07072945,1,DME,1,0,0.7379733920097351
6207,0.034163255,1,DME,1,0,0.6315866708755493
6208,0.108168274,1,DME,1,0,0.6721338033676147
6214,0.04744367,1,DME,1,0,0.7115845680236816
6216,0.045356322,1,DME,1,0,0.4622012674808502
6219,0.30279535,1,DME,1,0,0.3314386010169983
6224,0.11573237,1,DME,1,0,0.42578572034835815
6225,0.08001408,1,DME,1,0,0.5494219660758972
6226,0.042494968,1,DME,1,0,0.581963300704956
6230,0.03831638,1,DME,1,0,0.4456212520599365
6231,0.071885325,1,DME,1,0,0.4500029683113098
6232,0.12458933,1,DME,1,0,0.49015891551971436
6234,0.22414717,1,DME,1,0,0.5776854157447815
6240,0.0705916,1,DME,1,0,0.42171159386634827
6241,0.019011125,1,DME,1,0,0.5918217301368713
6242,0.09086464,1,DME,1,0,0.3878677487373352
6246,0.12516674,1,DME,1,0,0.7545037865638733
6248,0.006698489,1,DME,1,0,0.7603289484977722
6251,0.2982071,1,DME,1,0,0.2926669716835022
6252,0.57099843,1,DME,2,1,0.6618471145629883
6256,0.10313404,1,DME,1,0,0.6407981514930725
6257,0.036538757,1,DME,1,0,0.5712030529975891
6258,0.43559742,1,DME,1,0,0.6621587872505188
6263,0.031167313,1,DME,1,0,0.5088823437690735
6264,0.014431762,1,DME,1,0,0.7473570108413696
6266,0.62771726,1,DME,2,1,0.5599660873413086
6268,0.05974179,1,DME,1,0,0.7242357730865479
6272,0.07902933,1,DME,1,0,0.6099646687507629
6273,0.10646397,1,DME,1,0,0.5943663716316223
6283,0.06091591,1,DME,1,0,0.5783727169036865
6286,0.15750912,1,DME,1,0,0.5467394590377808
6288,0.011561759,1,DME,1,0,0.5691487193107605
6289,0.056441505,1,DME,1,0,0.6578284502029419
6290,0.100850835,1,DME,1,0,0.3880445957183838
6293,0.07493774,1,DME,1,0,0.7251773476600647
6294,0.23034482,1,DME,1,0,0.6309049129486084
6296,0.050344605,1,DME,1,0,0.536249041557312
6299,0.088792905,1,DME,1,0,0.6247670650482178
6304,0.13348068,1,DME,1,0,0.5948618054389954
6305,0.04490067,1,DME,1,0,0.630363404750824
6306,0.012725165,1,DME,1,0,0.6816847324371338
6310,0.056397527,1,DME,1,0,0.8165350556373596
6318,0.04779961,1,DME,1,0,0.36749929189682007
6321,0.21578467,1,DME,1,0,0.6592477560043335
6322,0.05604975,1,DME,1,0,0.6862524747848511
6323,0.33254996,1,DME,1,0,0.5201547741889954
6329,0.0955349,1,DME,1,0,0.4292037785053253
6336,0.09214384,1,DME,1,0,0.5989850759506226
6341,0.4048247,1,DME,1,0,0.5638538002967834
6344,0.04627937,1,DME,1,0,0.5847339034080505
6345,0.006667467,1,DME,1,0,0.5330857634544373
6346,0.12208985,1,DME,1,0,0.6476338505744934
6348,0.04293675,1,DME,1,0,0.6803865432739258
6350,0.04997015,1,DME,1,0,0.642204761505127
6351,0.017517934,1,DME,1,0,0.5602383017539978
6352,0.10893881,1,DME,1,0,0.5685716271400452
6354,0.17436638,1,DME,1,0,0.6777187585830688
6355,0.06502747,1,DME,1,0,0.43240854144096375
6356,0.0057703475,1,DME,1,0,0.5837246179580688
6357,0.09225395,1,DME,1,0,0.6194077730178833
6361,0.05683645,1,DME,1,0,0.5765414237976074
6362,0.06383007,1,DME,1,0,0.6126341819763184
6365,0.028471414,1,DME,1,0,0.558645486831665
6366,0.043844707,1,DME,1,0,0.5921646952629089
6367,0.3991465,1,DME,1,0,0.46800222992897034
6371,0.060596894,1,DME,1,0,0.7840092778205872
6375,0.052945085,1,DME,1,0,0.6908224821090698
6376,0.09204614,1,DME,1,0,0.49186283349990845
6379,0.45325398,1,DME,1,0,0.5012063384056091
6381,0.071971215,1,DME,1,0,0.6715447306632996
6382,0.18050632,1,DME,1,0,0.508954644203186
6388,0.055207066,1,DME,1,0,0.6989116072654724
6394,0.16609871,1,DME,1,0,0.5815113186836243
6398,0.27349964,1,DME,1,0,0.6682170629501343
6400,0.03964143,1,DME,1,0,0.6161872744560242
6402,0.17643195,1,DME,1,0,0.588828444480896
6418,0.13316737,1,DME,1,0,0.4838313162326813
6419,0.06262126,1,DME,1,0,0.799724817276001
6420,0.04524577,1,DME,1,0,0.6652608513832092
6421,0.05997525,1,DME,1,0,0.6091328859329224
6422,0.059783157,1,DME,1,0,0.5018201470375061
6423,0.11418964,1,DME,1,0,0.6434780955314636
6427,0.22805224,1,DME,1,0,0.705042839050293
6428,0.048493706,1,DME,1,0,0.699114203453064
6434,0.1778424,1,DME,1,0,0.5390182733535767
6438,0.08970699,1,DME,1,0,0.6286277174949646
6442,0.02620869,1,DME,1,0,0.46726372838020325
6443,0.12147403,1,DME,1,0,0.4677010774612427
6444,0.008673771,1,DME,1,0,0.47400549054145813
6445,0.029297363,1,DME,1,0,0.6066653728485107
6447,0.24623524,1,DME,1,0,0.6796640753746033
6448,0.11953312,1,DME,1,0,0.6300897598266602
6449,0.01879236,1,DME,1,0,0.6542994976043701
6450,0.039540406,1,DME,1,0,0.5321223139762878
6452,0.026885822,1,DME,1,0,0.744690477848053
6454,0.020668246,1,DME,1,0,0.7594220638275146
6456,0.21117824,1,DME,1,0,0.5915071368217468
6457,0.1605087,1,DME,1,0,0.6466264128684998
6467,0.051358268,1,DME,1,0,0.7239620685577393
6471,0.08093203,1,DME,1,0,0.4801308512687683
6472,0.11976834,1,DME,1,0,0.7768830060958862
6473,0.023386676,1,DME,1,0,0.36418163776397705
6474,0.042545248,1,DME,1,0,0.5844274163246155
6475,0.1405951,1,DME,1,0,0.5709927678108215
6477,0.16948953,1,DME,1,0,0.5736788511276245
6482,0.074527994,1,DME,1,0,0.531674325466156
6501,0.12437402,1,DME,1,0,0.7212835550308228
6503,0.049729973,1,DME,1,0,0.5508856773376465
6505,0.17855021,1,DME,1,0,0.5852940082550049
6514,0.035110727,1,DME,1,0,0.703434944152832
6523,0.028085124,1,DME,1,0,0.619905412197113
6524,0.030276528,1,DME,1,0,0.46006539463996887
6526,0.018842524,1,DME,1,0,0.5340964794158936
6531,0.0474261,1,DME,1,0,0.5908334851264954
6532,0.20414618,1,DME,1,0,0.3179621398448944
6533,0.065001115,1,DME,1,0,0.6598260998725891
6534,0.14603035,1,DME,1,0,0.5810484290122986
6537,0.09443926,1,DME,1,0,0.5664342045783997
6542,0.09890119,1,DME,1,0,0.71047043800354
6543,0.25233805,0,DME,1,0,0.19513599574565887
6546,0.1351775,1,DME,1,0,0.6297857165336609
6550,0.039718043,1,DME,1,0,0.566526472568512
6551,0.073807515,1,DME,1,0,0.7442803382873535
6552,0.042241227,1,DME,1,0,0.6189456582069397
6553,0.048699036,1,DME,1,0,0.5346899628639221
6554,0.28250948,0,DME,1,0,0.4852513372898102
6557,0.78807473,0,DME,2,1,0.5028393268585205
6558,0.063676976,1,DME,1,0,0.7083709239959717
6563,0.03618308,1,DME,1,0,0.35213518142700195
6564,0.14005372,1,DME,1,0,0.5092607736587524
6567,0.13207911,1,DME,1,0,0.6452550888061523
6569,0.040662505,1,DME,1,0,0.5090197920799255
6571,0.029041503,1,DME,1,0,0.6172865629196167
6572,0.055178143,1,DME,1,0,0.5493220686912537
6576,0.5198413,0,DME,1,0,0.4419960677623749
6581,0.047045738,1,DME,1,0,0.6407033205032349
6582,0.04447695,1,DME,1,0,0.5082021355628967
6584,0.05093706,1,DME,1,0,0.571344792842865
6585,0.059206545,1,DME,1,0,0.6777234077453613
6586,0.06734558,1,DME,1,0,0.6851564049720764
6587,0.05601886,1,DME,1,0,0.5218614339828491
6588,0.007036259,1,DME,1,0,0.5872873663902283
6591,0.18285394,1,DME,1,0,0.7061641812324524
6592,0.3417365,1,DME,1,0,0.5203058123588562
6594,0.019135907,1,DME,1,0,0.5336702466011047
6598,0.108246535,1,DME,1,0,0.6037002801895142
6602,0.03626944,1,DME,1,0,0.3014601171016693
6611,0.034824666,1,DME,1,0,0.6580933332443237
6616,0.016749032,1,DME,1,0,0.6693281531333923
6617,0.06205067,1,DME,1,0,0.5418466329574585
6619,0.092986524,1,DME,1,0,0.4902043044567108
6620,0.62457764,1,DME,2,1,0.3227725923061371
6622,0.38851616,1,DME,1,0,0.6004245281219482
6629,0.048502844,1,DME,1,0,0.5779759883880615
6630,0.3414226,1,DME,1,0,0.563499391078949
6631,0.10815547,1,DME,1,0,0.5934129953384399
6632,0.15896273,1,DME,1,0,0.6029102802276611
6633,0.060689393,1,DME,1,0,0.5846343040466309
6637,0.035292603,1,DME,1,0,0.5829491019248962
6639,0.08157534,1,DME,1,0,0.6119782328605652
6642,0.04898494,1,DME,1,0,0.36977076530456543
6650,0.026024994,1,DME,1,0,0.6810247302055359
6651,0.39840215,1,DME,1,0,0.5457754731178284
6655,0.065225355,1,DME,1,0,0.5940090417861938
6656,0.11110108,1,DME,1,0,0.5212373733520508
6660,0.010256783,1,DME,1,0,0.5881281495094299
6662,0.015518039,1,DME,1,0,0.493047833442688
6663,0.16843852,1,DME,1,0,0.6334604620933533
6664,0.011743174,1,DME,1,0,0.5737618207931519
6665,0.3288741,1,DME,1,0,0.4755914509296417
6667,0.65717155,1,DME,2,1,0.6579172015190125
6668,0.17809394,1,DME,1,0,0.4419766664505005
6670,0.13405558,1,DME,1,0,0.4084274470806122
6680,0.041525938,1,DME,1,0,0.7325205206871033
6682,0.14606541,1,DME,1,0,0.6096853017807007
6685,0.026540892,1,DME,1,0,0.771504282951355
6686,0.45520616,1,DME,1,0,0.4373953938484192
6689,0.082457006,1,DME,1,0,0.7007076144218445
6694,0.513153,1,DME,1,0,0.7098942399024963
6696,0.010840095,1,DME,1,0,0.5266669988632202
6702,0.10931417,1,DME,1,0,0.6341742277145386
6704,0.05368214,1,DME,1,0,0.42238008975982666
6706,0.017071126,1,DME,1,0,0.736914873123169
6707,0.08885818,1,DME,1,0,0.53843092918396
6708,0.28318676,1,DME,1,0,0.48471248149871826
6709,0.011526596,1,DME,1,0,0.6437138915061951
6710,0.04854822,1,DME,1,0,0.5337113738059998
6712,0.01487002,1,DME,1,0,0.4593590199947357
6713,0.25955558,1,DME,1,0,0.4140103757381439
6714,0.039589774,1,DME,1,0,0.6179373264312744
6715,0.14854768,1,DME,1,0,0.6196712851524353
6717,0.25243923,1,DME,1,0,0.5351054072380066
6720,0.35023022,1,DME,1,0,0.5449187159538269
6722,0.021795807,1,DME,1,0,0.14818280935287476
6728,0.038886506,1,DME,1,0,0.7912535071372986
6729,0.07272749,1,DME,1,0,0.7012765407562256
6733,0.6896567,1,DME,2,1,0.6724149584770203
6744,0.38796294,1,DME,1,0,0.6435733437538147
6745,0.0055592214,1,DME,1,0,0.3635503947734833
6746,0.34514844,1,DME,1,0,0.5080522298812866
6748,0.045889385,1,DME,1,0,0.6471086144447327
6749,0.22042435,1,DME,1,0,0.5376104116439819
6750,0.03467437,1,DME,1,0,0.4564400613307953
6754,0.17108577,1,DME,1,0,0.540529727935791
6756,0.033304706,1,DME,1,0,0.5161756277084351
6759,0.37025476,1,DME,1,0,0.649931788444519
6760,0.04204551,1,DME,1,0,0.6105205416679382
6769,0.0037965768,1,DME,1,0,0.5025051236152649
6772,0.12524764,1,DME,1,0,0.6950255632400513
6773,0.065038,1,DME,1,0,0.5634598731994629
6779,0.1312526,1,DME,1,0,0.67105633020401
6782,0.06993692,1,DME,1,0,0.49232417345046997
6783,0.72589904,1,DME,2,1,0.7878926992416382
6787,0.16853872,1,DME,1,0,0.5562430620193481
6788,0.137813,1,DME,1,0,0.6414544582366943
6791,0.069101885,1,DME,1,0,0.6187189221382141
6792,0.03367498,1,DME,1,0,0.5222963094711304
6794,0.06789632,1,DME,1,0,0.5865492224693298
6795,0.05103147,1,DME,1,0,0.5290332436561584
6796,0.24111326,1,DME,1,0,0.34113794565200806
6799,0.14098644,1,DME,1,0,0.7158897519111633
6802,0.049738076,1,DME,1,0,0.5129269957542419
6804,0.18555923,1,DME,1,0,0.280338317155838
6808,0.09172639,1,DME,1,0,0.5177790522575378
6809,0.052393172,1,DME,1,0,0.5575945377349854
6811,0.022011427,1,DME,1,0,0.5501077175140381
6816,0.077017196,1,DME,1,0,0.5235496163368225
6818,0.14357552,1,DME,1,0,0.5599541068077087
6823,0.3517336,0,DME,1,0,0.7190902233123779
6824,0.07564363,1,DME,1,0,0.7715170383453369
6825,0.0741468,1,DME,1,0,0.7092797756195068
6826,0.10570041,1,DME,1,0,0.6412574648857117
6828,0.21325064,1,DME,1,0,0.682712197303772
6829,0.05456854,1,DME,1,0,0.3764450252056122
6831,0.66985285,1,DME,2,1,0.5291305184364319
6833,0.24458137,1,DME,1,0,0.5656776428222656
6835,0.05131417,1,DME,1,0,0.5436068773269653
6836,0.04517281,1,DME,1,0,0.5435197353363037
6840,0.19758272,1,DME,1,0,0.44904595613479614
6842,0.082656175,1,DME,1,0,0.6540408134460449
6843,0.017926957,1,DME,1,0,0.6666456460952759
6845,0.121426955,1,DME,1,0,0.5264469981193542
6846,0.07202685,1,DME,1,0,0.5786652565002441
6847,0.06702911,1,DME,1,0,0.736940324306488
6849,0.32957405,1,DME,1,0,0.7173699140548706
6850,0.09253575,1,DME,1,0,0.5690617561340332
6851,0.074538745,1,DME,1,0,0.7411859035491943
6852,0.008436262,1,DME,1,0,0.45705750584602356
6856,0.016810652,1,DME,1,0,0.5500864386558533
6857,0.08375528,1,DME,1,0,0.7249740362167358
6859,0.2943257,1,DME,1,0,0.6093716025352478
6867,0.016029121,1,DME,1,0,0.559194803237915
6869,0.17149639,1,DME,1,0,0.294430136680603
6871,0.060695644,1,DME,1,0,0.655534029006958
6872,0.41105193,1,DME,1,0,0.7003779411315918
6873,0.12092169,1,DME,1,0,0.35492879152297974
6875,0.0599485,1,DME,1,0,0.8133095502853394
6876,0.2345277,1,DME,1,0,0.704937756061554
6879,0.1324634,1,DME,1,0,0.6837853789329529
6884,0.10565899,1,DME,1,0,0.5191824436187744
6885,0.03174001,1,DME,1,0,0.6080607771873474
6886,0.15578306,1,DME,1,0,0.6111829280853271
6887,0.14140444,1,DME,1,0,0.6914941668510437
6888,0.04890985,1,DME,1,0,0.6320071816444397
6889,0.0644955,1,DME,1,0,0.6282486915588379
6891,0.24791422,1,DME,1,0,0.6598294377326965
6893,0.03706718,1,DME,1,0,0.7578768134117126
6895,0.11276007,1,DME,1,0,0.7005941271781921
6899,0.01810054,1,DME,1,0,0.4477427005767822
6900,0.07821834,1,DME,1,0,0.7677825689315796
6902,0.054496784,1,DME,1,0,0.596960186958313
6904,0.020839937,1,DME,1,0,0.6203612089157104
6906,0.033105645,1,DME,1,0,0.530973494052887
6910,0.044336423,1,DME,1,0,0.7912110090255737
6911,0.056516305,1,DME,1,0,0.6959992051124573
6915,0.0022746907,1,DME,1,0,0.5876943469047546
6920,0.033010848,1,DME,1,0,0.6184514760971069
6921,0.08169052,1,DME,1,0,0.6380974054336548
6925,0.016865747,1,DME,1,0,0.5728932619094849
6930,0.016641077,1,DME,1,0,0.5662769079208374
6933,0.08740559,1,DME,1,0,0.5067781209945679
6934,0.21592188,1,DME,1,0,0.4662614166736603
6936,0.07510094,1,DME,1,0,0.7189855575561523
6937,0.027668457,1,DME,1,0,0.5521883368492126
6938,0.02959941,1,DME,1,0,0.4830491840839386
6939,0.032579668,1,DME,1,0,0.5556750893592834
6941,0.016827252,1,DME,1,0,0.4959067404270172
6942,0.10333074,1,DME,1,0,0.6688535213470459
6943,0.0064321402,1,DME,1,0,0.7058717012405396
6945,0.047429357,1,DME,1,0,0.6599671244621277
6946,0.6197796,1,DME,2,1,0.4602753818035126
6955,0.09900978,1,DME,1,0,0.6325199007987976
6957,0.14687362,1,DME,1,0,0.6724600195884705
6958,0.16289733,1,DME,1,0,0.5142320394515991
6961,0.29033077,1,DME,1,0,0.6113459467887878
6963,0.03824913,1,DME,1,0,0.2785412073135376
6966,0.2772656,1,DME,1,0,0.45749205350875854
6967,0.28023475,1,DME,1,0,0.6657387614250183
6969,0.038291402,1,DME,1,0,0.5068192481994629
6975,0.05438501,1,DME,1,0,0.4832081198692322
6977,0.01617203,1,DME,1,0,0.5507351756095886
6978,0.61702585,0,DME,2,1,0.6021384596824646
6979,0.050125882,1,DME,1,0,0.6571676135063171
6980,0.14272676,1,DME,1,0,0.548797607421875
6985,0.05904586,1,DME,1,0,0.5972543358802795
6990,0.16887148,1,DME,1,0,0.5725054740905762
6992,0.06308724,1,DME,1,0,0.5262707471847534
6994,0.4366808,1,DME,1,0,0.41590407490730286
6995,0.695626,1,DME,2,1,0.8524388670921326
6996,0.3775614,1,DME,1,0,0.5322209596633911
7000,0.082198136,1,DME,1,0,0.3085506856441498
7005,0.2940456,1,DME,1,0,0.2396717369556427
7006,0.27501845,1,DME,1,0,0.5195520520210266
7008,0.1800592,1,DME,1,0,0.43036001920700073
7011,0.05429079,1,DME,1,0,0.736732542514801
7014,0.06790882,1,DME,1,0,0.7191396951675415
7015,0.1703205,1,DME,1,0,0.4657280147075653
7016,0.023649458,1,DME,1,0,0.445606529712677
7017,0.28587127,1,DME,1,0,0.5872429609298706
7020,0.12854244,1,DME,1,0,0.7115054130554199
7022,0.052924156,1,DME,1,0,0.41114717721939087
7024,0.04800628,1,DME,1,0,0.6494946479797363
7028,0.19532579,1,DME,1,0,0.6105654835700989
7029,0.10506438,1,DME,1,0,0.7030142545700073
7034,0.046498317,1,DME,1,0,0.5895798206329346
7035,0.09496752,1,DME,1,0,0.6736247539520264
7036,0.041344948,1,DME,1,0,0.5923632979393005
7039,0.181704,1,DME,1,0,0.6868222951889038
7044,0.025828369,1,DME,1,0,0.6232909560203552
7045,0.119556814,1,DME,1,0,0.6044626832008362
7047,0.054012477,1,DME,1,0,0.6606004238128662
7048,0.03809081,1,DME,1,0,0.6715404987335205
7049,0.04641916,1,DME,1,0,0.6803865432739258
7051,0.011611316,1,DME,1,0,0.44423672556877136
7053,0.09168395,1,DME,1,0,0.42991676926612854
7058,0.031721972,1,DME,1,0,0.7358816266059875
7063,0.130224,1,DME,1,0,0.6306017637252808
7064,0.077607356,1,DME,1,0,0.392106294631958
7067,0.0745499,1,DME,1,0,0.4829920828342438
7069,0.17733416,1,DME,1,0,0.47576406598091125
7071,0.0061672735,1,DME,1,0,0.5540398955345154
7075,0.09152847,1,DME,1,0,0.4915160834789276
7076,0.20432593,1,DME,1,0,0.7304109930992126
7079,0.046663236,1,DME,1,0,0.5910159945487976
7081,0.19548012,1,DME,1,0,0.536909282207489
7082,0.04348034,1,DME,1,0,0.6670071482658386
7083,0.49845904,1,DME,1,0,0.13690853118896484
7084,0.08224317,1,DME,1,0,0.6556493043899536
7090,0.044068355,1,DME,1,0,0.7576614618301392
7091,0.09809028,1,DME,1,0,0.5610966682434082
7092,0.028592052,1,DME,1,0,0.49774685502052307
7094,0.0415466,1,DME,1,0,0.6227313280105591
7098,0.013384109,1,DME,1,0,0.5063497424125671
7101,0.049209192,1,DME,1,0,0.6544302701950073
7105,0.0144831985,1,DME,1,0,0.6327669024467468
7111,0.12523358,1,DME,1,0,0.44080886244773865
7112,0.068110615,1,DME,1,0,0.7016049027442932
7113,0.041364286,1,DME,1,0,0.5740194916725159
7114,0.19521117,1,DME,1,0,0.4221130311489105
7122,0.040230103,1,DME,1,0,0.6420029401779175
7134,0.019401915,1,DME,1,0,0.7030888795852661
7142,0.18784794,1,DME,1,0,0.5405899882316589
7147,0.08866467,1,DME,1,0,0.5833365321159363
7149,0.016648762,1,DME,1,0,0.5418960452079773
7151,0.212816,1,DME,1,0,0.5703830122947693
7154,0.18097153,1,DME,1,0,0.5869592428207397
7156,0.00038821404,1,DME,1,0,0.44981399178504944
7157,0.34806362,1,DME,1,0,0.6072568297386169
7161,0.066044606,1,DME,1,0,0.6238068342208862
7164,0.0050552688,1,DME,1,0,0.36868971586227417
7165,0.16728987,1,DME,1,0,0.7460361123085022
7169,0.051540054,1,DME,1,0,0.5843088030815125
7172,0.004653335,1,DME,1,0,0.5297823548316956
7175,0.052413777,1,DME,1,0,0.5469533205032349
7176,8.284815e-06,1,DME,1,0,0.3518711030483246
7178,0.14433637,1,DME,1,0,0.6816408634185791
7179,0.12506059,1,DME,1,0,0.6840973496437073
7182,0.030160287,1,DME,1,0,0.6204342842102051
7183,0.24785608,1,DME,1,0,0.6655779480934143
7185,0.017088639,1,DME,1,0,0.5984750986099243
7187,0.019666202,1,DME,1,0,0.5733405947685242
7189,0.008512159,1,DME,1,0,0.4621015787124634
7191,0.012723782,1,DME,1,0,0.4911784529685974
7195,0.5400585,1,DME,1,0,0.4557805359363556
7202,0.18203971,1,DME,1,0,0.5529331564903259
7203,0.028503602,1,DME,1,0,0.3927554488182068
7205,0.041771494,1,DME,1,0,0.6356411576271057
7208,0.09461698,1,DME,1,0,0.6972174048423767
7209,0.12870318,1,DME,1,0,0.7135257720947266
7212,0.017894974,1,DME,1,0,0.6757887005805969
7214,0.107718706,1,DME,1,0,0.6874558925628662
7215,0.019333443,1,DME,1,0,0.5751820206642151
7216,0.0719941,1,DME,1,0,0.7081186175346375
7219,0.0766251,1,DME,1,0,0.7565554976463318
7223,0.15647353,1,DME,1,0,0.6348337531089783
7231,1.2027148e-05,1,DME,1,0,0.680810272693634
7233,0.0034277416,1,DME,1,0,0.49610722064971924
7234,0.06203382,1,DME,1,0,0.7712572813034058
7237,0.037272975,1,DME,1,0,0.30922722816467285
7238,0.19176176,1,DME,1,0,0.7147213816642761
7240,0.15736401,1,DME,1,0,0.7121307253837585
7242,0.2822482,1,DME,1,0,0.59538733959198
7243,0.01519311,1,DME,1,0,0.6162369847297668
7251,0.111232735,1,DME,1,0,0.7952352166175842
7254,0.12247886,1,DME,1,0,0.7022092938423157
7256,0.06859696,1,DME,1,0,0.5500351786613464
7259,0.026000725,1,DME,1,0,0.7473270297050476
7260,0.046159524,1,DME,1,0,0.7507525682449341
7263,0.036930688,1,DME,1,0,0.6290540099143982
7264,0.12591086,1,DME,1,0,0.6475133299827576
7271,0.11567796,1,DME,1,0,0.4469583034515381
7272,0.12669563,1,DME,1,0,0.6912840008735657
7275,0.040278833,1,DME,1,0,0.5680304765701294
7276,0.59094644,1,DME,2,1,0.40316241979599
7279,0.089649156,1,DME,1,0,0.6337432265281677
7282,0.026565604,1,DME,1,0,0.6814622282981873
7283,0.16947211,1,DME,1,0,0.6387766003608704
7286,0.20586638,1,DME,1,0,0.7053475975990295
7289,0.068413034,1,DME,1,0,0.6212556958198547
7291,0.14607543,1,DME,1,0,0.6047855019569397
7292,0.037743576,1,DME,1,0,0.648830771446228
7297,0.082102746,1,DME,1,0,0.7095595002174377
7299,0.0024081264,1,DME,1,0,0.48880159854888916
7300,0.09651249,1,DME,1,0,0.6182767748832703
7301,0.024867946,1,DME,1,0,0.5061292052268982
7303,0.26905563,1,DME,1,0,0.6473246812820435
7306,0.16867614,1,DME,1,0,0.6384905576705933
7309,0.015639553,1,DME,1,0,0.5961982011795044
7311,0.025330663,1,DME,1,0,0.666326642036438
7313,0.023314208,1,DME,1,0,0.5558264255523682
7314,0.10223922,1,DME,1,0,0.675325870513916
7316,0.06639544,1,DME,1,0,0.13441139459609985
7317,0.079895355,1,DME,1,0,0.687644898891449
7319,0.02636682,1,DME,1,0,0.37154021859169006
7320,0.06272158,1,DME,1,0,0.6418933272361755
7323,0.008093738,1,DME,1,0,0.6463413834571838
7327,0.09926714,1,DME,1,0,0.5952334403991699
7329,0.015331749,1,DME,1,0,0.7322087287902832
7330,0.18402895,1,DME,1,0,0.6111465096473694
7334,0.05157824,1,DME,1,0,0.6612643599510193
7336,0.045838762,1,DME,1,0,0.6081275939941406
7342,0.09798287,1,DME,1,0,0.6647549271583557
7345,0.089754485,1,DME,1,0,0.5482302904129028
7349,0.106999636,1,DRUSEN,1,0,0.6995580196380615
7352,0.31358832,1,DRUSEN,1,0,0.6345018744468689
7353,0.5501685,1,DRUSEN,2,1,0.5851428508758545
7354,0.6053762,1,DRUSEN,2,1,0.6971139311790466
7360,0.5279763,0,DRUSEN,2,1,0.5124245882034302
7362,0.17754166,1,DRUSEN,1,0,0.7330269813537598
7363,0.25159,1,DRUSEN,1,0,0.47777315974235535
7364,0.26891497,1,DRUSEN,1,0,0.692102313041687
7365,0.2048289,1,DRUSEN,1,0,0.7470261454582214
7369,0.36123562,1,DRUSEN,1,0,0.8770560622215271
7370,0.37880877,1,DRUSEN,1,0,0.3783144950866699
7371,0.20806882,1,DRUSEN,1,0,0.5241495966911316
7377,0.24018137,1,DRUSEN,1,0,0.4902169704437256
7380,0.15855972,1,DRUSEN,1,0,0.6882600784301758
7381,0.71684986,1,DRUSEN,2,1,0.4310922920703888
7384,0.52684975,1,DRUSEN,2,1,0.6717807054519653
7386,0.42351595,1,DRUSEN,1,0,0.594548761844635
7387,0.19715188,1,DRUSEN,1,0,0.707476794719696
7388,0.6655019,1,DRUSEN,2,1,0.658768892288208
7391,0.31930324,1,DRUSEN,1,0,0.6948626041412354
7394,0.24790801,1,DRUSEN,1,0,0.7713964581489563
7395,0.41975838,1,DRUSEN,1,0,0.6837332248687744
7398,0.71895874,1,DRUSEN,2,1,0.5474249720573425
7399,0.5729168,1,DRUSEN,2,1,0.7847697734832764
7400,0.2072347,1,DRUSEN,1,0,0.6784611940383911
7401,0.19950864,1,DRUSEN,1,0,0.6018391847610474
7407,0.25957745,1,DRUSEN,1,0,0.7263779044151306
7408,0.16902514,1,DRUSEN,1,0,0.5945703387260437
7411,0.31051648,0,DRUSEN,1,0,0.33515462279319763
7413,0.31174916,1,DRUSEN,1,0,0.596953809261322
7417,0.04858453,1,DRUSEN,1,0,0.6879163980484009
7418,0.46838143,1,DRUSEN,1,0,0.5782003998756409
7419,0.3336017,1,DRUSEN,1,0,0.6537331938743591
7421,0.33058777,1,DRUSEN,1,0,0.7039014101028442
7422,0.43881774,1,DRUSEN,1,0,0.5508063435554504
7423,0.47447655,1,DRUSEN,1,0,0.6857073903083801
7426,0.5000592,1,DRUSEN,1,0,0.6717349290847778
7427,0.26227656,1,DRUSEN,1,0,0.6441120505332947
7438,0.35881335,1,DRUSEN,1,0,0.7697327136993408
7439,0.6355984,0,DRUSEN,2,1,0.5370906591415405
7443,0.18240872,1,DRUSEN,1,0,0.6112242937088013
7445,0.31224683,1,DRUSEN,1,0,0.6461126208305359
7446,0.4559186,1,DRUSEN,1,0,0.6020919680595398
7448,0.4800006,1,DRUSEN,1,0,0.6624775528907776
7449,0.71778846,1,DRUSEN,2,1,0.5684789419174194
7451,0.16330579,1,DRUSEN,1,0,0.7883691787719727
7454,0.3079632,1,DRUSEN,1,0,0.4530726373195648
7455,0.29741016,1,DRUSEN,1,0,0.21839255094528198
7460,0.5817136,1,DRUSEN,2,1,0.61629319190979
7461,0.3602206,1,DRUSEN,1,0,0.8221265077590942
7462,0.17673737,1,DRUSEN,1,0,0.7737697958946228
7464,0.24512282,1,DRUSEN,1,0,0.7178128957748413
7469,0.1704467,1,DRUSEN,1,0,0.798488438129425
7477,0.39024812,1,DRUSEN,1,0,0.5393180251121521
7482,0.121449195,1,DRUSEN,1,0,0.7235485911369324
7487,0.32043988,1,DRUSEN,1,0,0.7875338792800903
7488,0.7042712,1,DRUSEN,2,1,0.4766087234020233
7489,0.22734877,1,DRUSEN,1,0,0.7878391742706299
7492,0.38006595,1,DRUSEN,1,0,0.7033730149269104
7493,0.34524372,1,DRUSEN,1,0,0.716985285282135
7494,0.17487472,1,DRUSEN,1,0,0.7966057062149048
7495,0.30413598,1,DRUSEN,1,0,0.6718541979789734
7496,0.45479783,1,DRUSEN,1,0,0.5440208315849304
7500,0.15060998,1,DRUSEN,1,0,0.6037236452102661
7505,0.4725624,1,DRUSEN,1,0,0.7157666087150574
7506,0.18464664,1,DRUSEN,1,0,0.6706485748291016
7507,0.23325829,1,DRUSEN,1,0,0.5254719853401184
7508,0.21184033,1,DRUSEN,1,0,0.7330825328826904
7513,0.1572761,1,DRUSEN,1,0,0.5634821057319641
7514,0.4939905,1,DRUSEN,1,0,0.5664168000221252
7515,0.14186378,1,DRUSEN,1,0,0.45428624749183655
7516,0.5984833,0,DRUSEN,1,0,0.6480283737182617
7526,0.265442,1,DRUSEN,1,0,0.7339644432067871
7527,0.6809317,1,DRUSEN,2,1,0.691002368927002
7528,0.6402305,1,DRUSEN,2,1,0.7837070822715759
7530,0.45334342,1,DRUSEN,1,0,0.3963949680328369
7534,0.41504267,1,DRUSEN,1,0,0.5210171937942505
7540,0.5917468,1,DRUSEN,2,1,0.6660553216934204
7544,0.6150518,1,DRUSEN,2,1,0.44574975967407227
7546,0.08172222,0,DRUSEN,1,0,0.0
7550,0.56996894,1,DRUSEN,2,1,0.8018225431442261
7552,0.2495196,1,DRUSEN,1,0,0.7517728805541992
7556,0.09728159,1,DRUSEN,1,0,0.6741518378257751
7558,0.4681941,1,DRUSEN,1,0,0.6819771528244019
7561,0.10120216,0,DRUSEN,1,0,0.0
7563,0.308381,1,DRUSEN,1,0,0.705963671207428
7564,0.34094948,0,DRUSEN,1,0,0.9731049537658691
7568,0.44698045,1,DRUSEN,1,0,0.7634310126304626
7572,0.19398709,1,DRUSEN,1,0,0.6013088822364807
7573,0.44386983,0,DRUSEN,1,0,0.9741324782371521
7574,0.2934606,1,DRUSEN,1,0,0.7672731280326843
7577,0.69656,0,DRUSEN,2,1,0.7444483041763306
7580,0.34584624,1,DRUSEN,1,0,0.7034399509429932
7581,0.08334662,1,DRUSEN,1,0,0.6942490935325623
7582,0.124472104,1,DRUSEN,1,0,0.7520219683647156
7583,0.5080723,1,DRUSEN,1,0,0.47084474563598633
7585,0.40989676,1,DRUSEN,1,0,0.5470160245895386
7590,0.585208,1,DRUSEN,2,1,0.5103020668029785
7597,0.18608941,1,DRUSEN,1,0,0.5850997567176819
7601,0.19782296,1,DRUSEN,1,0,0.6864904761314392
7605,0.10860751,1,DRUSEN,1,0,0.6435722708702087
7608,0.036558174,1,DRUSEN,1,0,0.7071278095245361
7610,0.532858,1,DRUSEN,2,1,0.7379167675971985
7612,0.12284125,1,DRUSEN,1,0,0.7042161822319031
7618,0.61361426,1,DRUSEN,2,1,0.6193874478340149
7620,0.48287305,1,DRUSEN,1,0,0.5466649532318115
7622,0.69976735,0,DRUSEN,2,1,0.7883102297782898
7624,0.3323927,1,DRUSEN,1,0,0.610364556312561
7625,0.5901596,1,DRUSEN,2,1,0.6847992539405823
7628,0.20898128,1,DRUSEN,1,0,0.5288176536560059
7631,0.06481048,1,DRUSEN,1,0,0.6820993423461914
7632,0.21716268,1,DRUSEN,1,0,0.5223703980445862
7635,0.16971779,1,DRUSEN,1,0,0.4094677269458771
7637,0.39901814,1,DRUSEN,1,0,0.4802209734916687
7638,0.42619237,1,DRUSEN,1,0,0.6514983177185059
7639,0.483353,1,DRUSEN,1,0,0.7872639298439026
7640,0.5104126,1,DRUSEN,1,0,0.6254559755325317
7642,0.43927854,1,DRUSEN,1,0,0.7979604601860046
7646,0.54023504,1,DRUSEN,2,1,0.4759325683116913
7649,0.31731004,1,DRUSEN,1,0,0.8114160299301147
7650,0.20550111,1,DRUSEN,1,0,0.49052125215530396
7651,0.14931463,1,DRUSEN,1,0,0.7544026970863342
7656,0.34417403,1,DRUSEN,1,0,0.7779161334037781
7658,0.5033011,1,DRUSEN,2,1,0.6483293771743774
7661,0.65565246,1,DRUSEN,2,1,0.6132335662841797
7666,0.36933056,1,DRUSEN,1,0,0.46477243304252625
7667,0.12598284,1,DRUSEN,1,0,0.5559009909629822
7671,0.1232779,1,DRUSEN,1,0,0.6790774464607239
7674,0.25466627,1,DRUSEN,1,0,0.5221973657608032
7676,0.1242374,1,DRUSEN,1,0,0.6888129711151123
7677,0.52590156,1,DRUSEN,2,1,0.5651219487190247
7678,0.7007388,1,DRUSEN,2,1,0.5891405940055847
7680,0.52391833,1,DRUSEN,2,1,0.7745073437690735
7681,0.2912792,1,DRUSEN,1,0,0.7559364438056946
7683,0.28495654,1,DRUSEN,1,0,0.6943199634552002
7688,0.404607,1,DRUSEN,1,0,0.6148881912231445
7689,0.64556736,0,DRUSEN,2,1,0.4595920145511627
7691,0.3412401,1,DRUSEN,1,0,0.5287325382232666
7692,0.7220441,0,DRUSEN,2,1,0.7039127945899963
7695,0.70991623,1,DRUSEN,2,1,0.8868643045425415
7699,0.34618706,1,DRUSEN,1,0,0.5847498774528503
7702,0.312845,1,DRUSEN,1,0,0.778564989566803
7703,0.31449816,1,DRUSEN,1,0,0.7830234169960022
7706,0.47984067,1,DRUSEN,1,0,0.5816171169281006
7708,0.3402973,1,DRUSEN,1,0,0.7144074440002441
7711,0.26508018,1,DRUSEN,1,0,0.5923543572425842
7714,0.26606834,1,DRUSEN,1,0,0.4729308784008026
7716,0.19794159,1,DRUSEN,1,0,0.7692054510116577
7717,0.3503547,1,DRUSEN,1,0,0.5458465814590454
7719,0.37854338,1,DRUSEN,1,0,0.652320921421051
7723,0.38854018,1,DRUSEN,1,0,0.6814754605293274
7725,0.20596297,1,DRUSEN,1,0,0.7611886262893677
7726,0.22098501,1,DRUSEN,1,0,0.7222460508346558
7728,0.107720554,1,DRUSEN,1,0,0.7340753078460693
7729,0.5971907,1,DRUSEN,2,1,0.5956002473831177
7730,0.519992,1,DRUSEN,2,1,0.6017323732376099
7731,0.24855804,1,DRUSEN,1,0,0.6298676133155823
7733,0.42473552,1,DRUSEN,1,0,0.5219196677207947
7734,0.3139587,0,DRUSEN,1,0,0.11255718022584915
7741,0.5290471,1,DRUSEN,2,1,0.7703267931938171
7742,0.44315356,1,DRUSEN,1,0,0.7516713738441467
7745,0.4846495,1,DRUSEN,1,0,0.7666381001472473
7748,0.63522315,1,DRUSEN,2,1,0.5178757905960083
7749,0.15670744,1,DRUSEN,1,0,0.7731176614761353
7751,0.44029176,1,DRUSEN,1,0,0.7888102531433105
7752,0.34872222,1,DRUSEN,1,0,0.8146612048149109
7753,0.55958855,1,DRUSEN,2,1,0.46023231744766235
7754,0.3208199,1,DRUSEN,1,0,0.7919573783874512
7756,0.16173181,1,DRUSEN,1,0,0.7980074286460876
7757,0.3850366,0,DRUSEN,1,0,0.22689276933670044
7760,0.22723094,1,DRUSEN,1,0,0.8036719560623169
7763,0.6838376,1,DRUSEN,2,1,0.7748339176177979
7765,0.6684087,1,DRUSEN,2,1,0.7459972500801086
7768,1.0046979,0,DRUSEN,2,1,0.06182276830077171
7771,0.34844348,1,DRUSEN,1,0,0.6589357256889343
7772,0.17376286,1,DRUSEN,1,0,0.6180917024612427
7774,0.32198888,1,DRUSEN,1,0,0.3892282247543335
7777,0.4250505,1,DRUSEN,1,0,0.7352749109268188
7778,0.70250154,1,DRUSEN,2,1,0.5497969388961792
7781,0.3735891,1,DRUSEN,1,0,0.8037158250808716
7783,0.42352748,1,DRUSEN,1,0,0.5676396489143372
7787,0.29438233,1,DRUSEN,1,0,0.8176616430282593
7796,0.33797362,1,DRUSEN,1,0,0.6180282831192017
7799,0.56956124,1,DRUSEN,2,1,0.4255330562591553
7801,0.3820259,1,DRUSEN,1,0,0.5158097147941589
7803,0.26496714,1,DRUSEN,1,0,0.5744874477386475
7804,0.4246232,1,DRUSEN,1,0,0.6415187120437622
7805,0.69651324,1,DRUSEN,2,1,0.7833759188652039
7806,0.46904334,1,DRUSEN,1,0,0.5364106893539429
7807,0.19538721,1,DRUSEN,1,0,0.7526496648788452
7815,0.6487786,1,DRUSEN,2,1,0.7282535433769226
7817,0.55907756,1,DRUSEN,2,1,0.6840074062347412
7820,0.54268146,0,DRUSEN,1,0,0.5998618602752686
7822,0.46528587,1,DRUSEN,1,0,0.758209764957428
7825,0.55935556,1,DRUSEN,2,1,0.6117183566093445
7826,0.30745536,1,DRUSEN,1,0,0.6466976404190063
7827,0.64482665,1,DRUSEN,2,1,0.5339438319206238
7829,0.27492025,1,DRUSEN,1,0,0.6653997302055359
7837,0.22951065,1,DRUSEN,1,0,0.5593230128288269
7838,0.70234525,0,DRUSEN,2,1,0.6348013281822205
7839,0.557866,1,DRUSEN,1,0,0.3247462809085846
7840,0.30055442,1,DRUSEN,1,0,0.795885443687439
7846,0.606921,1,DRUSEN,2,1,0.5956514477729797
7847,0.17223094,1,DRUSEN,1,0,0.4981963038444519
7849,0.63601804,1,DRUSEN,2,1,0.6780506372451782
7851,0.57027364,0,DRUSEN,2,1,0.5214899778366089
7857,0.30674842,1,DRUSEN,1,0,0.7662941813468933
7860,0.34157348,1,DRUSEN,1,0,0.694990336894989
7863,0.4711857,1,DRUSEN,1,0,0.6276547312736511
7864,0.59133124,1,DRUSEN,2,1,0.6751388311386108
7867,0.078409344,1,DRUSEN,1,0,0.7375515699386597
7868,0.4194932,1,DRUSEN,1,0,0.6685421466827393
7874,0.30611393,1,DRUSEN,1,0,0.7561755776405334
7875,0.25681365,1,DRUSEN,1,0,0.5029322504997253
7878,0.15706742,1,DRUSEN,1,0,0.6926575303077698
7881,0.15182857,1,DRUSEN,1,0,0.5507463216781616
7882,0.3883515,1,DRUSEN,1,0,0.5517144799232483
7884,0.47024012,1,DRUSEN,1,0,0.5069026947021484
7885,0.45122465,1,DRUSEN,1,0,0.7703580856323242
7889,0.7337981,0,DRUSEN,2,1,0.7936623692512512
7891,0.13803367,1,DRUSEN,1,0,0.6366777420043945
7894,0.17731328,1,DRUSEN,1,0,0.7333224415779114
7900,0.3108093,1,DRUSEN,1,0,0.6467780470848083
7901,0.2559822,1,DRUSEN,1,0,0.6057347059249878
7906,0.7143351,1,DRUSEN,2,1,0.549496591091156
7908,0.54896283,1,DRUSEN,2,1,0.5618253946304321
7920,0.41489607,1,DRUSEN,1,0,0.7385265827178955
7923,0.34113342,1,DRUSEN,1,0,0.5984798073768616
7924,0.24948423,1,DRUSEN,1,0,0.4866347014904022
7925,0.28013942,1,DRUSEN,1,0,0.7501009106636047
7926,0.7165853,1,DRUSEN,2,1,0.861703634262085
7930,0.14799061,1,DRUSEN,1,0,0.756374716758728
7932,0.41726142,1,DRUSEN,1,0,0.5297918319702148
7933,0.304975,1,DRUSEN,1,0,0.6495783925056458
7934,0.19119582,1,DRUSEN,1,0,0.689878523349762
7935,0.10840663,0,DRUSEN,1,0,0.45743685960769653
7938,0.7394833,0,DRUSEN,2,1,0.8441287279129028
7939,0.25024486,1,DRUSEN,1,0,0.6678552627563477
7940,0.40972593,1,DRUSEN,1,0,0.23788031935691833
7944,0.46804023,1,DRUSEN,1,0,0.6358090043067932
7945,0.391138,1,DRUSEN,1,0,0.8608638048171997
7947,0.053459182,1,DRUSEN,1,0,0.6328606009483337
7949,0.56382567,1,DRUSEN,2,1,0.5648386478424072
7953,0.3233873,1,DRUSEN,1,0,0.7789369225502014
7956,0.33197188,1,DRUSEN,1,0,0.6681467294692993
7959,0.41451648,1,DRUSEN,1,0,0.4791901707649231
7960,0.1506654,1,DRUSEN,1,0,0.6709757447242737
7963,0.3356474,1,DRUSEN,1,0,0.49798616766929626
7964,0.4308657,1,DRUSEN,1,0,0.785912036895752
7965,0.58908296,1,DRUSEN,2,1,0.792256236076355
7966,0.63077426,1,DRUSEN,2,1,0.4275735318660736
7968,0.23984675,1,DRUSEN,1,0,0.5266585350036621
7969,0.11197236,1,DRUSEN,1,0,0.5362204313278198
7973,0.19497456,1,DRUSEN,1,0,0.6692849397659302
7974,0.42742926,1,DRUSEN,1,0,0.7788320779800415
7975,0.21740444,1,DRUSEN,1,0,0.5498971343040466
7976,0.28292194,1,DRUSEN,1,0,0.5138989686965942
7977,0.24298553,1,DRUSEN,1,0,0.6166868209838867
7978,0.7123051,1,DRUSEN,2,1,0.7047412395477295
7981,0.2359162,1,DRUSEN,1,0,0.7843999266624451
7986,0.41214406,1,DRUSEN,1,0,0.41888687014579773
7988,0.19925173,0,DRUSEN,1,0,0.23319120705127716
7998,0.14066802,1,DRUSEN,1,0,0.44898098707199097
8000,0.2859756,1,DRUSEN,1,0,0.8299383521080017
8002,0.37946984,1,DRUSEN,1,0,0.7327297329902649
8003,0.40102592,1,DRUSEN,1,0,0.7486636638641357
8005,0.23799792,1,DRUSEN,1,0,0.663786768913269
8006,0.3137635,1,DRUSEN,1,0,0.6682526469230652
8008,0.26554325,1,DRUSEN,1,0,0.5448563098907471
8009,0.19803306,1,DRUSEN,1,0,0.5512279272079468
8014,0.21877232,1,DRUSEN,1,0,0.7652957439422607
8020,0.45159012,1,DRUSEN,1,0,0.6774189472198486
8021,0.35392174,1,DRUSEN,1,0,0.6256647109985352
8022,0.07570461,1,DRUSEN,1,0,0.5430170893669128
8023,0.06481773,1,DRUSEN,1,0,0.7742581367492676
8024,0.33230427,1,DRUSEN,1,0,0.5539813041687012
8028,0.1622422,1,DRUSEN,1,0,0.7604222893714905
8031,0.559539,1,DRUSEN,2,1,0.6550093293190002
8032,0.34116754,1,DRUSEN,1,0,0.7149590849876404
8042,0.19371061,1,DRUSEN,1,0,0.5465750098228455
8043,0.4149609,1,DRUSEN,1,0,0.7283865213394165
8046,0.71474934,0,DRUSEN,2,1,0.6952577233314514
8048,0.34310597,1,DRUSEN,1,0,0.691421389579773
8049,0.6319888,1,DRUSEN,2,1,0.4487210810184479
8050,0.13919766,1,DRUSEN,1,0,0.7338215112686157
8052,0.21357709,1,DRUSEN,1,0,0.6553131341934204
8054,0.39761055,0,DRUSEN,1,0,0.7147788405418396
8055,0.3126043,1,DRUSEN,1,0,0.5061704516410828
8057,0.370589,1,DRUSEN,1,0,0.6332993507385254
8063,0.275454,1,DRUSEN,1,0,0.697972297668457
8065,0.2597333,1,DRUSEN,1,0,0.7946650385856628
8066,0.20989048,1,DRUSEN,1,0,0.7636500000953674
8067,0.12157908,1,DRUSEN,1,0,0.4790234863758087
8068,0.45400992,1,DRUSEN,1,0,0.6937808990478516
8071,0.16961055,1,DRUSEN,1,0,0.6444571018218994
8074,0.6163576,1,DRUSEN,2,1,0.6193874478340149
8076,0.61491406,0,DRUSEN,2,1,0.6334652900695801
8077,0.20703205,1,DRUSEN,1,0,0.44582003355026245
8078,0.22452632,1,DRUSEN,1,0,0.5540032386779785
8085,0.32362574,1,DRUSEN,1,0,0.5614690184593201
8086,0.73929596,1,DRUSEN,2,1,0.5473337769508362
8087,0.5684071,1,DRUSEN,2,1,0.6444020867347717
8096,0.6828664,1,DRUSEN,2,1,0.587103545665741
8097,0.076148584,1,DRUSEN,1,0,0.649531364440918
8098,0.5581508,1,DRUSEN,2,1,0.6410990357398987
8104,0.5251953,1,DRUSEN,2,1,0.613667368888855
8105,0.5502405,1,DRUSEN,2,1,0.593403160572052
8106,0.13191903,1,DRUSEN,1,0,0.7239949107170105
8108,0.3997849,1,DRUSEN,1,0,0.6404989957809448
8109,0.28946036,1,DRUSEN,1,0,0.408269464969635
8110,0.18510692,1,DRUSEN,1,0,0.7224287986755371
8111,0.6389812,0,DRUSEN,2,1,0.8087853789329529
8113,0.5594681,1,DRUSEN,2,1,0.7020168304443359
8115,0.17154625,1,DRUSEN,1,0,0.5130801200866699
8116,0.5780603,1,DRUSEN,2,1,0.5163846611976624
8117,0.14849325,1,DRUSEN,1,0,0.5895592570304871
8119,0.28525484,1,DRUSEN,1,0,0.6376973986625671
8122,0.7102843,0,DRUSEN,2,1,0.7482894659042358
8127,0.3187938,1,DRUSEN,1,0,0.6279433965682983
8128,0.21424626,1,DRUSEN,1,0,0.7593936920166016
8130,0.21108823,1,DRUSEN,1,0,0.6759384870529175
8132,0.5183411,1,DRUSEN,2,1,0.42693284153938293
8133,0.6049754,1,DRUSEN,2,1,0.5791207551956177
8136,0.40149575,1,DRUSEN,1,0,0.6306129097938538
8137,0.20636308,1,DRUSEN,1,0,0.7145353555679321
8138,0.4930332,1,DRUSEN,1,0,0.5264097452163696
8140,0.37772202,1,DRUSEN,1,0,0.7326428890228271
8142,0.25664842,1,DRUSEN,1,0,0.7713964581489563
8145,0.18462843,1,DRUSEN,1,0,0.7057226300239563
8149,0.34669146,1,DRUSEN,1,0,0.7577570080757141
8154,0.18049213,1,DRUSEN,1,0,0.7055362462997437
8155,0.29326972,1,DRUSEN,1,0,0.7194557785987854
8156,0.33423588,1,DRUSEN,1,0,0.5483335852622986
8161,0.5496025,1,DRUSEN,2,1,0.6173487901687622
8162,0.13507935,1,DRUSEN,1,0,0.44399943947792053
8165,0.55740774,1,DRUSEN,2,1,0.7063032984733582
8171,0.46662825,1,DRUSEN,1,0,0.5931570529937744
8173,0.4012579,1,DRUSEN,1,0,0.7230556011199951
8177,0.27427512,1,DRUSEN,1,0,0.6334502100944519
8181,0.20568937,1,DRUSEN,1,0,0.6731976866722107
8183,0.47989824,1,DRUSEN,1,0,0.6962933540344238
8184,0.7113529,1,DRUSEN,2,1,0.6679760813713074
8186,0.19403195,1,DRUSEN,1,0,0.7893491387367249
8198,0.31624448,1,DRUSEN,1,0,0.591399610042572
8202,0.09968339,1,DRUSEN,1,0,0.7267089486122131
8207,0.40331045,1,DRUSEN,1,0,0.6702529191970825
8208,0.45610976,1,DRUSEN,1,0,0.7498228549957275
8212,0.6090812,1,DRUSEN,2,1,0.6554163098335266
8214,0.38092762,1,DRUSEN,1,0,0.6341786980628967
8217,0.5462545,1,DRUSEN,2,1,0.7732405662536621
8220,0.21303748,1,DRUSEN,1,0,0.6545533537864685
8221,0.7145418,1,DRUSEN,2,1,0.6150807738304138
8225,0.43170598,1,DRUSEN,1,0,0.18306350708007812
8227,0.42272264,1,DRUSEN,1,0,0.7263907194137573
8235,0.17551796,1,DRUSEN,1,0,0.419918417930603
8238,0.32400838,1,DRUSEN,1,0,0.7865502834320068
8242,0.362235,1,DRUSEN,1,0,0.569298267364502
8244,0.293537,1,DRUSEN,1,0,0.6004147529602051
8249,0.6444879,1,DRUSEN,2,1,0.6129549145698547
8250,0.15919517,1,DRUSEN,1,0,0.7398863434791565
8251,0.33273166,1,DRUSEN,1,0,0.6518803238868713
8252,0.13572028,1,DRUSEN,1,0,0.6841751337051392
8254,0.25458935,1,DRUSEN,1,0,0.5844665765762329
8256,0.14414194,1,DRUSEN,1,0,0.7443118095397949
8261,0.12684144,1,DRUSEN,1,0,0.7610448002815247
8262,0.5905697,1,DRUSEN,2,1,0.7290661931037903
8264,0.04451432,1,DRUSEN,1,0,0.5253757238388062
8268,0.18734668,1,DRUSEN,1,0,0.7318110466003418
8269,0.2250197,1,DRUSEN,1,0,0.43888285756111145
8271,0.58304095,1,DRUSEN,2,1,0.6666432023048401
8275,0.30166462,1,DRUSEN,1,0,0.5025817155838013
8278,0.4956774,1,DRUSEN,1,0,0.4585946798324585
8280,0.3127723,1,DRUSEN,1,0,0.6447556614875793
8282,0.54599667,1,DRUSEN,2,1,0.7079930305480957
8287,0.62591946,0,DRUSEN,2,1,0.8119089007377625
8290,0.11500478,1,DRUSEN,1,0,0.7221730947494507
8291,0.23287384,1,DRUSEN,1,0,0.6577184200286865
8294,0.686568,1,DRUSEN,2,1,0.6639178991317749
8295,0.2348045,1,DRUSEN,1,0,0.5450468063354492
8296,0.4621559,1,DRUSEN,1,0,0.6240367889404297
8299,0.38262308,1,DRUSEN,1,0,0.7747668027877808
8300,0.6050192,1,DRUSEN,1,0,0.7593164443969727
8302,0.1939135,1,DRUSEN,1,0,0.5090945959091187
8303,0.31876844,1,DRUSEN,1,0,0.6349673867225647
8309,0.6052141,1,DRUSEN,2,1,0.5601743459701538
8311,0.5203871,1,DRUSEN,2,1,0.7364835739135742
8312,0.36629453,1,DRUSEN,1,0,0.7507331371307373
8313,0.22407019,1,DRUSEN,1,0,0.77373206615448
8315,0.34500483,1,DRUSEN,1,0,0.5771235227584839
8318,0.085221514,1,DRUSEN,1,0,0.63563072681427
8323,0.14543115,1,DRUSEN,1,0,0.5394896864891052
8325,0.36669576,1,DRUSEN,1,0,0.7187490463256836
8327,0.27203298,1,DRUSEN,1,0,0.6496539115905762
8328,0.21186389,1,DRUSEN,1,0,0.44437161087989807
8329,0.5036444,1,DRUSEN,1,0,0.22686390578746796
8331,0.24702562,1,DRUSEN,1,0,0.6527128219604492
8332,0.68376946,1,DRUSEN,2,1,0.5994426012039185
8334,0.37728167,1,DRUSEN,1,0,0.5148173570632935
8335,0.7858435,0,DRUSEN,1,0,0.2606925070285797
8336,0.3786184,1,DRUSEN,1,0,0.7391688227653503
8338,0.74234307,0,DRUSEN,2,1,0.5902729034423828
8340,0.09448614,1,DRUSEN,1,0,0.5901620388031006
8341,0.15968823,1,DRUSEN,1,0,0.7365688681602478
8346,0.27614233,1,DRUSEN,1,0,0.7316747307777405
8347,0.29197502,1,DRUSEN,1,0,0.7469791173934937
8350,0.15350313,1,DRUSEN,1,0,0.6261848211288452
8351,0.39777386,1,DRUSEN,1,0,0.6719236373901367
8353,0.35503528,1,DRUSEN,1,0,0.7591848969459534
8357,0.60679746,1,DRUSEN,2,1,0.6730114221572876
8358,0.36606225,1,DRUSEN,1,0,0.6856051087379456
8359,0.18465321,1,DRUSEN,1,0,0.6043709516525269
8364,0.6600729,1,DRUSEN,2,1,0.5633349418640137
8367,0.7878283,0,DRUSEN,2,1,0.8652802109718323
8369,0.05605538,1,DRUSEN,1,0,0.5740898847579956
8374,0.62685525,0,DRUSEN,2,1,0.7085459232330322
8376,0.31433636,1,DRUSEN,1,0,0.6006209254264832
8379,0.5533463,1,DRUSEN,2,1,0.6823918223381042
8384,0.69148374,1,DRUSEN,2,1,0.5976288318634033
8390,0.2335494,1,DRUSEN,1,0,0.7155544757843018
8392,0.024349816,1,DRUSEN,1,0,0.7746574878692627
8393,0.5414769,1,DRUSEN,2,1,0.5479037165641785
8395,0.30922246,1,DRUSEN,1,0,0.6913056373596191
8396,0.4958885,1,DRUSEN,2,1,0.6043867468833923
8399,0.067061126,1,DRUSEN,1,0,0.7464489340782166
8402,0.19969246,1,DRUSEN,1,0,0.5145744681358337
8403,0.2679102,1,DRUSEN,1,0,0.591292679309845
8407,0.4035399,1,DRUSEN,1,0,0.5264396667480469
8408,0.2459404,1,DRUSEN,1,0,0.615273654460907
8409,0.31619212,1,DRUSEN,1,0,0.6995239853858948
8414,0.3075018,1,DRUSEN,1,0,0.6623897552490234
8415,0.3633715,1,DRUSEN,1,0,0.7367274761199951
8420,0.35506237,1,DRUSEN,1,0,0.7010024189949036
8421,0.6729448,1,DRUSEN,2,1,0.6848176717758179
8422,0.17997153,1,DRUSEN,1,0,0.7283843159675598
8423,0.13118817,1,DRUSEN,1,0,0.67428058385849
8425,0.37118244,1,DRUSEN,1,0,0.5969589948654175
8427,0.39579898,1,DRUSEN,1,0,0.6852678656578064
8429,0.092856005,1,DRUSEN,1,0,0.7084491848945618
8432,0.5054738,1,DRUSEN,1,0,0.7008230686187744
8434,0.41942677,1,DRUSEN,1,0,0.6579697728157043
8436,0.14298244,1,DRUSEN,1,0,0.7141329646110535
8438,0.271099,1,DRUSEN,1,0,0.438362181186676
8439,0.5980875,1,DRUSEN,2,1,0.7382074594497681
8446,0.22463335,1,DRUSEN,1,0,0.5052080154418945
8448,0.49314064,1,DRUSEN,1,0,0.39949774742126465
8449,0.43174037,1,DRUSEN,1,0,0.7211285829544067
8453,0.5465105,1,DRUSEN,2,1,0.6023861765861511
8456,0.37807855,1,DRUSEN,1,0,0.7540647983551025
8463,0.34191623,1,DRUSEN,1,0,0.5006324052810669
8465,0.5532435,1,DRUSEN,2,1,0.6290384531021118
8469,0.5681003,1,DRUSEN,2,1,0.6286742687225342
8472,0.4043,1,DRUSEN,1,0,0.32593047618865967
8474,0.7014659,1,DRUSEN,2,1,0.6606678366661072
8476,0.32559308,1,DRUSEN,1,0,0.5434656739234924
8477,0.41434366,0,DRUSEN,1,0,0.7758035063743591
8478,0.35683239,0,DRUSEN,1,0,0.6450644731521606
8481,0.48301962,1,DRUSEN,1,0,0.6211437582969666
8490,0.3667937,1,DRUSEN,1,0,0.713546633720398
8492,0.24982575,1,DRUSEN,1,0,0.7210678458213806
8495,0.26424187,1,DRUSEN,1,0,0.7483975887298584
8496,0.28715536,1,DRUSEN,1,0,0.4528621435165405
8502,0.5231453,1,DRUSEN,1,0,0.7076985836029053
8505,0.41631457,1,DRUSEN,1,0,0.6776204705238342
8510,0.5750083,0,DRUSEN,2,1,0.4517461657524109
8511,0.6028865,1,DRUSEN,2,1,0.6862484216690063
8514,0.33277518,1,DRUSEN,1,0,0.6691402196884155
8516,0.41761693,1,DRUSEN,1,0,0.6067922115325928
8517,0.4591548,1,DRUSEN,1,0,0.6580666899681091
8519,0.6589982,1,DRUSEN,2,1,0.5678916573524475
8520,0.2604039,1,DRUSEN,1,0,0.6663107872009277
8525,0.570148,1,DRUSEN,2,1,0.7291527986526489
8526,0.27870926,1,DRUSEN,1,0,0.5257503390312195
8529,0.2973764,1,DRUSEN,1,0,0.37837889790534973
8530,0.64518815,1,DRUSEN,2,1,0.5519435405731201
8534,0.19714098,1,DRUSEN,1,0,0.6761735081672668
8536,0.42394087,1,DRUSEN,1,0,0.5469897985458374
8538,0.5634325,1,DRUSEN,2,1,0.6195430755615234
8541,0.7154765,0,DRUSEN,2,1,0.7990997433662415
8543,0.29161677,1,DRUSEN,1,0,0.5822315216064453
8546,0.10514796,1,DRUSEN,1,0,0.6001380085945129
8549,0.27743298,1,DRUSEN,1,0,0.6780238747596741
8552,0.4359504,1,DRUSEN,1,0,0.5947185754776001
8555,0.25175697,1,DRUSEN,1,0,0.7354881763458252
8557,0.1891737,1,DRUSEN,1,0,0.633070170879364
8559,0.13190885,1,DRUSEN,1,0,0.5480583310127258
8561,0.37048274,1,DRUSEN,1,0,0.731916606426239
8562,0.46888444,1,DRUSEN,1,0,0.7564958930015564
8564,0.6934117,1,DRUSEN,2,1,0.7872390151023865
8566,0.69391286,1,DRUSEN,2,1,0.6159606575965881
8567,0.5987322,0,DRUSEN,2,1,0.4202485978603363
8568,0.5563266,0,DRUSEN,2,1,0.7030690312385559
8570,0.3291149,1,DRUSEN,1,0,0.5933443307876587
8577,0.46965683,1,DRUSEN,1,0,0.7028571963310242
8578,0.19595122,1,DRUSEN,1,0,0.6505491137504578
8579,0.23206025,1,DRUSEN,1,0,0.7244757413864136
8580,0.6047981,1,DRUSEN,2,1,0.7071508169174194
8583,0.26419932,1,DRUSEN,1,0,0.6444936394691467
8586,0.40427735,1,DRUSEN,1,0,0.4892396926879883
8593,0.61396444,0,DRUSEN,2,1,0.4365968108177185
8594,0.09695,1,DRUSEN,1,0,0.7140389084815979
8595,0.57266885,1,DRUSEN,2,1,0.6182901263237
8598,0.33833593,1,DRUSEN,1,0,0.7462188005447388
8599,0.12551858,1,DRUSEN,1,0,0.7679781317710876
8600,0.67771405,1,DRUSEN,2,1,0.7157999873161316
8603,0.60927904,1,DRUSEN,2,1,0.5182076692581177
8608,0.58630264,1,DRUSEN,2,1,0.7625764608383179
8610,0.44545805,1,DRUSEN,1,0,0.6803098320960999
8611,0.20994748,1,DRUSEN,1,0,0.6389195322990417
8614,0.44442275,1,DRUSEN,1,0,0.5069026947021484
8616,0.56490415,1,DRUSEN,2,1,0.6882315874099731
8622,0.910825,0,DRUSEN,2,1,0.14607681334018707
8624,0.72006184,1,DRUSEN,2,1,0.6887037754058838
8627,0.08475557,1,DRUSEN,1,0,0.6935870051383972
8628,0.5427465,1,DRUSEN,2,1,0.6588056683540344
8631,0.4794292,1,DRUSEN,1,0,0.743164598941803
8633,0.44075942,1,DRUSEN,1,0,0.5834583044052124
8634,0.3309755,1,DRUSEN,1,0,0.7798281311988831
8635,0.45497915,1,DRUSEN,1,0,0.6933037638664246
8636,0.40465534,1,DRUSEN,1,0,0.5934497714042664
8637,0.23903114,1,DRUSEN,1,0,0.663786768913269
8644,0.091433644,1,DRUSEN,1,0,0.7404117584228516
8645,0.40290418,1,DRUSEN,1,0,0.6308735013008118
8646,0.34669173,1,DRUSEN,1,0,0.5886960625648499
8648,0.39098126,1,DRUSEN,1,0,0.6020324230194092
8649,0.1423876,1,DRUSEN,1,0,0.5633328557014465
8652,0.630969,1,DRUSEN,2,1,0.7123419046401978
8653,0.36270553,1,DRUSEN,1,0,0.39822858572006226
8658,0.15072848,1,DRUSEN,1,0,0.8127171397209167
8662,0.2078984,1,DRUSEN,1,0,0.7719663977622986
8670,0.20273404,1,NORMAL,1,0,0.604029655456543
8674,0.15518282,1,NORMAL,1,0,0.5967944860458374
8676,0.11071066,1,NORMAL,1,0,0.52489173412323
8677,0.17962864,1,NORMAL,1,0,0.5371320247650146
8678,0.28251502,1,NORMAL,1,0,0.5385332107543945
8681,0.116510995,1,NORMAL,1,0,0.4866487979888916
8683,0.25944245,1,NORMAL,1,0,0.46947720646858215
8684,0.16389227,1,NORMAL,1,0,0.5004315972328186
8687,0.17873313,1,NORMAL,1,0,0.5716082453727722
8688,0.14703593,1,NORMAL,1,0,0.6345015168190002
8690,0.27845472,1,NORMAL,1,0,0.5824620723724365
8691,0.7000426,1,NORMAL,2,1,0.3967992067337036
8692,0.16105756,1,NORMAL,1,0,0.6424124240875244
8693,0.09939149,1,NORMAL,1,0,0.44670164585113525
8696,0.23627159,1,NORMAL,1,0,0.5612074732780457
8697,0.25308877,1,NORMAL,1,0,0.605125904083252
8698,0.20903793,1,NORMAL,1,0,0.4258326590061188
8699,0.55877745,1,NORMAL,2,1,0.546654462814331
8702,0.1438434,1,NORMAL,1,0,0.5645654201507568
8704,0.2032587,1,NORMAL,1,0,0.5763758420944214
8707,0.20878002,1,NORMAL,1,0,0.3949010968208313
8709,0.6124424,0,NORMAL,2,1,0.3554540276527405
8711,0.22564822,1,NORMAL,1,0,0.5541484355926514
8713,0.10056853,1,NORMAL,1,0,0.37016716599464417
8715,0.19005834,1,NORMAL,1,0,0.4893079698085785
8717,0.16494924,1,NORMAL,1,0,0.5425674915313721
8721,0.33151823,1,NORMAL,1,0,0.5499594807624817
8732,0.20512803,1,NORMAL,1,0,0.6273641586303711
8738,0.12643982,1,NORMAL,1,0,0.5475643873214722
8739,0.25496614,1,NORMAL,1,0,0.44715866446495056
8742,0.2586597,1,NORMAL,1,0,0.5907989740371704
8743,0.34260276,1,NORMAL,1,0,0.5072281360626221
8744,0.38517246,1,NORMAL,1,0,0.47669583559036255
8746,0.17982665,1,NORMAL,1,0,0.40939363837242126
8748,0.052134402,1,NORMAL,1,0,0.36185672879219055
8750,0.26541674,1,NORMAL,1,0,0.5287317633628845
8751,0.42819202,1,NORMAL,1,0,0.3370118737220764
8752,0.1920227,1,NORMAL,1,0,0.5345449447631836
8757,0.086425796,1,NORMAL,1,0,0.45083338022232056
8758,0.18861194,1,NORMAL,1,0,0.5085975527763367
8759,0.21672142,1,NORMAL,1,0,0.4519135057926178
8768,0.17236406,1,NORMAL,1,0,0.5829759240150452
8771,0.121394426,1,NORMAL,1,0,0.48854368925094604
8772,0.2927152,1,NORMAL,1,0,0.4646080434322357
8773,0.634374,1,NORMAL,2,1,0.43107160925865173
8775,0.13700204,1,NORMAL,1,0,0.5607727766036987
8786,0.25111657,1,NORMAL,1,0,0.5895901322364807
8787,0.24047235,1,NORMAL,1,0,0.5606507062911987
8789,0.40947467,1,NORMAL,1,0,0.5773454904556274
8790,0.2553521,1,NORMAL,1,0,0.5608994960784912
8791,0.097521916,1,NORMAL,1,0,0.5988713502883911
8792,0.18910438,1,NORMAL,1,0,0.5831668972969055
8793,0.27773154,1,NORMAL,1,0,0.5020049810409546
8794,0.23590475,1,NORMAL,1,0,0.48908817768096924
8796,0.27428702,1,NORMAL,1,0,0.43363845348358154
8800,0.18230268,1,NORMAL,1,0,0.5426469445228577
8805,0.24892172,1,NORMAL,1,0,0.5818065404891968
8813,0.31808883,1,NORMAL,1,0,0.5932027101516724
8817,0.15068552,1,NORMAL,1,0,0.4866964817047119
8818,0.2134569,1,NORMAL,1,0,0.5673607587814331
8821,0.0911786,1,NORMAL,1,0,0.5822873711585999
8822,0.106619634,1,NORMAL,1,0,0.5669795870780945
8825,0.109989546,1,NORMAL,1,0,0.4408801794052124
8826,0.08694022,1,NORMAL,1,0,0.48716965317726135
8827,0.20451212,1,NORMAL,1,0,0.5832681655883789
8831,0.24871022,1,NORMAL,1,0,0.531229555606842
8834,0.19846523,1,NORMAL,1,0,0.6494054794311523
8838,0.15603535,1,NORMAL,1,0,0.5234465003013611
8839,0.3134995,1,NORMAL,1,0,0.6554996371269226
8842,0.35519528,1,NORMAL,1,0,0.45469075441360474
8843,0.20054325,1,NORMAL,1,0,0.5867289304733276
8844,0.71987283,0,NORMAL,2,1,0.47552114725112915
8845,0.13635737,1,NORMAL,1,0,0.6077432632446289
8847,0.24448714,1,NORMAL,1,0,0.5171926617622375
8856,0.15217958,1,NORMAL,1,0,0.44423583149909973
8860,0.26666757,1,NORMAL,1,0,0.513407826423645
8861,0.17029342,1,NORMAL,1,0,0.5514552593231201
8863,0.28279215,1,NORMAL,1,0,0.6532425284385681
8864,0.18010063,1,NORMAL,1,0,0.3627767264842987
8867,0.22122915,1,NORMAL,1,0,0.5111157894134521
8868,0.4378055,1,NORMAL,1,0,0.5219861268997192
8871,0.2922183,1,NORMAL,1,0,0.5416425466537476
8874,0.12725015,1,NORMAL,1,0,0.5555843710899353
8880,0.1420648,1,NORMAL,1,0,0.5616309642791748
8882,0.3035199,1,NORMAL,1,0,0.5786153078079224
8884,0.2705411,1,NORMAL,1,0,0.5208289623260498
8893,0.5480985,1,NORMAL,2,1,0.35374802350997925
8895,0.32393107,1,NORMAL,1,0,0.5161406993865967
8897,0.21221703,1,NORMAL,1,0,0.4209621250629425
8899,0.1443745,1,NORMAL,1,0,0.630692720413208
8900,0.10276927,1,NORMAL,1,0,0.5881275534629822
8902,0.05637432,1,NORMAL,1,0,0.6235463619232178
8904,0.31056577,1,NORMAL,1,0,0.4976882338523865
8906,0.27639824,1,NORMAL,1,0,0.4836699068546295
8908,0.15226959,1,NORMAL,1,0,0.5425000786781311
8912,0.22355647,1,NORMAL,1,0,0.4711894989013672
8913,0.16576524,1,NORMAL,1,0,0.4840923249721527
8915,0.10884545,1,NORMAL,1,0,0.5370806455612183
8916,0.16699369,1,NORMAL,1,0,0.5654574632644653
8920,0.2673756,1,NORMAL,1,0,0.6016436219215393
8921,0.25839126,1,NORMAL,1,0,0.536465048789978
8923,0.21039523,1,NORMAL,1,0,0.5514697432518005
8925,0.22650948,1,NORMAL,1,0,0.5917985439300537
8927,0.2261068,1,NORMAL,1,0,0.5050738453865051
8931,0.6962031,1,NORMAL,2,1,0.7068768739700317
8933,0.21693048,1,NORMAL,1,0,0.49595046043395996
8941,0.087489925,1,NORMAL,1,0,0.6040927171707153
8945,0.40290117,1,NORMAL,1,0,0.5847077369689941
8946,0.601506,1,NORMAL,2,1,0.5451942086219788
8949,0.28425127,1,NORMAL,1,0,0.4559549391269684
8950,0.20120472,1,NORMAL,1,0,0.5640881061553955
8954,0.10480906,1,NORMAL,1,0,0.614564836025238
8955,0.21223864,1,NORMAL,1,0,0.6366690993309021
8956,0.09058259,1,NORMAL,1,0,0.6477605700492859
8958,0.13027158,1,NORMAL,1,0,0.5977449417114258
8961,0.16321306,1,NORMAL,1,0,0.4817699193954468
8964,0.24861541,1,NORMAL,1,0,0.5366525053977966
8966,0.50749695,1,NORMAL,1,0,0.6405240893363953
8970,0.22606556,1,NORMAL,1,0,0.49874556064605713
8976,0.17204034,1,NORMAL,1,0,0.5277224183082581
8977,0.2920395,1,NORMAL,1,0,0.553554892539978
8981,0.13360147,1,NORMAL,1,0,0.5042573809623718
8984,0.1741196,1,NORMAL,1,0,0.5381494760513306
8989,0.17123938,1,NORMAL,1,0,0.49330174922943115
8990,0.71879363,0,NORMAL,2,1,0.49823299050331116
8995,0.08453928,1,NORMAL,1,0,0.5864813327789307
9005,0.21894121,1,NORMAL,1,0,0.5449154376983643
9006,0.3124819,1,NORMAL,1,0,0.539513349533081
9007,0.15163524,1,NORMAL,1,0,0.691387951374054
9009,0.1486935,1,NORMAL,1,0,0.5665503740310669
9010,0.09167591,1,NORMAL,1,0,0.5772264003753662
9013,0.15398246,1,NORMAL,1,0,0.6238237023353577
9014,0.6745979,0,NORMAL,2,1,0.5663459897041321
9018,0.3179624,1,NORMAL,1,0,0.4669332504272461
9019,0.37503088,1,NORMAL,1,0,0.614590048789978
9021,0.15875041,1,NORMAL,1,0,0.34596219658851624
9023,0.29009852,1,NORMAL,1,0,0.40292930603027344
9025,0.17284709,1,NORMAL,1,0,0.49359506368637085
9033,0.2783216,1,NORMAL,1,0,0.4731035530567169
9041,0.16022235,1,NORMAL,1,0,0.5755171775817871
9043,0.08607835,1,NORMAL,1,0,0.5774183869361877
9045,0.21424402,1,NORMAL,1,0,0.4757264256477356
9050,0.087195426,1,NORMAL,1,0,0.546607255935669
9051,0.21621509,1,NORMAL,1,0,0.6333717107772827
9052,0.11690159,1,NORMAL,1,0,0.49991166591644287
9054,0.21812826,1,NORMAL,1,0,0.24158985912799835
9057,0.20692672,1,NORMAL,1,0,0.5862467288970947
9058,0.18044539,1,NORMAL,1,0,0.5080423951148987
9059,0.15768063,1,NORMAL,1,0,0.5426914691925049
9060,0.31644934,1,NORMAL,1,0,0.574120283126831
9063,0.29992035,1,NORMAL,1,0,0.5896139144897461
9064,0.11971665,1,NORMAL,1,0,0.61976557970047
9065,0.16074352,1,NORMAL,1,0,0.41093629598617554
9067,0.075083084,1,NORMAL,1,0,0.5609692931175232
9080,0.3757751,1,NORMAL,1,0,0.4945250451564789
9083,0.078646496,1,NORMAL,1,0,0.5429345965385437
9088,0.28087056,1,NORMAL,1,0,0.456269770860672
9090,0.38701403,1,NORMAL,1,0,0.5771192908287048
9092,0.12885168,1,NORMAL,1,0,0.5680732727050781
9100,0.12255008,1,NORMAL,1,0,0.5071802139282227
9101,0.17821078,1,NORMAL,1,0,0.46086516976356506
9106,0.29794565,1,NORMAL,1,0,0.4809718430042267
9109,0.23311067,1,NORMAL,1,0,0.5187850594520569
9111,0.15669023,1,NORMAL,1,0,0.3485070765018463
9113,0.49587667,1,NORMAL,1,0,0.5571629405021667
9115,0.14969532,1,NORMAL,1,0,0.5962681174278259
9121,0.16234727,1,NORMAL,1,0,0.6010261178016663
9128,0.12256235,1,NORMAL,1,0,0.47409185767173767
9129,0.28197566,1,NORMAL,1,0,0.4626663327217102
9131,0.06676407,1,NORMAL,1,0,0.546712338924408
9133,0.20441943,1,NORMAL,1,0,0.583864152431488
9136,0.27535018,1,NORMAL,1,0,0.5268983244895935
9137,0.17396411,1,NORMAL,1,0,0.5539951324462891
9140,0.16396835,1,NORMAL,1,0,0.5238427519798279
9141,0.21876861,1,NORMAL,1,0,0.5889936685562134
9145,0.11034837,1,NORMAL,1,0,0.5832010507583618
9146,0.2375246,1,NORMAL,1,0,0.5500301718711853
9147,0.064214155,1,NORMAL,1,0,0.42470377683639526
9149,0.18301083,1,NORMAL,1,0,0.5531653165817261
9151,0.1407633,1,NORMAL,1,0,0.5213586688041687
9154,0.13836999,1,NORMAL,1,0,0.5506828427314758
9157,0.20847148,1,NORMAL,1,0,0.6243911385536194
9161,0.22351155,1,NORMAL,1,0,0.5075411200523376
9172,0.26869366,1,NORMAL,1,0,0.5338022112846375
9176,0.20057744,1,NORMAL,1,0,0.5378656387329102
9177,0.26061738,1,NORMAL,1,0,0.5193257927894592
9178,0.18316633,1,NORMAL,1,0,0.6075064539909363
9179,0.060248226,1,NORMAL,1,0,0.5358825922012329
9181,0.2837557,1,NORMAL,1,0,0.45205631852149963
9184,0.24534413,1,NORMAL,1,0,0.4931696355342865
9185,0.11574822,1,NORMAL,1,0,0.5456305146217346
9194,0.21198687,1,NORMAL,1,0,0.5173739194869995
9195,0.25382864,1,NORMAL,1,0,0.544529139995575
9196,0.21673778,1,NORMAL,1,0,0.5008832216262817
9197,0.6514247,0,NORMAL,2,1,0.7308050990104675
9201,0.15943164,1,NORMAL,1,0,0.5642445683479309
9202,0.21964201,1,NORMAL,1,0,0.5337271094322205
9203,0.20552011,1,NORMAL,1,0,0.6098340153694153
9205,0.35477126,1,NORMAL,1,0,0.44239434599876404
9206,0.113083445,1,NORMAL,1,0,0.5579270124435425
9208,0.6340102,1,NORMAL,2,1,0.6593779921531677
9209,0.17410953,1,NORMAL,1,0,0.5643947720527649
9213,0.21174507,1,NORMAL,1,0,0.3502681851387024
9214,0.25900573,1,NORMAL,1,0,0.48825088143348694
9215,0.2162741,1,NORMAL,1,0,0.5100278258323669
9216,0.22101447,1,NORMAL,1,0,0.5275299549102783
9221,0.1103047,1,NORMAL,1,0,0.5174560546875
9222,0.1797728,1,NORMAL,1,0,0.5840891599655151
9223,0.21125154,1,NORMAL,1,0,0.6025360226631165
9225,0.47822046,1,NORMAL,1,0,0.5364699959754944
9227,0.5605597,1,NORMAL,2,1,0.5780856013298035
9229,0.33400223,1,NORMAL,1,0,0.1438402533531189
9232,0.2928133,1,NORMAL,1,0,0.6355666518211365
9233,0.29556695,1,NORMAL,1,0,0.5368387699127197
9235,0.27185836,1,NORMAL,1,0,0.45389580726623535
9238,0.25181675,1,NORMAL,1,0,0.5183802247047424
9241,0.3150551,1,NORMAL,1,0,0.5484300851821899
9243,0.26434684,1,NORMAL,1,0,0.5405371785163879
9244,0.28114432,1,NORMAL,1,0,0.5896656513214111
9247,0.26601028,1,NORMAL,1,0,0.5512042045593262
9251,0.17018074,1,NORMAL,1,0,0.595933735370636
9256,0.2490949,1,NORMAL,1,0,0.46926477551460266
9258,0.18032539,1,NORMAL,1,0,0.5185239911079407
9260,0.35225138,1,NORMAL,1,0,0.5317310094833374
9267,0.13836092,1,NORMAL,1,0,0.6023818850517273
9268,0.4422654,1,NORMAL,1,0,0.4982215464115143
9269,0.31016165,1,NORMAL,1,0,0.5830077528953552
9270,0.15409215,1,NORMAL,1,0,0.5590345859527588
9271,0.40645295,1,NORMAL,1,0,0.5640063881874084
9275,0.12134159,1,NORMAL,1,0,0.4003641605377197
9278,0.1286457,1,NORMAL,1,0,0.5850138068199158
9280,0.1430703,1,NORMAL,1,0,0.6018746495246887
9281,0.1721299,1,NORMAL,1,0,0.45704010128974915
9285,0.29882112,1,NORMAL,1,0,0.6162459850311279
9289,0.1509214,1,NORMAL,1,0,0.5418571829795837
9291,0.049368426,1,NORMAL,1,0,0.5261609554290771
9292,0.13420218,1,NORMAL,1,0,0.5355852842330933
9294,0.09093782,1,NORMAL,1,0,0.6097237467765808
9295,0.3647648,0,NORMAL,1,0,0.5640679001808167
9301,0.29372436,1,NORMAL,1,0,0.4847380518913269
9305,0.12426086,1,NORMAL,1,0,0.5610936880111694
9306,0.23696965,1,NORMAL,1,0,0.6106910109519958
9309,0.10309097,1,NORMAL,1,0,0.5463261604309082
9312,0.19728197,1,NORMAL,1,0,0.5104376077651978
9315,0.52097,1,NORMAL,1,0,0.4191046953201294
9317,0.28288883,1,NORMAL,1,0,0.43588536977767944
9319,0.2768034,1,NORMAL,1,0,0.4436083137989044
9321,0.24705881,1,NORMAL,1,0,0.632993757724762
9322,0.16741763,1,NORMAL,1,0,0.46460556983947754
9324,0.54865634,1,NORMAL,2,1,0.498416543006897
9327,0.1291526,1,NORMAL,1,0,0.6257797479629517
9330,0.19138736,1,NORMAL,1,0,0.49892476201057434
9337,0.28952396,1,NORMAL,1,0,0.6330380439758301
9338,0.15632378,1,NORMAL,1,0,0.6134325265884399
9343,0.091202445,1,NORMAL,1,0,0.6185940504074097
9350,0.3831217,1,NORMAL,1,0,0.4740091860294342
9351,0.27609622,1,NORMAL,1,0,0.452724426984787
9353,0.1335657,1,NORMAL,1,0,0.5869303345680237
9356,0.1424993,1,NORMAL,1,0,0.47443923354148865
9357,0.18508598,1,NORMAL,1,0,0.6500746607780457
9358,0.07374456,1,NORMAL,1,0,0.41586998105049133
9359,0.25940666,1,NORMAL,1,0,0.48051920533180237
9362,0.1641398,1,NORMAL,1,0,0.6036274433135986
9363,0.21413168,1,NORMAL,1,0,0.647150456905365
9366,0.2803091,1,NORMAL,1,0,0.5694463849067688
9369,0.21637999,1,NORMAL,1,0,0.5510420799255371
9375,0.18888855,1,NORMAL,1,0,0.5523999929428101
9376,0.471124,1,NORMAL,1,0,0.47110220789909363
9377,0.2711369,1,NORMAL,1,0,0.5490018725395203
9380,0.17437111,1,NORMAL,1,0,0.6034599542617798
9388,0.10921053,1,NORMAL,1,0,0.5097020864486694
9390,0.10445662,1,NORMAL,1,0,0.5513977408409119
9393,0.2175992,1,NORMAL,1,0,0.5525715947151184
9395,0.2563637,1,NORMAL,1,0,0.5521387457847595
9396,0.25799698,1,NORMAL,1,0,0.6170521378517151
9397,0.24667628,1,NORMAL,1,0,0.49465593695640564
9400,0.52981776,1,NORMAL,2,1,0.5340903997421265
9403,0.58558935,0,NORMAL,2,1,0.7129067778587341
9404,0.21129444,1,NORMAL,1,0,0.5288224816322327
9407,0.12807721,1,NORMAL,1,0,0.5778748989105225
9410,0.2342943,1,NORMAL,1,0,0.4502433240413666
9413,0.15503415,1,NORMAL,1,0,0.5931194424629211
9414,0.24447207,1,NORMAL,1,0,0.6427985429763794
9416,0.47857457,1,NORMAL,1,0,0.4948108196258545
9417,0.18841062,1,NORMAL,1,0,0.6070771217346191
9418,0.18786044,1,NORMAL,1,0,0.47905370593070984
9419,0.17814335,1,NORMAL,1,0,0.4677734971046448
9421,0.12029351,1,NORMAL,1,0,0.6383722424507141
9422,0.14131331,1,NORMAL,1,0,0.3852825164794922
9424,0.7264254,0,NORMAL,2,1,0.4334550201892853
9427,0.1797959,1,NORMAL,1,0,0.5302349925041199
9428,0.17948844,1,NORMAL,1,0,0.6256583333015442
9429,0.37245417,1,NORMAL,1,0,0.5419814586639404
9430,0.23341674,1,NORMAL,1,0,0.539695680141449
9433,0.5938475,1,NORMAL,2,1,0.6153428554534912
9434,0.39503402,1,NORMAL,1,0,0.49123719334602356
9435,0.19808948,1,NORMAL,1,0,0.5599794387817383
9436,0.27956972,1,NORMAL,1,0,0.5622828602790833
9441,0.11618187,1,NORMAL,1,0,0.503345251083374
9443,0.20548008,1,NORMAL,1,0,0.5454542636871338
9452,0.09710704,1,NORMAL,1,0,0.4159134328365326
9453,0.362311,1,NORMAL,1,0,0.6081154942512512
9454,0.14623518,1,NORMAL,1,0,0.43103957176208496
9455,0.29359788,1,NORMAL,1,0,0.660073459148407
9456,0.33168274,1,NORMAL,1,0,0.482694536447525
9459,0.6410574,1,NORMAL,2,1,0.6288111209869385
9461,0.097997546,1,NORMAL,1,0,0.571745753288269
9464,0.23194212,1,NORMAL,1,0,0.5205802917480469
9467,0.5738969,0,NORMAL,2,1,0.6399866342544556
9470,0.15287346,1,NORMAL,1,0,0.555637538433075
9471,0.12864837,1,NORMAL,1,0,0.606158435344696
9472,0.34997648,1,NORMAL,1,0,0.5168317556381226
9473,0.22313201,1,NORMAL,1,0,0.4486427903175354
9476,0.11793381,1,NORMAL,1,0,0.5766912698745728
9480,0.093214765,1,NORMAL,1,0,0.4461255967617035
9481,0.17540173,1,NORMAL,1,0,0.49966785311698914
9483,0.16571978,1,NORMAL,1,0,0.3751142919063568
9485,0.16756748,1,NORMAL,1,0,0.5031007528305054
9488,0.11607131,1,NORMAL,1,0,0.5928933024406433
9494,0.15357572,1,NORMAL,1,0,0.5836186408996582
9497,0.3297593,1,NORMAL,1,0,0.5431424379348755
9501,0.16123815,1,NORMAL,1,0,0.3516096770763397
9502,0.09794477,1,NORMAL,1,0,0.5792722702026367
9503,0.35139728,1,NORMAL,1,0,0.4565916061401367
9504,0.110041685,1,NORMAL,1,0,0.4377466142177582
9505,0.10436219,1,NORMAL,1,0,0.6218375563621521
9508,0.10128693,1,NORMAL,1,0,0.5680797696113586
9512,0.12044619,1,NORMAL,1,0,0.5916057825088501
9513,0.13335451,1,NORMAL,1,0,0.5360594391822815
9517,0.2119311,1,NORMAL,1,0,0.4526013433933258
9518,0.08236469,1,NORMAL,1,0,0.6253790855407715
9519,0.15606542,1,NORMAL,1,0,0.4513119161128998
9520,0.09458183,1,NORMAL,1,0,0.52496337890625
9522,0.3027756,1,NORMAL,1,0,0.6301792860031128
9523,0.19394185,1,NORMAL,1,0,0.5200679898262024
9524,0.6745381,1,NORMAL,2,1,0.5424137711524963
9525,0.1395572,1,NORMAL,1,0,0.5204259753227234
9526,0.09369376,1,NORMAL,1,0,0.6199365854263306
9527,0.23604825,1,NORMAL,1,0,0.5891455411911011
9529,0.079340085,1,NORMAL,1,0,0.4123709499835968
9532,0.09583448,1,NORMAL,1,0,0.611213743686676
9534,0.14105597,1,NORMAL,1,0,0.4845755994319916
9536,0.34311035,1,NORMAL,1,0,0.678163468837738
9538,0.28259486,1,NORMAL,1,0,0.5100289583206177
9539,0.17738047,1,NORMAL,1,0,0.5137853622436523
9540,0.27128696,1,NORMAL,1,0,0.11978977173566818
9547,0.13500382,1,NORMAL,1,0,0.6414607167243958
9548,0.1051906,1,NORMAL,1,0,0.43158724904060364
9549,0.11191109,1,NORMAL,1,0,0.5634918808937073
9554,0.27399153,1,NORMAL,1,0,0.6195434331893921
9559,0.28309703,1,NORMAL,1,0,0.47877809405326843
9560,0.41915295,1,NORMAL,1,0,0.5476956367492676
9564,0.19098401,1,NORMAL,1,0,0.4681790769100189
9566,0.2822031,1,NORMAL,1,0,0.40400758385658264
9568,0.1518713,1,NORMAL,1,0,0.5256034731864929
9569,0.11467536,1,NORMAL,1,0,0.6410716772079468
9570,0.08676457,1,NORMAL,1,0,0.6054714322090149
9571,0.0952318,1,NORMAL,1,0,0.5149980187416077
9573,0.7707863,1,NORMAL,2,1,0.4600669741630554
9574,0.18067187,1,NORMAL,1,0,0.5771423578262329
9577,0.13155006,1,NORMAL,1,0,0.5101814866065979
9578,0.6342944,1,NORMAL,2,1,0.35695546865463257
9582,0.091788314,1,NORMAL,1,0,0.5532861351966858
9583,0.15370043,1,NORMAL,1,0,0.6535727381706238
9584,0.15079305,1,NORMAL,1,0,0.457719087600708
9585,0.19400516,1,NORMAL,1,0,0.4760695993900299
9588,0.32841086,1,NORMAL,1,0,0.4510538578033447
9589,0.20629612,1,NORMAL,1,0,0.5654551386833191
9592,0.2012524,1,NORMAL,1,0,0.43872201442718506
9603,0.3142541,1,NORMAL,1,0,0.5705912709236145
9606,0.14449568,1,NORMAL,1,0,0.5557262897491455
9612,0.11910702,1,NORMAL,1,0,0.46801725029945374
9617,0.1093207,0,NORMAL,1,0,0.6497114300727844
9620,0.5566323,1,NORMAL,1,0,0.5861940979957581
9621,0.23662357,1,NORMAL,1,0,0.5053948163986206
9623,0.2668278,1,NORMAL,1,0,0.5209251046180725
9628,0.14648929,1,NORMAL,1,0,0.606604278087616
9630,0.13173814,1,NORMAL,1,0,0.5874143242835999
9635,0.33997655,1,NORMAL,1,0,0.2092745006084442
9636,0.24794301,1,NORMAL,1,0,0.5605323910713196
9639,0.30062616,1,NORMAL,1,0,0.6234160661697388
9640,0.25773653,1,NORMAL,1,0,0.5086710453033447
9641,0.24514906,1,NORMAL,1,0,0.5965179204940796
9642,0.1762182,1,NORMAL,1,0,0.5743362903594971
9643,0.19171304,1,NORMAL,1,0,0.5190545916557312
9645,0.20853028,1,NORMAL,1,0,0.555851399898529
9646,0.3387456,1,NORMAL,1,0,0.5106915831565857
9650,0.1490353,1,NORMAL,1,0,0.5396027565002441
9652,0.15646839,1,NORMAL,1,0,0.6138546466827393
9653,0.17268884,1,NORMAL,1,0,0.5931194424629211
9654,0.26021427,1,NORMAL,1,0,0.5560619235038757
9655,0.14353052,1,NORMAL,1,0,0.5304865837097168
9656,0.06773745,1,NORMAL,1,0,0.5544479489326477
9658,0.54676104,1,NORMAL,2,1,0.5720185041427612
9659,0.2445039,1,NORMAL,1,0,0.6146445274353027
9662,0.21250668,1,NORMAL,1,0,0.12746229767799377
9671,0.16086024,1,NORMAL,1,0,0.4719466269016266
9672,0.23124431,1,NORMAL,1,0,0.5219531059265137
9673,0.16199121,1,NORMAL,1,0,0.6137813925743103
9676,0.39503872,1,NORMAL,1,0,0.48362162709236145
9680,0.18194619,1,NORMAL,1,0,0.4660085439682007
9681,0.27271888,1,NORMAL,1,0,0.5169028043746948
9685,0.5463114,1,NORMAL,1,0,0.5956851243972778
9688,0.28369254,1,NORMAL,1,0,0.5255193114280701
9691,0.39530227,1,NORMAL,1,0,0.5472971200942993
9692,0.35890764,1,NORMAL,1,0,0.5500681400299072
9693,0.24992135,1,NORMAL,1,0,0.47473907470703125
9694,0.21023104,1,NORMAL,1,0,0.5090332627296448
9695,0.20436473,1,NORMAL,1,0,0.5996860861778259
9706,0.09351786,1,NORMAL,1,0,0.6152157783508301
9708,0.042580068,1,NORMAL,1,0,0.48753076791763306
9710,0.24857754,1,NORMAL,1,0,0.4577939510345459
9713,0.12160738,1,NORMAL,1,0,0.6016634106636047
9718,0.030562053,1,NORMAL,1,0,0.5209662318229675
9723,0.16984946,1,NORMAL,1,0,0.5823384523391724
9726,0.23054191,1,NORMAL,1,0,0.5868291854858398
9727,0.2088584,1,NORMAL,1,0,0.5586073994636536
9729,0.43703964,1,NORMAL,1,0,0.5812782049179077
9734,0.17527221,1,NORMAL,1,0,0.5455397367477417
9735,0.24903296,1,NORMAL,1,0,0.6253225803375244
9736,0.14754142,1,NORMAL,1,0,0.5629075169563293
9737,0.361922,1,NORMAL,1,0,0.532592236995697
9742,0.20085159,1,NORMAL,1,0,0.5070368051528931
9745,0.21045107,1,NORMAL,1,0,0.4589858055114746
9746,0.22822422,1,NORMAL,1,0,0.5163099765777588
9748,0.09780917,1,NORMAL,1,0,0.639192521572113
9750,0.13366918,1,NORMAL,1,0,0.45531073212623596
9753,0.15996043,1,NORMAL,1,0,0.5898932814598083
9755,0.23881131,1,NORMAL,1,0,0.6461902856826782
9758,0.27568924,1,NORMAL,1,0,0.33376529812812805
9762,0.16085672,1,NORMAL,1,0,0.5790216326713562
9763,0.17074504,1,NORMAL,1,0,0.6286934018135071
9764,0.15748703,1,NORMAL,1,0,0.5721251964569092
9769,0.14557466,1,NORMAL,1,0,0.561935305595398
9772,0.45278084,1,NORMAL,1,0,0.5817309617996216
9774,0.09173033,1,NORMAL,1,0,0.6128862500190735
9775,0.11916877,1,NORMAL,1,0,0.5848110914230347
9783,0.12949839,1,NORMAL,1,0,0.6269089579582214
9785,0.31107658,1,NORMAL,1,0,0.5843974351882935
9786,0.12285306,1,NORMAL,1,0,0.4876665472984314
9787,0.08578396,1,NORMAL,1,0,0.6429786682128906
9791,0.099213615,1,NORMAL,1,0,0.6585043668746948
9795,0.18559995,1,NORMAL,1,0,0.6539850234985352
9797,0.19956538,1,NORMAL,1,0,0.5650539398193359
9798,0.21422923,1,NORMAL,1,0,0.5993825793266296
9799,0.14392999,1,NORMAL,1,0,0.5801615715026855
9800,0.21241915,1,NORMAL,1,0,0.4153657853603363
9801,0.11378936,1,NORMAL,1,0,0.6004056334495544
9802,0.25095874,1,NORMAL,1,0,0.4936164617538452
9805,0.23357049,1,NORMAL,1,0,0.5904325842857361
9808,0.30082965,1,NORMAL,1,0,0.48108187317848206
9810,0.17300808,1,NORMAL,1,0,0.44705697894096375
9811,0.24592577,1,NORMAL,1,0,0.5884335041046143
9816,0.08278759,1,NORMAL,1,0,0.42499348521232605
9822,0.23396063,1,NORMAL,1,0,0.564315676689148
9824,0.5103623,1,NORMAL,1,0,0.46989837288856506
9826,0.2464152,1,NORMAL,1,0,0.6356310248374939
9827,0.12394829,1,NORMAL,1,0,0.6500936150550842
9832,0.24685262,1,NORMAL,1,0,0.5191524624824524
9834,0.25014317,1,NORMAL,1,0,0.5118082761764526
9838,0.14051816,1,NORMAL,1,0,0.579755425453186
9839,0.5403109,1,NORMAL,2,1,0.6607235074043274
9840,0.16393647,1,NORMAL,1,0,0.3880472481250763
9841,0.10470788,1,NORMAL,1,0,0.542794406414032
9846,0.13241628,1,NORMAL,1,0,0.5499125719070435
9849,0.29232118,1,NORMAL,1,0,0.44603976607322693
9850,0.3653686,1,NORMAL,1,0,0.15451715886592865
9854,0.23421565,1,NORMAL,1,0,0.5593522191047668
9857,0.7053555,0,NORMAL,2,1,0.5483892560005188
9863,0.24603558,1,NORMAL,1,0,0.4419563114643097
9865,0.10816137,1,NORMAL,1,0,0.5650772452354431
9867,0.08117759,1,NORMAL,1,0,0.6066972017288208
9869,0.07481794,1,NORMAL,1,0,0.5858238339424133
9874,0.1192033,1,NORMAL,1,0,0.5451765656471252
9875,0.15395953,1,NORMAL,1,0,0.5057587623596191
9876,0.34223792,1,NORMAL,1,0,0.5560783743858337
9879,0.15438233,1,NORMAL,1,0,0.5870956778526306
9886,0.239708,1,NORMAL,1,0,0.5534629821777344
9893,0.2127239,1,NORMAL,1,0,0.45120230317115784
9897,0.17637837,1,NORMAL,1,0,0.5561762452125549
9906,0.17443684,1,NORMAL,1,0,0.5367013216018677
9908,0.39372885,1,NORMAL,1,0,0.5312708020210266
9909,0.28581613,1,NORMAL,1,0,0.5606178641319275
9910,0.164888,1,NORMAL,1,0,0.6113619804382324
9911,0.5080428,1,NORMAL,2,1,0.5065780878067017
9913,0.11323956,1,NORMAL,1,0,0.565060019493103
9914,0.28725034,1,NORMAL,1,0,0.5107213258743286
9923,0.18997057,1,NORMAL,1,0,0.6033253073692322
9927,0.22107777,1,NORMAL,1,0,0.4727192521095276
9933,0.09482839,1,NORMAL,1,0,0.3418327569961548
9936,0.22429012,1,NORMAL,1,0,0.5611591935157776
9937,0.12551272,1,NORMAL,1,0,0.5097828507423401
9938,0.092763655,1,NORMAL,1,0,0.566813051700592
9942,0.4951414,1,NORMAL,1,0,0.309183269739151
9947,0.14364801,1,NORMAL,1,0,0.505852460861206
9948,0.31844878,1,NORMAL,1,0,0.4034859836101532
9950,0.2019769,1,NORMAL,1,0,0.5624743103981018
9951,0.44149902,1,NORMAL,1,0,0.47873222827911377
9954,0.16723418,1,NORMAL,1,0,0.5711716413497925
9955,0.20856133,1,NORMAL,1,0,0.48564445972442627
9961,0.14003424,1,NORMAL,1,0,0.6176129579544067
9962,0.17274141,1,NORMAL,1,0,0.6178328394889832
9963,0.42127723,1,NORMAL,1,0,0.5047010183334351
9969,0.17458616,1,NORMAL,1,0,0.48482459783554077
9970,0.18495154,1,NORMAL,1,0,0.6143407821655273
9974,0.120638974,1,NORMAL,1,0,0.6115813255310059
9976,0.0686293,1,NORMAL,1,0,0.5449733734130859
9981,0.21048309,1,NORMAL,1,0,0.4508693516254425
9986,0.09535483,1,NORMAL,1,0,0.5837448239326477
9988,0.33216405,1,NORMAL,1,0,0.6797090172767639
9991,0.32150078,1,NORMAL,1,0,0.5305545330047607
9992,0.27924123,1,NORMAL,1,0,0.5298890471458435
9995,0.1641078,1,NORMAL,1,0,0.5408804416656494
9998,0.22247544,1,NORMAL,1,0,0.6185774803161621
10000,0.3641779,1,NORMAL,1,0,0.5856927037239075
10001,0.4567894,1,NORMAL,1,0,0.5916207432746887
10002,0.1177845,1,NORMAL,1,0,0.5867971181869507
10003,0.08703086,1,NORMAL,1,0,0.661341667175293
10004,0.25063702,1,NORMAL,1,0,0.6176882982254028
10006,0.65671086,0,NORMAL,2,1,0.28125
10008,0.2218515,1,NORMAL,1,0,0.5909606218338013
10013,0.51399755,1,NORMAL,2,1,0.5870780944824219
10015,0.10845074,1,NORMAL,1,0,0.5566070079803467
10016,0.60829735,1,NORMAL,1,0,0.4640129804611206
10017,0.16477793,1,NORMAL,1,0,0.48192524909973145
10019,0.08884105,1,NORMAL,1,0,0.45971208810806274
10020,0.23735587,1,NORMAL,1,0,0.38095757365226746
10021,0.33652323,1,NORMAL,1,0,0.5166789293289185
10023,0.27022812,1,NORMAL,1,0,0.5561293959617615
10026,0.37132588,1,NORMAL,1,0,0.5296503901481628
10029,0.116280764,1,NORMAL,1,0,0.6257153749465942
10031,0.48535967,1,NORMAL,1,0,0.5585988759994507
10032,0.4121531,1,NORMAL,1,0,0.5576092004776001
10037,0.23105636,1,NORMAL,1,0,0.6052775979042053
10038,0.22588347,1,NORMAL,1,0,0.48545676469802856
10039,0.2036138,1,NORMAL,1,0,0.5324569940567017
10041,0.08586073,1,NORMAL,1,0,0.4269166886806488
10042,0.20972273,1,NORMAL,1,0,0.49746769666671753
10044,0.24239539,1,NORMAL,1,0,0.534157395362854
10045,0.24114789,1,NORMAL,1,0,0.4475950300693512
10049,0.2754638,1,NORMAL,1,0,0.23949627578258514
10050,0.22822186,1,NORMAL,1,0,0.4487326741218567
10052,0.09047231,1,NORMAL,1,0,0.5598611235618591
10053,0.30776638,1,NORMAL,1,0,0.607888400554657
10054,0.7113059,1,NORMAL,2,1,0.5645920634269714
10055,0.22129385,1,NORMAL,1,0,0.5507875680923462
10061,0.25019968,1,NORMAL,1,0,0.39971935749053955
10064,0.20326582,1,NORMAL,1,0,0.627112627029419
10068,0.1782859,1,NORMAL,1,0,0.5519017577171326
10075,0.27895004,1,NORMAL,1,0,0.48281174898147583
10077,0.19798851,1,NORMAL,1,0,0.4978780746459961
10078,0.16827163,1,NORMAL,1,0,0.376324862241745
10079,0.21012852,1,NORMAL,1,0,0.6005329489707947
10081,0.11211245,1,NORMAL,1,0,0.6168243885040283
10082,0.121229246,1,NORMAL,1,0,0.5923913717269897
10084,0.08234347,1,NORMAL,1,0,0.5359607934951782
10092,0.20808662,1,NORMAL,1,0,0.5343895554542542
10093,0.2484602,1,NORMAL,1,0,0.5147456526756287
10094,0.280005,1,NORMAL,1,0,0.5888722538948059
10099,0.3289255,1,NORMAL,1,0,0.504538893699646
10100,0.092893906,1,NORMAL,1,0,0.5462251305580139
10103,0.13760886,1,NORMAL,1,0,0.3715650141239166
10109,0.18258914,1,NORMAL,1,0,0.5689147114753723
10110,0.3518389,1,NORMAL,1,0,0.4879004657268524
10115,0.146797,1,NORMAL,1,0,0.5761874318122864
10116,0.16957754,1,NORMAL,1,0,0.342741459608078
10122,0.2977884,1,NORMAL,1,0,0.6304381489753723
10123,0.34563366,1,NORMAL,1,0,0.5147261023521423
10124,0.20519504,1,NORMAL,1,0,0.5624418258666992
10126,0.32625672,1,NORMAL,1,0,0.702325701713562
10127,0.05847406,1,NORMAL,1,0,0.5499194264411926
10128,0.27239507,1,NORMAL,1,0,0.5918611884117126
10129,0.29195696,1,NORMAL,1,0,0.5457784533500671
10136,0.15307099,1,NORMAL,1,0,0.5381367206573486
10137,0.26931563,1,NORMAL,1,0,0.6258589029312134
10143,0.29478353,1,NORMAL,1,0,0.5417657494544983
10145,0.2266584,1,NORMAL,1,0,0.4325324594974518
10149,0.198323,1,NORMAL,1,0,0.37424373626708984
10152,0.71178913,0,NORMAL,2,1,0.5462378859519958
10156,0.12626961,1,NORMAL,1,0,0.496084600687027
10157,0.21699126,1,NORMAL,1,0,0.6293278932571411
10161,0.29595906,1,NORMAL,1,0,0.6033473014831543
10162,0.038298097,1,NORMAL,1,0,0.542182445526123
10164,0.25235274,1,NORMAL,1,0,0.5079836249351501
10168,0.16765137,1,NORMAL,1,0,0.5776358246803284
10169,0.07393558,1,NORMAL,1,0,0.5833703279495239
10170,0.17355037,1,NORMAL,1,0,0.29548728466033936
10171,0.22141245,1,NORMAL,1,0,0.54918372631073
10172,0.17142428,1,NORMAL,1,0,0.4483617842197418
10177,0.3799357,1,NORMAL,1,0,0.3949737250804901
10179,0.101489276,1,NORMAL,1,0,0.6016963720321655
10180,0.1117745,1,NORMAL,1,0,0.6512934565544128
10183,0.2337218,1,NORMAL,1,0,0.6393346786499023
10187,0.17777981,1,NORMAL,1,0,0.5336054563522339
10188,0.18842468,1,NORMAL,1,0,0.6169494986534119
10189,0.20103543,1,NORMAL,1,0,0.6087859869003296
10191,0.2858125,1,NORMAL,1,0,0.5417789816856384
10192,0.32430133,1,NORMAL,1,0,0.5479767322540283
10193,0.107148856,1,NORMAL,1,0,0.6390347480773926
10198,0.29500115,1,NORMAL,1,0,0.5029363036155701
10203,0.37858814,1,NORMAL,1,0,0.5669572353363037
10205,0.08850139,1,NORMAL,1,0,0.6085342168807983
10206,0.110623956,1,NORMAL,1,0,0.4689246416091919
10209,0.24044082,1,NORMAL,1,0,0.5819180011749268
10212,0.31215495,1,NORMAL,1,0,0.579494833946228
10213,0.109275624,1,NORMAL,1,0,0.5844703316688538
10219,0.3956202,1,NORMAL,1,0,0.46633198857307434
10224,0.16796084,1,NORMAL,1,0,0.5725254416465759
10229,0.13694043,1,NORMAL,1,0,0.4533565938472748
10230,0.15251154,1,NORMAL,1,0,0.5099402666091919
10232,0.1026927,1,NORMAL,1,0,0.5196051001548767
10236,0.08415204,1,NORMAL,1,0,0.6165149211883545
10239,0.28178307,1,NORMAL,1,0,0.5848374366760254
10248,0.4552561,1,NORMAL,1,0,0.5980759263038635
10252,0.55985045,1,NORMAL,2,1,0.10946743935346603
10254,0.5765984,1,NORMAL,2,1,0.511217474937439
10256,0.12485694,1,NORMAL,1,0,0.6044852137565613
10262,0.17086217,1,NORMAL,1,0,0.5711037516593933
10268,0.25986385,1,NORMAL,1,0,0.5760955810546875
10269,0.19547394,1,NORMAL,1,0,0.5784391164779663
10276,0.042200346,1,NORMAL,1,0,0.56074059009552
10281,0.31034508,1,NORMAL,1,0,0.5839245319366455
10288,0.17615826,1,NORMAL,1,0,0.5619305968284607
10293,0.16915289,1,NORMAL,1,0,0.4900085926055908
10295,0.11190776,1,NORMAL,1,0,0.5348792672157288
10297,0.15740287,1,NORMAL,1,0,0.500959575176239
10301,0.1888799,1,NORMAL,1,0,0.6276235580444336
10304,0.2901522,1,NORMAL,1,0,0.5820803046226501
10311,0.13350981,1,NORMAL,1,0,0.5851943492889404
10316,0.32272658,1,NORMAL,1,0,0.4588457942008972
10317,0.26396024,1,NORMAL,1,0,0.6088936924934387
10322,0.13439484,1,NORMAL,1,0,0.5548151135444641
10323,0.09418227,1,NORMAL,1,0,0.6417587995529175
10327,0.23506224,1,NORMAL,1,0,0.5693618655204773
10328,0.1807043,1,NORMAL,1,0,0.4893655776977539
10330,0.1542168,1,NORMAL,1,0,0.5913932919502258
10332,0.2040775,1,NORMAL,1,0,0.5889351963996887
10334,0.39211565,1,NORMAL,1,0,0.5435951948165894
10336,0.0754602,1,NORMAL,1,0,0.5317448377609253
10340,0.13539518,1,NORMAL,1,0,0.5666804313659668
10343,0.30414078,1,NORMAL,1,0,0.45643121004104614
10344,0.4248579,1,NORMAL,1,0,0.5428507328033447
10348,0.16152827,1,NORMAL,1,0,0.5715619325637817
10352,0.26057607,1,NORMAL,1,0,0.45951521396636963
10353,0.3315152,1,NORMAL,1,0,0.5001183152198792
10354,0.27864054,1,NORMAL,1,0,0.44478490948677063
10357,0.19896965,1,NORMAL,1,0,0.6251626014709473
10358,0.44412842,1,NORMAL,1,0,0.46765875816345215
10359,0.09333551,1,NORMAL,1,0,0.509360134601593
10363,0.038000174,1,NORMAL,1,0,0.41905084252357483
10369,0.3226864,1,NORMAL,1,0,0.5263932347297668
10373,0.2568349,1,NORMAL,1,0,0.4896957576274872
10379,0.09842635,1,NORMAL,1,0,0.4431702792644501
10381,0.23075962,1,NORMAL,1,0,0.40544602274894714
10382,0.1274612,1,NORMAL,1,0,0.6144390106201172
10384,0.20608684,1,NORMAL,1,0,0.5185182094573975
10387,0.6606589,0,NORMAL,1,0,0.9359084963798523
10388,0.15032296,1,NORMAL,1,0,0.4756656289100647
10389,0.21511954,1,NORMAL,1,0,0.5854743719100952
10394,0.17612182,1,NORMAL,1,0,0.5815836191177368
10395,0.114529476,1,NORMAL,1,0,0.5767281651496887
10397,0.26076087,1,NORMAL,1,0,0.6197806596755981
10398,0.22154021,1,NORMAL,1,0,0.4956577718257904
10400,0.17634226,1,NORMAL,1,0,0.6645203232765198
10402,0.18112807,1,NORMAL,1,0,0.36255547404289246
10403,0.25181633,1,NORMAL,1,0,0.6288937926292419
10412,0.07101233,1,NORMAL,1,0,0.434858113527298
10413,0.2712861,1,NORMAL,1,0,0.5785238742828369
10416,0.19337213,1,NORMAL,1,0,0.3864181637763977
10418,0.2416907,1,NORMAL,1,0,0.4722624719142914
10423,0.1327298,1,NORMAL,1,0,0.576606035232544
10424,0.20102477,1,NORMAL,1,0,0.42983201146125793
10425,0.14934646,1,NORMAL,1,0,0.5172297954559326
10427,0.1574111,1,NORMAL,1,0,0.6052675247192383
10428,0.098049976,1,NORMAL,1,0,0.5221331715583801
10429,0.3078937,1,NORMAL,1,0,0.5498830080032349
10433,0.06221615,1,NORMAL,1,0,0.5095039010047913
10434,0.17279813,1,NORMAL,1,0,0.5522836446762085
10435,0.11900227,1,NORMAL,1,0,0.5740141272544861
10436,0.35027227,1,NORMAL,1,0,0.48828059434890747
10437,0.5492724,1,NORMAL,2,1,0.6617017388343811
10438,0.322579,1,NORMAL,1,0,0.5672205686569214
10442,0.13941704,1,NORMAL,1,0,0.6297405958175659
10447,0.16362229,1,NORMAL,1,0,0.5801405906677246
10448,0.15236402,1,NORMAL,1,0,0.5762986540794373
10449,0.18248944,1,NORMAL,1,0,0.6210398077964783
10450,0.48741484,1,NORMAL,1,0,0.5752748847007751
10453,0.18748403,1,NORMAL,1,0,0.45446088910102844
10454,0.21134481,1,NORMAL,1,0,0.507865846157074
10464,0.21471894,1,NORMAL,1,0,0.5532158613204956
10465,0.3724852,1,NORMAL,1,0,0.5816612243652344
10468,0.16156109,1,NORMAL,1,0,0.6032066941261292
10471,0.10333734,1,NORMAL,1,0,0.5471444725990295
10474,0.14469114,1,NORMAL,1,0,0.6189571022987366
10476,0.14751507,1,NORMAL,1,0,0.545362651348114
10477,0.24134977,1,NORMAL,1,0,0.5695914626121521
10478,0.09808485,1,NORMAL,1,0,0.5598716139793396
10480,0.19186457,1,NORMAL,1,0,0.4624658226966858
10481,0.16699864,1,NORMAL,1,0,0.5269849896430969
10485,0.06553921,1,NORMAL,1,0,0.3964945077896118
10486,0.42050552,1,NORMAL,1,0,0.47545698285102844
10487,0.44545558,1,NORMAL,1,0,0.5943423509597778
10490,0.18481871,1,NORMAL,1,0,0.6244523525238037
10494,0.11695807,1,NORMAL,1,0,0.537321925163269
10499,0.17942141,1,NORMAL,1,0,0.556088387966156
10500,0.16891956,1,NORMAL,1,0,0.538692057132721
10503,0.41310164,1,NORMAL,1,0,0.6858388781547546
10509,0.06145237,1,NORMAL,1,0,0.5728879570960999
10510,0.19445181,1,NORMAL,1,0,0.5892407298088074
10511,0.15917633,1,NORMAL,1,0,0.5771328210830688
10512,0.16345626,1,NORMAL,1,0,0.6090549826622009
10513,0.08012553,1,NORMAL,1,0,0.5945398211479187
10514,0.19866411,1,NORMAL,1,0,0.5405261516571045
10515,0.17685004,1,NORMAL,1,0,0.5517107248306274
10516,0.27384531,1,NORMAL,1,0,0.5114975571632385
10520,0.3083811,1,NORMAL,1,0,0.5317836999893188
10523,0.17929232,1,NORMAL,1,0,0.5607020854949951
10529,0.34146944,1,NORMAL,1,0,0.5638583898544312
10530,0.37320977,1,NORMAL,1,0,0.5532371401786804
10531,0.2989299,1,NORMAL,1,0,0.5484493970870972
10533,0.11371244,1,NORMAL,1,0,0.5740926265716553
10534,0.31923252,1,NORMAL,1,0,0.48828527331352234
10536,0.3486883,1,NORMAL,1,0,0.6548159718513489
10541,0.3575686,1,NORMAL,1,0,0.445063054561615
10543,0.08660658,1,NORMAL,1,0,0.5582988262176514
10546,0.16203585,1,NORMAL,1,0,0.5431941747665405
10550,0.18631108,1,NORMAL,1,0,0.6106038689613342
10553,0.07967914,1,NORMAL,1,0,0.5679258704185486
10556,0.19552685,1,NORMAL,1,0,0.4583981931209564
10558,0.33846882,1,NORMAL,1,0,0.4288462698459625
10559,0.63293767,1,NORMAL,2,1,0.4510554075241089
10560,0.106926456,1,NORMAL,1,0,0.5862693786621094
10561,0.25228736,1,NORMAL,1,0,0.5275764465332031
10562,0.1624638,1,NORMAL,1,0,0.5908510684967041
10564,0.6454165,0,NORMAL,2,1,0.4019736349582672
10565,0.16059066,1,NORMAL,1,0,0.41247743368148804
10566,0.1860536,1,NORMAL,1,0,0.6148456931114197
10567,0.068973705,1,NORMAL,1,0,0.6052526831626892
10568,0.316415,1,NORMAL,1,0,0.42744922637939453
10569,0.13766396,1,NORMAL,1,0,0.5963932871818542
10571,0.2172209,1,NORMAL,1,0,0.6057561635971069
10574,0.22388165,1,NORMAL,1,0,0.5919238924980164
10575,0.2568325,1,NORMAL,1,0,0.5551273822784424
10576,0.09325881,1,NORMAL,1,0,0.40356525778770447
10577,0.15002282,1,NORMAL,1,0,0.5467332601547241
10582,0.23550041,1,NORMAL,1,0,0.5485104918479919
10583,0.2970589,1,NORMAL,1,0,0.498801589012146
10589,0.22268829,1,NORMAL,1,0,0.37767156958580017
10590,0.18970247,1,NORMAL,1,0,0.5919402837753296
10591,0.10504095,1,NORMAL,1,0,0.42487481236457825
10594,0.25189877,1,NORMAL,1,0,0.4760534167289734
10596,0.2565757,1,NORMAL,1,0,0.3865908682346344
10598,0.30209547,1,NORMAL,1,0,0.5812444090843201
10601,0.28197423,1,NORMAL,1,0,0.5561587810516357
10602,0.2121074,1,NORMAL,1,0,0.46832215785980225
10603,0.23955145,1,NORMAL,1,0,0.42393067479133606
10605,0.07547583,1,NORMAL,1,0,0.5888607501983643
10612,0.07716414,1,NORMAL,1,0,0.49887847900390625
10615,0.26473397,1,NORMAL,1,0,0.5825487375259399
10620,0.32767898,1,NORMAL,1,0,0.4732891917228699
10622,0.12416169,1,NORMAL,1,0,0.5648918151855469
10624,0.2527801,1,NORMAL,1,0,0.6097138524055481
10625,0.22724384,1,NORMAL,1,0,0.5228826403617859
10627,0.23258221,1,NORMAL,1,0,0.5532804727554321
10630,0.19334126,1,NORMAL,1,0,0.5298140048980713
10633,0.19382393,1,NORMAL,1,0,0.5980526208877563
10634,0.3164263,1,NORMAL,1,0,0.5344277024269104
10636,0.16148078,1,NORMAL,1,0,0.518929660320282
10641,0.24593568,1,NORMAL,1,0,0.581618070602417
10643,0.09262128,1,NORMAL,1,0,0.5583963394165039
10645,0.29791397,1,NORMAL,1,0,0.4261873960494995
10648,0.2753286,1,NORMAL,1,0,0.5416539311408997
10650,0.102294326,1,NORMAL,1,0,0.609131395816803
10652,0.15740857,1,NORMAL,1,0,0.5956549048423767
10654,0.33319378,0,NORMAL,1,0,0.3356403708457947
10656,0.3034865,1,NORMAL,1,0,0.5862812399864197
10657,0.28502655,1,NORMAL,1,0,0.5695158839225769
10660,0.17409524,1,NORMAL,1,0,0.6128934025764465
10663,0.16711387,1,NORMAL,1,0,0.4127580523490906
10664,0.14059195,1,NORMAL,1,0,0.573184072971344
10665,0.3002803,1,NORMAL,1,0,0.6711604595184326
10666,0.23897542,1,NORMAL,1,0,0.629989743232727
10667,0.15788025,1,NORMAL,1,0,0.5400364398956299
10670,0.1765734,1,NORMAL,1,0,0.4569964110851288
10671,0.18912134,1,NORMAL,1,0,0.5920722484588623
10674,0.29777864,1,NORMAL,1,0,0.5112274885177612
10678,0.17638229,1,NORMAL,1,0,0.4328376054763794
10682,0.33309582,1,NORMAL,1,0,0.5560853481292725
10685,0.07769385,1,NORMAL,1,0,0.49579933285713196
10686,0.19736688,1,NORMAL,1,0,0.636829137802124
10688,0.22535598,1,NORMAL,1,0,0.5168406367301941
10691,0.26540607,1,NORMAL,1,0,0.5435677170753479
10692,0.25959936,1,NORMAL,1,0,0.5993853211402893
10696,0.13258278,1,NORMAL,1,0,0.6063917279243469
10697,0.10471116,1,NORMAL,1,0,0.3309137523174286
10698,0.35513473,1,NORMAL,1,0,0.5368558168411255
10699,0.15140148,1,NORMAL,1,0,0.6076393127441406
10700,0.1621201,1,NORMAL,1,0,0.6343013048171997
10701,0.28680372,1,NORMAL,1,0,0.483829528093338
10703,0.045218166,1,NORMAL,1,0,0.6263858079910278
10709,0.18624803,1,NORMAL,1,0,0.5424813032150269
10713,0.18561696,1,NORMAL,1,0,0.5332808494567871
10716,0.70559084,0,NORMAL,2,1,0.5293295979499817
10717,0.21622647,1,NORMAL,1,0,0.5184971690177917
10718,0.570748,1,NORMAL,2,1,0.5263919830322266
10724,0.38133565,1,NORMAL,1,0,0.6097664833068848
10728,0.18291485,1,NORMAL,1,0,0.38841864466667175
10731,0.18167104,1,NORMAL,1,0,0.5470075011253357
10732,0.08643414,1,NORMAL,1,0,0.5440064072608948
10735,0.18825805,1,NORMAL,1,0,0.43728506565093994
10736,0.061632566,1,NORMAL,1,0,0.5025275945663452
10740,0.21747023,1,NORMAL,1,0,0.4408150017261505
10741,0.14937508,1,NORMAL,1,0,0.09921743720769882
10746,0.2935807,1,NORMAL,1,0,0.5891661047935486
10748,0.11418132,1,NORMAL,1,0,0.5127770304679871
10749,0.09554885,1,NORMAL,1,0,0.5444731712341309
10750,0.10949675,1,NORMAL,1,0,0.5491568446159363
10753,0.1952031,1,NORMAL,1,0,0.5100687146186829
10754,0.10678774,1,NORMAL,1,0,0.5682972073554993
10756,0.22837113,1,NORMAL,1,0,0.51883864402771
10762,0.30301136,1,NORMAL,1,0,0.6240023374557495
10763,0.20074207,1,NORMAL,1,0,0.520739734172821
10776,0.257937,1,NORMAL,1,0,0.6296395659446716
10778,0.2574214,1,NORMAL,1,0,0.4577418565750122
10779,0.23267865,1,NORMAL,1,0,0.5605171918869019
10780,0.26973826,1,NORMAL,1,0,0.5041337609291077
10781,0.22320677,1,NORMAL,1,0,0.4945753812789917
10783,0.50895077,1,NORMAL,1,0,0.48337849974632263
10785,0.14846401,1,NORMAL,1,0,0.6078384518623352
10791,0.12373909,1,NORMAL,1,0,0.5509592890739441
10795,0.14013965,1,NORMAL,1,0,0.5782307982444763
10796,0.104573816,1,NORMAL,1,0,0.5908164381980896
10797,0.13330211,1,NORMAL,1,0,0.5322433114051819
10803,0.083348185,1,NORMAL,1,0,0.614464282989502
10806,0.1854875,1,NORMAL,1,0,0.5533385872840881
10807,0.25824678,1,NORMAL,1,0,0.4147297739982605
10808,0.13030821,1,NORMAL,1,0,0.6328131556510925
10810,0.70199096,1,NORMAL,2,1,0.5903064012527466
10811,0.18223022,1,NORMAL,1,0,0.48679405450820923
10818,0.26400346,1,NORMAL,1,0,0.5831064581871033
10819,0.12687731,1,NORMAL,1,0,0.5293025970458984
10821,0.119942084,1,NORMAL,1,0,0.5461108684539795
10827,0.18693101,1,NORMAL,1,0,0.5220475196838379
10829,0.23579541,1,NORMAL,1,0,0.4421929121017456
10833,0.19830823,1,NORMAL,1,0,0.5644441843032837
10834,0.22578546,1,NORMAL,1,0,0.5483236312866211
10836,0.23153988,1,NORMAL,1,0,0.49478277564048767
10840,0.10219666,1,NORMAL,1,0,0.3030506670475006
10848,0.14301105,1,NORMAL,1,0,0.5645259022712708
10858,0.08594319,1,NORMAL,1,0,0.5261647701263428
10859,0.25616708,1,NORMAL,1,0,0.6296041011810303
10860,0.123090476,1,NORMAL,1,0,0.4622746706008911
10862,0.15976344,1,NORMAL,1,0,0.48329874873161316
10864,0.19520149,1,NORMAL,1,0,0.5481430888175964
10866,0.17764401,1,NORMAL,1,0,0.551033079624176
10869,0.27152407,1,NORMAL,1,0,0.5624953508377075
10870,0.1731809,1,NORMAL,1,0,0.5444508194923401
10871,0.26609305,1,NORMAL,1,0,0.46667245030403137
10875,0.086154126,1,NORMAL,1,0,0.5440569519996643
10876,0.29939163,1,NORMAL,1,0,0.4780927002429962
10878,0.07425099,1,NORMAL,1,0,0.5074951648712158
10883,0.3127513,1,NORMAL,1,0,0.5440779328346252
10884,0.24662024,1,NORMAL,1,0,0.5751400589942932
10890,0.35115945,1,NORMAL,1,0,0.38222891092300415
10892,0.2266261,1,NORMAL,1,0,0.6750355958938599
10896,0.3690254,1,NORMAL,1,0,0.5990398526191711
10897,0.22870502,1,NORMAL,1,0,0.4422540068626404
10900,0.28832555,1,NORMAL,1,0,0.4848904311656952
10902,0.15702786,1,NORMAL,1,0,0.651655912399292
10903,0.3139391,1,NORMAL,1,0,0.5705981254577637
10904,0.19313006,1,NORMAL,1,0,0.5248827934265137
10907,0.32098576,1,NORMAL,1,0,0.563772976398468
10909,0.08294684,1,NORMAL,1,0,0.5199527740478516
10910,0.20683146,1,NORMAL,1,0,0.5698766708374023
10911,0.17753017,1,NORMAL,1,0,0.5577348470687866
10913,0.11106834,1,NORMAL,1,0,0.34897103905677795
10914,0.29227448,1,NORMAL,1,0,0.5337426066398621
10916,0.2129771,1,NORMAL,1,0,0.6030755043029785
10917,0.25828353,1,NORMAL,1,0,0.5452002882957458
10920,0.23428643,1,NORMAL,1,0,0.5126625895500183
10923,0.18740292,1,NORMAL,1,0,0.5787493586540222
10925,0.30092224,1,NORMAL,1,0,0.54908287525177
10927,0.22760834,1,NORMAL,1,0,0.49268195033073425
10928,0.15248281,1,NORMAL,1,0,0.6377208232879639
10932,0.15956968,1,NORMAL,1,0,0.4020642936229706
10935,0.24725394,1,NORMAL,1,0,0.4764207899570465
10936,0.18596809,1,NORMAL,1,0,0.4791750907897949
10937,0.08990151,1,NORMAL,1,0,0.5628352761268616
10938,0.114553705,1,NORMAL,1,0,0.4643920958042145
10942,0.06509135,1,NORMAL,1,0,0.44489386677742004
10949,0.12978062,1,NORMAL,1,0,0.5521652102470398
10954,0.24688946,1,NORMAL,1,0,0.5378360748291016
10955,0.21586783,1,NORMAL,1,0,0.49030882120132446
10960,0.3349099,1,NORMAL,1,0,0.6033890843391418
10965,0.097075306,1,NORMAL,1,0,0.3119129240512848
10966,0.26555264,1,NORMAL,1,0,0.4901064336299896
10969,0.21593739,1,NORMAL,1,0,0.6051640510559082
10970,0.18868974,1,NORMAL,1,0,0.4537399411201477
10972,0.2016843,1,NORMAL,1,0,0.5838091969490051
10982,0.68885314,0,NORMAL,2,1,0.5285223126411438
10985,0.5928648,1,NORMAL,2,1,0.5168620944023132
10986,0.26243412,1,NORMAL,1,0,0.6445205211639404
10988,0.30198243,1,NORMAL,1,0,0.5629780888557434
10994,0.099039614,1,NORMAL,1,0,0.5933522582054138
10998,0.2703168,1,NORMAL,1,0,0.5686214566230774
11002,0.19787005,1,NORMAL,1,0,0.5630245208740234
11004,0.4227013,1,NORMAL,1,0,0.5182424783706665
11006,0.1884704,1,NORMAL,1,0,0.5014662146568298
11007,0.40631455,1,NORMAL,1,0,0.6066455245018005
11014,0.10095784,1,NORMAL,1,0,0.4745955169200897
11021,0.1425217,1,NORMAL,1,0,0.6523244380950928
11026,0.29906094,1,NORMAL,1,0,0.49798089265823364
11029,0.20871426,1,NORMAL,1,0,0.646120011806488
11030,0.09129878,1,NORMAL,1,0,0.3967495858669281
11032,0.1731953,1,NORMAL,1,0,0.5904906392097473
11036,0.45166668,1,NORMAL,1,0,0.5339341759681702
11043,0.554071,0,NORMAL,2,1,0.4414444863796234
11046,0.25756928,1,NORMAL,1,0,0.5748971700668335
11047,0.17683282,1,NORMAL,1,0,0.46238312125205994
11048,0.15112948,1,NORMAL,1,0,0.5047346353530884
11049,0.1213628,1,NORMAL,1,0,0.5918405055999756
11052,0.22342983,1,NORMAL,1,0,0.49021095037460327
11054,0.07759507,1,NORMAL,1,0,0.5947758555412292
11057,0.21849704,1,NORMAL,1,0,0.5514916181564331
11060,0.22066742,1,NORMAL,1,0,0.5756872892379761
11061,0.103772715,1,NORMAL,1,0,0.4825688302516937
11062,0.3045499,1,NORMAL,1,0,0.5868244171142578
11067,0.1176169,1,NORMAL,1,0,0.5874329209327698
11068,0.72474694,1,NORMAL,2,1,0.5689881443977356
11071,0.4020238,1,NORMAL,1,0,0.5787623524665833
11072,0.113674134,1,NORMAL,1,0,0.5312083959579468
11073,0.19914982,1,NORMAL,1,0,0.4872904121875763
11080,0.08471421,1,NORMAL,1,0,0.57883620262146
11083,0.47880098,1,NORMAL,1,0,0.47849544882774353
11087,0.3266948,1,NORMAL,1,0,0.5299652218818665
11089,0.74445033,0,NORMAL,2,1,0.7083694934844971
11090,0.12107115,1,NORMAL,1,0,0.6077402830123901
11093,0.2567202,1,NORMAL,1,0,0.5463420152664185
11095,0.2337803,1,NORMAL,1,0,0.5712196230888367
11096,0.08582193,1,NORMAL,1,0,0.4550130069255829
11097,0.5891163,1,NORMAL,1,0,0.42722609639167786
11099,0.16281581,1,NORMAL,1,0,0.556465208530426
11103,0.15271161,1,NORMAL,1,0,0.550790548324585
11104,0.36117756,1,NORMAL,1,0,0.4661294221878052
11108,0.21495672,1,NORMAL,1,0,0.5952147841453552
11109,0.25107303,1,NORMAL,1,0,0.5945478677749634
11111,0.21146436,1,NORMAL,1,0,0.4934885501861572
11114,0.11760175,1,NORMAL,1,0,0.5758791565895081
11117,0.18415037,1,NORMAL,1,0,0.6119162440299988
11118,0.12860906,1,NORMAL,1,0,0.566163182258606
11124,0.1406392,1,NORMAL,1,0,0.6174700856208801
11125,0.12794757,1,NORMAL,1,0,0.500166118144989
11126,0.26252013,1,NORMAL,1,0,0.5782961845397949
11127,0.19747607,1,NORMAL,1,0,0.5895296335220337
11132,0.08066616,1,NORMAL,1,0,0.4843258559703827
11134,0.3123384,1,NORMAL,1,0,0.5367311835289001
11137,0.6926584,1,NORMAL,2,1,0.6022697687149048
11138,0.27000326,1,NORMAL,1,0,0.4963943362236023
11140,0.30850455,1,NORMAL,1,0,0.5554623603820801
11142,0.07425761,1,NORMAL,1,0,0.5482931137084961
11144,0.18552548,1,NORMAL,1,0,0.6341018676757812
11148,0.3564487,1,NORMAL,1,0,0.5594434142112732
11150,0.33750117,1,NORMAL,1,0,0.4187299609184265
11153,0.64365685,0,NORMAL,2,1,0.419622540473938
11154,0.13714954,1,NORMAL,1,0,0.4220319092273712
11155,0.10781009,1,NORMAL,1,0,0.5617359280586243
11156,0.14167707,1,NORMAL,1,0,0.5267190933227539
11166,0.20026112,1,NORMAL,1,0,0.4593408703804016
11168,0.12878314,1,NORMAL,1,0,0.3943476378917694
11169,0.24063434,1,NORMAL,1,0,0.5065682530403137
11173,0.18804176,1,NORMAL,1,0,0.44834694266319275
11174,0.623765,1,NORMAL,2,1,0.45487987995147705
11176,0.2264557,1,NORMAL,1,0,0.571042537689209
11177,0.18489565,1,NORMAL,1,0,0.5248522162437439
11179,0.16008915,1,NORMAL,1,0,0.6200238466262817
11180,0.1983682,1,NORMAL,1,0,0.5444923043251038
11182,0.21319635,1,NORMAL,1,0,0.4753904342651367
11183,0.23372173,1,NORMAL,1,0,0.4812869131565094
11185,0.16833693,1,NORMAL,1,0,0.5914151072502136
11187,0.1465331,1,NORMAL,1,0,0.5412312150001526
11188,0.1981462,1,NORMAL,1,0,0.47989052534103394
11193,0.114179775,1,NORMAL,1,0,0.5013403296470642
11194,0.1969846,1,NORMAL,1,0,0.5165082216262817
11203,0.22868806,1,NORMAL,1,0,0.4554027318954468
11204,0.11779605,1,NORMAL,1,0,0.5488229990005493
11205,0.04918449,1,NORMAL,1,0,0.42509421706199646
11208,0.23772223,1,NORMAL,1,0,0.5159300565719604
11212,0.28815466,1,NORMAL,1,0,0.48646417260169983
11214,0.13409579,1,NORMAL,1,0,0.5623204708099365
11216,0.16377968,1,NORMAL,1,0,0.5936512351036072
11220,0.2900237,1,NORMAL,1,0,0.5461674332618713
11222,0.07652376,1,NORMAL,1,0,0.48334500193595886
11225,0.18809484,1,NORMAL,1,0,0.5125189423561096
11226,0.20191222,1,NORMAL,1,0,0.5409205555915833
11227,0.35723191,1,NORMAL,1,0,0.5718606114387512
11228,0.11272234,1,NORMAL,1,0,0.5710070133209229
11229,0.19077455,1,NORMAL,1,0,0.6240885257720947
11230,0.1283985,1,NORMAL,1,0,0.5829759240150452
11231,0.3216862,1,NORMAL,1,0,0.5349016189575195
11233,0.25479698,1,NORMAL,1,0,0.6037791967391968
11234,0.5190581,1,NORMAL,2,1,0.4478045701980591
11236,0.2853022,1,NORMAL,1,0,0.5592296719551086
11239,0.6943677,0,NORMAL,2,1,0.39929357171058655
11241,0.13044055,1,NORMAL,1,0,0.5853881239891052
11244,0.091341466,1,NORMAL,1,0,0.5095961689949036
11245,0.099257834,1,NORMAL,1,0,0.5038290023803711
11248,0.20223889,1,NORMAL,1,0,0.6055331230163574
11250,0.14330441,1,NORMAL,1,0,0.4516078233718872
11251,0.30147836,1,NORMAL,1,0,0.5220489501953125
11252,0.09066135,1,NORMAL,1,0,0.4992162585258484
11255,0.14600965,1,NORMAL,1,0,0.5400448441505432
11256,0.2188708,1,NORMAL,1,0,0.6026393175125122
11257,0.31072402,1,NORMAL,1,0,0.5923193693161011
11258,0.11829188,1,NORMAL,1,0,0.45297813415527344
11259,0.32007098,1,NORMAL,1,0,0.594619870185852
11260,0.12763892,1,NORMAL,1,0,0.6470446586608887
11262,0.2204561,1,NORMAL,1,0,0.5798476338386536
11264,0.26859704,1,NORMAL,1,0,0.6371888518333435
11265,0.42135006,1,NORMAL,1,0,0.44814616441726685
11267,0.10996243,1,NORMAL,1,0,0.57831871509552
11269,0.16408683,1,NORMAL,1,0,0.5352940559387207
11270,0.1720193,1,NORMAL,1,0,0.49508965015411377
11271,0.13051659,1,NORMAL,1,0,0.5554017424583435
11272,0.15401554,1,NORMAL,1,0,0.576380729675293
11276,0.15572467,1,NORMAL,1,0,0.6169644594192505
11278,0.13437052,1,NORMAL,1,0,0.6089791655540466
11280,0.54827756,1,NORMAL,2,1,0.41774582862854004
11281,0.18231578,1,NORMAL,1,0,0.46629229187965393
11286,0.12601368,1,NORMAL,1,0,0.5980424284934998
11287,0.14984196,1,NORMAL,1,0,0.5090489387512207
11289,0.23581704,1,NORMAL,1,0,0.4110049307346344
11291,0.33112007,0,NORMAL,1,0,0.0753440335392952
11292,0.18656981,1,NORMAL,1,0,0.6026207208633423
11294,0.12672125,1,NORMAL,1,0,0.5096319913864136
11298,0.16935831,1,NORMAL,1,0,0.5005353689193726
11302,0.36170718,1,NORMAL,1,0,0.5251709222793579
11308,0.035728402,1,NORMAL,1,0,0.475728303194046
11309,0.2839175,1,NORMAL,1,0,0.554702877998352
11317,0.100541204,1,NORMAL,1,0,0.5213303565979004
11318,0.23478839,1,NORMAL,1,0,0.589674711227417
11320,0.17167348,1,NORMAL,1,0,0.48063236474990845
11323,0.22886416,1,NORMAL,1,0,0.5861106514930725
11324,0.31684014,1,NORMAL,1,0,0.47946053743362427
11326,0.20416662,1,NORMAL,1,0,0.36223337054252625
11328,0.54481095,1,NORMAL,2,1,0.5160306692123413
11334,0.30533504,1,NORMAL,1,0,0.537092387676239
11335,0.06215985,1,NORMAL,1,0,0.6102676391601562
11339,0.21752441,1,NORMAL,1,0,0.48993533849716187
11340,0.19685657,1,NORMAL,1,0,0.5753883123397827
11342,0.1329697,1,NORMAL,1,0,0.5517653226852417
11343,0.54955983,1,NORMAL,1,0,0.5707628130912781
11353,0.1786197,1,NORMAL,1,0,0.5872237086296082
11354,0.05755488,1,NORMAL,1,0,0.6123353838920593
11356,0.13025539,1,NORMAL,1,0,0.6683889031410217
11362,0.2478801,1,NORMAL,1,0,0.5897783637046814
11363,0.19726615,1,NORMAL,1,0,0.6128718852996826
11364,0.5464359,1,NORMAL,2,1,0.5613340139389038
11365,0.1802243,1,NORMAL,1,0,0.37823888659477234
11366,0.2307559,1,NORMAL,1,0,0.521415114402771
11369,0.109791905,1,NORMAL,1,0,0.4902416467666626
11377,0.34929276,1,NORMAL,1,0,0.5177890062332153
11382,0.14487574,1,NORMAL,1,0,0.5498508214950562
11385,0.2455321,1,NORMAL,1,0,0.5029924511909485
11387,0.16886675,1,NORMAL,1,0,0.6223876476287842
11388,0.1519554,1,NORMAL,1,0,0.5203066468238831
11390,0.22985595,1,NORMAL,1,0,0.5260701775550842
11392,0.07137384,1,NORMAL,1,0,0.5474029183387756
11394,0.21781453,1,NORMAL,1,0,0.4353344440460205
11395,0.1465754,1,NORMAL,1,0,0.5881519317626953
11396,0.1695545,1,NORMAL,1,0,0.3367398679256439
11400,0.15387824,1,NORMAL,1,0,0.5501128435134888
11401,0.17460099,1,NORMAL,1,0,0.5718790292739868
11413,0.26077235,1,NORMAL,1,0,0.5266810059547424
11415,0.20449437,1,NORMAL,1,0,0.5708219408988953
11416,0.09955005,1,NORMAL,1,0,0.5087064504623413
11421,0.21436292,1,NORMAL,1,0,0.5389731526374817
11422,0.090206034,1,NORMAL,1,0,0.5467090606689453
11423,0.14431135,1,NORMAL,1,0,0.5225967168807983
11424,0.30619442,1,NORMAL,1,0,0.6576839685440063
11426,0.68501204,1,NORMAL,2,1,0.5215786695480347
11427,0.1248545,1,NORMAL,1,0,0.6682178974151611
11428,0.21894825,1,NORMAL,1,0,0.5221481919288635
11430,0.4859731,1,NORMAL,1,0,0.6171211004257202
11434,0.27949145,1,NORMAL,1,0,0.596514105796814
11435,0.6964196,1,NORMAL,2,1,0.6561415791511536
11438,0.52926147,0,NORMAL,1,0,0.3089488446712494
11441,0.27132618,1,NORMAL,1,0,0.6184457540512085
11443,0.22750983,1,NORMAL,1,0,0.3081384599208832
11448,0.195318,1,NORMAL,1,0,0.5796087384223938
11449,0.20265913,1,NORMAL,1,0,0.5620580315589905
11451,0.3333696,1,NORMAL,1,0,0.5797855854034424
11453,0.08395725,1,NORMAL,1,0,0.5876786112785339
11454,0.4108031,1,NORMAL,1,0,0.41795477271080017
11456,0.29591203,1,NORMAL,1,0,0.5560181736946106
11459,0.13278641,1,NORMAL,1,0,0.486442893743515
11460,0.33867225,1,NORMAL,1,0,0.6708354353904724
11461,0.30529535,1,NORMAL,1,0,0.4376524090766907
11467,0.06986523,1,NORMAL,1,0,0.6076750159263611
11469,0.72139657,0,NORMAL,2,1,0.5147127509117126
11471,0.19819853,1,NORMAL,1,0,0.5523145198822021
11484,0.15960273,1,NORMAL,1,0,0.5197064876556396
11486,0.21756466,1,NORMAL,1,0,0.5517899990081787
11490,0.18394095,1,NORMAL,1,0,0.6045384407043457
11493,0.19987395,1,NORMAL,1,0,0.46755650639533997
11494,0.20510961,1,NORMAL,1,0,0.550639271736145
11495,0.18452713,1,NORMAL,1,0,0.5060638785362244
11496,0.10419642,1,NORMAL,1,0,0.681556761264801
11497,0.094403505,1,NORMAL,1,0,0.4302631914615631
11499,0.14385414,1,NORMAL,1,0,0.5755732655525208
11501,0.14415169,1,NORMAL,1,0,0.5464471578598022
11502,0.092328295,1,NORMAL,1,0,0.469257116317749
11506,0.22866373,1,NORMAL,1,0,0.6772094964981079
11507,0.10713759,1,NORMAL,1,0,0.507940411567688
11508,0.13025719,1,NORMAL,1,0,0.5087684988975525
11512,0.14398278,1,NORMAL,1,0,0.603889524936676
11514,0.32950777,1,NORMAL,1,0,0.5313240885734558
11516,0.16152264,1,NORMAL,1,0,0.5537548661231995
11518,0.1846556,1,NORMAL,1,0,0.6026688814163208
11520,0.08735853,1,NORMAL,1,0,0.6238770484924316
11525,0.22619802,1,NORMAL,1,0,0.4512122571468353
11526,0.05557023,1,NORMAL,1,0,0.6972441673278809
11527,0.2957746,1,NORMAL,1,0,0.4932195544242859
11529,0.13642722,1,NORMAL,1,0,0.5126692652702332
11530,0.1518435,1,NORMAL,1,0,0.5959819555282593
11532,0.24881017,1,NORMAL,1,0,0.5066823959350586
11538,0.18913218,1,NORMAL,1,0,0.33289772272109985
11540,0.1823389,1,NORMAL,1,0,0.4618019461631775
11541,0.106419586,1,NORMAL,1,0,0.5921120047569275
11543,0.20168531,1,NORMAL,1,0,0.5381224751472473
11545,0.2815553,1,NORMAL,1,0,0.5396983623504639
11548,0.08694722,1,NORMAL,1,0,0.5636166930198669
11551,0.16566601,1,NORMAL,1,0,0.5470909476280212
11552,0.29696074,1,NORMAL,1,0,0.6091994643211365
11553,0.17133382,1,NORMAL,1,0,0.6139441132545471
11554,0.1324174,1,NORMAL,1,0,0.3431589603424072
11555,0.10690142,1,NORMAL,1,0,0.6044666171073914
11556,0.1835069,1,NORMAL,1,0,0.5333535671234131
11561,0.2613935,1,NORMAL,1,0,0.5059652924537659
11565,0.07031623,1,NORMAL,1,0,0.5783756375312805
11567,0.17359996,1,NORMAL,1,0,0.535386860370636
11574,0.13616745,1,NORMAL,1,0,0.6094602346420288
11575,0.46919703,1,NORMAL,1,0,0.5066412687301636
11576,0.20907749,1,NORMAL,1,0,0.5114948153495789
11578,0.28305984,1,NORMAL,1,0,0.5755528807640076
11579,0.22721432,1,NORMAL,1,0,0.5807300209999084
11585,0.19436307,1,NORMAL,1,0,0.6531501412391663
11586,0.16777202,1,NORMAL,1,0,0.6174654960632324
11590,0.17374025,1,NORMAL,1,0,0.583627462387085
11591,0.3557009,1,NORMAL,1,0,0.5967972278594971
11595,0.19413823,1,NORMAL,1,0,0.48679059743881226
11598,0.3639719,1,NORMAL,1,0,0.509886622428894
11602,0.35558194,1,NORMAL,1,0,0.6349215507507324
11603,0.17368469,1,NORMAL,1,0,0.5854251980781555
11606,0.11020334,1,NORMAL,1,0,0.5444673299789429
11607,0.2664097,1,NORMAL,1,0,0.36842504143714905
11608,0.1986669,1,NORMAL,1,0,0.5824147462844849
11609,0.34448716,1,NORMAL,1,0,0.6093297600746155
11611,0.5396879,1,NORMAL,1,0,0.562322199344635
11612,0.29186976,1,NORMAL,1,0,0.3930366635322571
11613,0.20784885,1,NORMAL,1,0,0.5035421252250671
11616,0.37837422,1,NORMAL,1,0,0.5708194375038147
11618,0.30328244,1,NORMAL,1,0,0.5905227661132812
11619,0.35154688,1,NORMAL,1,0,0.6313145160675049
11620,0.09198617,1,NORMAL,1,0,0.6434522271156311
11621,0.14769223,1,NORMAL,1,0,0.5148099660873413
11627,0.22765754,1,NORMAL,1,0,0.5406450629234314
11629,0.12781519,1,NORMAL,1,0,0.4849868416786194
11632,0.17634854,1,NORMAL,1,0,0.5966342687606812
11638,0.1595732,1,NORMAL,1,0,0.18971164524555206
11641,0.28510478,1,NORMAL,1,0,0.4940114915370941
11642,0.47749406,1,NORMAL,1,0,0.5038203001022339
11648,0.36078864,1,NORMAL,1,0,0.3158653974533081
11649,0.10907886,1,NORMAL,1,0,0.43210509419441223
11657,0.52471876,1,NORMAL,2,1,0.5065780878067017
11658,0.13673592,1,NORMAL,1,0,0.6280974745750427
11664,0.23424183,1,NORMAL,1,0,0.5914411544799805
11665,0.7818321,1,NORMAL,2,1,0.558863639831543
11666,0.18146847,1,NORMAL,1,0,0.39119952917099
11668,0.22892779,1,NORMAL,1,0,0.3742496371269226
11669,0.040001526,1,NORMAL,1,0,0.5220955014228821
11670,0.1654359,1,NORMAL,1,0,0.5632205605506897
11674,0.13991396,1,NORMAL,1,0,0.5835050344467163
11676,0.18186674,1,NORMAL,1,0,0.5570419430732727
11677,0.2712353,1,NORMAL,1,0,0.5873774290084839
11678,0.3041692,1,NORMAL,1,0,0.589929461479187
11679,0.18306941,1,NORMAL,1,0,0.5626164078712463
11681,0.14441025,1,NORMAL,1,0,0.6215323209762573
11683,0.268259,1,NORMAL,1,0,0.5158729553222656
11685,0.1892636,1,NORMAL,1,0,0.5623359084129333
11687,0.075950004,1,NORMAL,1,0,0.5952973961830139
11690,0.18485437,1,NORMAL,1,0,0.6080160737037659
11692,0.30765784,1,NORMAL,1,0,0.48164883255958557
11698,0.116452076,1,NORMAL,1,0,0.5712569952011108
11700,0.24158347,1,NORMAL,1,0,0.3417103886604309
11701,0.14449579,1,NORMAL,1,0,0.6158897876739502
11703,0.051747374,1,NORMAL,1,0,0.32506510615348816
11704,0.15167114,1,NORMAL,1,0,0.5627726316452026
11708,0.20562352,1,NORMAL,1,0,0.5049574971199036
11712,0.103993684,0,NORMAL,1,0,0.3204413950443268
11713,0.14221247,1,NORMAL,1,0,0.5439122915267944
11718,0.6348368,0,NORMAL,2,1,0.27692925930023193
11719,0.17308906,1,NORMAL,1,0,0.488506942987442
11725,0.12887704,1,NORMAL,1,0,0.4451570510864258
11728,0.34657925,1,NORMAL,1,0,0.4713471829891205
11729,0.060222764,1,NORMAL,1,0,0.5647966265678406
11730,0.1723607,1,NORMAL,1,0,0.5918733477592468
11734,0.17637941,1,NORMAL,1,0,0.5436356663703918
11737,0.19472069,1,NORMAL,1,0,0.6566485166549683
11738,0.2540635,1,NORMAL,1,0,0.5733640789985657
11742,0.16725957,1,NORMAL,1,0,0.5917568802833557
11743,0.15819573,1,NORMAL,1,0,0.5319334268569946
11745,0.12312663,1,NORMAL,1,0,0.4697069823741913
11749,0.08819889,1,NORMAL,1,0,0.5039151310920715
11751,0.11076026,1,NORMAL,1,0,0.5523145198822021
11752,0.11782749,1,NORMAL,1,0,0.6142140030860901
11755,0.29629588,1,NORMAL,1,0,0.49686047434806824
11758,0.47041515,1,NORMAL,1,0,0.46391960978507996
11760,0.08244643,1,NORMAL,1,0,0.6029819846153259
11761,0.10489832,1,NORMAL,1,0,0.5380247235298157
11762,0.22863619,1,NORMAL,1,0,0.555007815361023
11763,0.22630826,1,NORMAL,1,0,0.5437124967575073
11764,0.26124728,1,NORMAL,1,0,0.5571147799491882
11765,0.2985386,1,NORMAL,1,0,0.4630048871040344
11766,0.12988237,1,NORMAL,1,0,0.5244060158729553
11767,0.10249468,1,NORMAL,1,0,0.5371142625808716
11768,0.12812392,1,NORMAL,1,0,0.5996174812316895
11770,0.45302868,0,NORMAL,1,0,0.49184298515319824
11771,0.24017987,1,NORMAL,1,0,0.6114491820335388
11773,0.3821174,1,NORMAL,1,0,0.5949937105178833
11777,0.056027457,1,NORMAL,1,0,0.534592866897583
11778,0.21592179,1,NORMAL,1,0,0.5926153659820557
11780,0.27334917,1,NORMAL,1,0,0.5321078896522522
11781,0.5139138,1,NORMAL,1,0,0.5511292219161987
11782,0.22846526,1,NORMAL,1,0,0.5930498838424683
11783,0.08828511,1,NORMAL,1,0,0.4838619530200958
11784,0.41927135,1,NORMAL,1,0,0.5153908133506775
11785,0.1762548,1,NORMAL,1,0,0.6708239912986755
11786,0.14184934,1,NORMAL,1,0,0.5962004065513611
11787,0.20187193,1,NORMAL,1,0,0.505695104598999
11789,0.15805249,1,NORMAL,1,0,0.21574121713638306
11792,0.5689278,0,NORMAL,2,1,0.18314185738563538
11793,0.20250982,1,NORMAL,1,0,0.5727659463882446
11795,0.17608544,1,NORMAL,1,0,0.5886080861091614
11797,0.20214573,1,NORMAL,1,0,0.5111953020095825
11799,0.21474792,1,NORMAL,1,0,0.5913015007972717
11802,0.16952652,1,NORMAL,1,0,0.5423479676246643
11807,0.27087238,1,NORMAL,1,0,0.6209043860435486
11808,0.14630988,1,NORMAL,1,0,0.5703215003013611
11810,0.22980025,1,NORMAL,1,0,0.5418951511383057
11811,0.4925802,1,NORMAL,1,0,0.5024698376655579
11814,0.15214092,1,NORMAL,1,0,0.5487698316574097
11815,0.1613739,1,NORMAL,1,0,0.5573891997337341
11816,0.2987664,1,NORMAL,1,0,0.5646679997444153
11819,0.12250199,1,NORMAL,1,0,0.6462412476539612
11820,0.18310249,1,NORMAL,1,0,0.575015127658844
11824,0.6847235,0,NORMAL,2,1,0.45804765820503235
11826,0.14110675,1,NORMAL,1,0,0.5471169352531433
11828,0.20026276,1,NORMAL,1,0,0.5366258025169373
11829,0.118800595,1,NORMAL,1,0,0.4962809979915619
11831,0.05823245,1,NORMAL,1,0,0.5900205373764038
11832,0.14035726,1,NORMAL,1,0,0.36533769965171814
11833,0.15583922,1,NORMAL,1,0,0.4867711365222931
11834,0.09361522,1,NORMAL,1,0,0.3756777346134186
11835,0.38089687,1,NORMAL,1,0,0.5713520646095276
11836,0.23985478,1,NORMAL,1,0,0.4850248098373413
11841,0.052825704,1,NORMAL,1,0,0.418457955121994
11842,0.29006416,1,NORMAL,1,0,0.6188610792160034
11843,0.21024774,1,NORMAL,1,0,0.315581738948822
11844,0.18629877,1,NORMAL,1,0,0.5322261452674866
11847,0.1643275,1,NORMAL,1,0,0.38766393065452576
11853,0.13096,1,NORMAL,1,0,0.5869221687316895
11855,0.3459128,1,NORMAL,1,0,0.5008628368377686
11856,0.29394564,1,NORMAL,1,0,0.5770456194877625
11857,0.12974437,1,NORMAL,1,0,0.5157655477523804
11859,0.18322578,1,NORMAL,1,0,0.5495932102203369
11861,0.2852068,1,NORMAL,1,0,0.5758653283119202
11862,0.080143504,1,NORMAL,1,0,0.5868527293205261
11863,0.09346584,1,NORMAL,1,0,0.5972076058387756
11866,0.197548,1,NORMAL,1,0,0.5035334229469299
11868,0.09457741,1,NORMAL,1,0,0.6018624901771545
11870,0.24528751,1,NORMAL,1,0,0.5280932784080505
11871,0.12410268,1,NORMAL,1,0,0.5177119374275208
11872,0.22216538,1,NORMAL,1,0,0.55635005235672
11874,0.05635118,1,NORMAL,1,0,0.5274554491043091
11875,0.3650286,1,NORMAL,1,0,0.10997261106967926
11876,0.34725344,1,NORMAL,1,0,0.5268605947494507
11884,0.31005818,1,NORMAL,1,0,0.4685384929180145
11885,0.12594399,1,NORMAL,1,0,0.6173936128616333
11888,0.07937988,1,NORMAL,1,0,0.565228283405304
11891,0.14498523,1,NORMAL,1,0,0.5395588874816895
11892,0.07373303,1,NORMAL,1,0,0.5642328262329102
11895,0.16707824,1,NORMAL,1,0,0.46978050470352173
11898,0.13078424,1,NORMAL,1,0,0.48291075229644775
11900,0.11301573,1,NORMAL,1,0,0.579757809638977
11901,0.17229126,1,NORMAL,1,0,0.5835909247398376
11909,0.28093207,1,NORMAL,1,0,0.5965715050697327
11912,0.20210835,1,NORMAL,1,0,0.5225843787193298
11914,0.046883762,1,NORMAL,1,0,0.5458595156669617
11915,0.26026863,1,NORMAL,1,0,0.5298803448677063
11917,0.14598615,1,NORMAL,1,0,0.5657325983047485
11919,0.224394,1,NORMAL,1,0,0.48923397064208984
11924,0.22310558,1,NORMAL,1,0,0.5826227068901062
11930,0.18324055,1,NORMAL,1,0,0.6060819029808044
11931,0.19026995,1,NORMAL,1,0,0.5986958742141724
11933,0.401501,1,NORMAL,1,0,0.5008114576339722
11937,0.2621816,1,NORMAL,1,0,0.5738359689712524
11938,0.24331997,1,NORMAL,1,0,0.5938211679458618
11939,0.66944855,1,NORMAL,2,1,0.46071234345436096
11940,0.29140925,1,NORMAL,1,0,0.4843870997428894
11942,0.19956443,1,NORMAL,1,0,0.5858684182167053
11943,0.1042164,1,NORMAL,1,0,0.5684764385223389
11944,0.15103441,1,NORMAL,1,0,0.6132648587226868
11945,0.2071332,1,NORMAL,1,0,0.5367844700813293
11949,0.2575931,1,NORMAL,1,0,0.49161866307258606
11952,0.35853854,1,NORMAL,1,0,0.4999490976333618
11955,0.27552038,1,NORMAL,1,0,0.39507055282592773
11957,0.0942612,1,NORMAL,1,0,0.6725725531578064
11961,0.17596167,1,NORMAL,1,0,0.5009511709213257
11966,0.19813544,1,NORMAL,1,0,0.597396969795227
11969,0.24596614,1,NORMAL,1,0,0.5401197671890259
11970,0.1272225,1,NORMAL,1,0,0.5524974465370178
11971,0.20026228,1,NORMAL,1,0,0.6706716418266296
11974,0.120997086,1,NORMAL,1,0,0.5635497570037842
11975,0.12947926,1,NORMAL,1,0,0.5341860055923462
11976,0.09571688,1,NORMAL,1,0,0.5308344960212708
11977,0.10960427,1,NORMAL,1,0,0.5105156302452087
11979,0.504096,0,NORMAL,1,0,0.43408334255218506
11984,0.38281456,1,NORMAL,1,0,0.5311280488967896
11985,0.29762995,1,NORMAL,1,0,0.63310706615448
11986,0.09682909,1,NORMAL,1,0,0.5153685212135315
11987,0.1535418,1,NORMAL,1,0,0.5330461263656616
11988,0.14332023,1,NORMAL,1,0,0.581968367099762
11994,0.10218249,1,NORMAL,1,0,0.6131490468978882
11995,0.20449135,1,NORMAL,1,0,0.5678045749664307
11997,0.29102212,1,NORMAL,1,0,0.5444149374961853
11998,0.08680012,1,NORMAL,1,0,0.5333373546600342
12001,0.26122972,1,NORMAL,1,0,0.5910937786102295
12002,0.18308818,1,NORMAL,1,0,0.5845394134521484
12003,0.16185023,1,NORMAL,1,0,0.6326023936271667
12004,0.22423239,1,NORMAL,1,0,0.5033595561981201
12006,0.23892038,1,NORMAL,1,0,0.5632026195526123
12008,0.17588608,1,NORMAL,1,0,0.496121883392334
12011,0.16440147,1,NORMAL,1,0,0.588586151599884
12012,0.05745278,1,NORMAL,1,0,0.603121280670166
12014,0.11980063,1,NORMAL,1,0,0.507878303527832
12019,0.0743998,1,NORMAL,1,0,0.49506282806396484
12020,0.10035008,1,NORMAL,1,0,0.5572673082351685
12022,0.16364472,1,NORMAL,1,0,0.5717771053314209
12023,0.16230904,1,NORMAL,1,0,0.5007637739181519
12025,0.24603857,1,NORMAL,1,0,0.5874366760253906
12031,0.12788741,1,NORMAL,1,0,0.5614506602287292
12035,0.14499994,1,NORMAL,1,0,0.48443299531936646
12036,0.17657968,1,NORMAL,1,0,0.5297885537147522
12042,0.17828265,1,NORMAL,1,0,0.5169114470481873
12043,0.12666437,1,NORMAL,1,0,0.6172617077827454
12045,0.093449265,1,NORMAL,1,0,0.6778634190559387
12048,0.20365639,1,NORMAL,1,0,0.5059965252876282
12051,0.22792876,1,NORMAL,1,0,0.44020798802375793
12054,0.36294895,1,NORMAL,1,0,0.4427815079689026
12058,0.1729061,1,NORMAL,1,0,0.5924514532089233
12062,0.18858863,1,NORMAL,1,0,0.5693814754486084
12063,0.21130349,1,NORMAL,1,0,0.5431044101715088
12067,0.18218763,1,NORMAL,1,0,0.527749240398407
12071,0.20241073,1,NORMAL,1,0,0.44038304686546326
12073,0.13904084,1,NORMAL,1,0,0.651479184627533
12075,0.07497385,1,NORMAL,1,0,0.5455503463745117
12076,0.28074,1,NORMAL,1,0,0.4894440770149231
12084,0.30235165,1,NORMAL,1,0,0.37901973724365234
12089,0.23210615,1,NORMAL,1,0,0.5572950839996338
12094,0.08730492,1,NORMAL,1,0,0.5954315066337585
12097,0.117092244,1,NORMAL,1,0,0.6101881265640259
12098,0.485305,1,NORMAL,1,0,0.5517259836196899
12100,0.181725,1,NORMAL,1,0,0.6462340950965881
12101,0.38864607,1,NORMAL,1,0,0.6442445516586304
12104,0.31118274,1,NORMAL,1,0,0.501617968082428
12105,0.28480178,1,NORMAL,1,0,0.4376155436038971
12106,0.17040962,1,NORMAL,1,0,0.4437674880027771
12112,0.22379178,1,NORMAL,1,0,0.539692223072052
12113,0.38183606,1,NORMAL,1,0,0.636620819568634
12118,0.15557119,1,NORMAL,1,0,0.5720106959342957
12122,0.4191367,1,NORMAL,1,0,0.47147032618522644
12124,0.06649793,1,NORMAL,1,0,0.44228753447532654
12128,0.3873875,1,NORMAL,1,0,0.5339025259017944
12131,0.7082726,0,NORMAL,2,1,0.5211778283119202
12132,0.29722813,1,NORMAL,1,0,0.5513302683830261
12133,0.19481982,1,NORMAL,1,0,0.4298437237739563
12136,0.29066497,1,NORMAL,1,0,0.6078936457633972
12137,0.14108053,1,NORMAL,1,0,0.5230627655982971
12140,0.23594546,1,NORMAL,1,0,0.3823418617248535
12144,0.21348302,1,NORMAL,1,0,0.5582989454269409
12146,0.20689267,1,NORMAL,1,0,0.5730526447296143
12153,0.14325906,1,NORMAL,1,0,0.5979751348495483
12154,0.23790076,1,NORMAL,1,0,0.5325338840484619
12160,0.13544789,1,NORMAL,1,0,0.5917088389396667
12163,0.20635183,1,NORMAL,1,0,0.5297568440437317
12164,0.16789855,1,NORMAL,1,0,0.5416215062141418
12173,0.29330313,1,NORMAL,1,0,0.521109402179718
12176,0.089490205,1,NORMAL,1,0,0.6011179089546204
12179,0.11635384,1,NORMAL,1,0,0.6231440305709839
12181,0.58530843,0,NORMAL,2,1,0.6825299263000488
12182,0.17542075,1,NORMAL,1,0,0.6055797934532166
12184,0.37798285,1,NORMAL,1,0,0.5445818305015564
12185,0.21779072,1,NORMAL,1,0,0.45539483428001404
12186,0.25146836,1,NORMAL,1,0,0.5447678565979004
12191,0.19049577,1,NORMAL,1,0,0.42253875732421875
12192,0.30638972,1,NORMAL,1,0,0.5751590132713318
12193,0.2498455,1,NORMAL,1,0,0.5637533068656921
12196,0.21857,1,NORMAL,1,0,0.5456058382987976
12197,0.3137678,1,NORMAL,1,0,0.6261430382728577
12199,0.19597521,1,NORMAL,1,0,0.6249609589576721
12203,0.28404218,1,NORMAL,1,0,0.6185669302940369
12204,0.2398872,1,NORMAL,1,0,0.5906484723091125
12208,0.17457375,1,NORMAL,1,0,0.43679937720298767
12209,0.4184606,1,NORMAL,1,0,0.5693885087966919
12210,0.12984477,1,NORMAL,1,0,0.5000911355018616
12211,0.70785475,1,NORMAL,2,1,0.48829540610313416
12213,0.32632685,1,NORMAL,1,0,0.40540364384651184
12218,0.11980417,1,NORMAL,1,0,0.586334228515625
12220,0.2832207,1,NORMAL,1,0,0.32840439677238464
12221,0.22808442,1,NORMAL,1,0,0.5193465948104858
12223,0.2610469,1,NORMAL,1,0,0.40759798884391785
12224,0.33974275,1,NORMAL,1,0,0.49784526228904724
12226,0.17962246,1,NORMAL,1,0,0.43677109479904175
12228,0.08017605,1,NORMAL,1,0,0.47988632321357727
12231,0.1937274,1,NORMAL,1,0,0.37499961256980896
12236,0.2780672,1,NORMAL,1,0,0.593915581703186
12237,0.38472873,1,NORMAL,1,0,0.5693456530570984
12239,0.23567311,1,NORMAL,1,0,0.5363032221794128
12241,0.18133935,1,NORMAL,1,0,0.5453177094459534
12242,0.31806234,1,NORMAL,1,0,0.5818625092506409
12244,0.22168311,1,NORMAL,1,0,0.5427163243293762
12245,0.21919541,1,NORMAL,1,0,0.4164690673351288
12246,0.2168944,1,NORMAL,1,0,0.6258328557014465
12249,0.30865216,1,NORMAL,1,0,0.593971312046051
12251,0.8318232,1,NORMAL,2,1,0.467264324426651
12257,0.69893587,1,NORMAL,2,1,0.5153387188911438
12258,0.18818156,1,NORMAL,1,0,0.45252129435539246
12260,0.3703711,1,NORMAL,1,0,0.650047779083252
12261,0.40889913,1,NORMAL,1,0,0.47848376631736755
12263,0.05708261,1,NORMAL,1,0,0.46748194098472595
12264,0.1937962,1,NORMAL,1,0,0.5932509899139404
12266,0.0716808,1,NORMAL,1,0,0.6296513676643372
12269,0.084857434,1,NORMAL,1,0,0.6007790565490723
12270,0.10595119,1,NORMAL,1,0,0.5180351734161377
12273,0.4397614,1,NORMAL,1,0,0.674639105796814
12277,0.18552217,1,NORMAL,1,0,0.6499212384223938
12279,0.081327856,1,NORMAL,1,0,0.5536642670631409
12280,0.15667224,1,NORMAL,1,0,0.28106939792633057
12281,0.16562158,1,NORMAL,1,0,0.38624802231788635
12285,0.32075164,1,NORMAL,1,0,0.5730087161064148
12286,0.7201665,1,NORMAL,2,1,0.5080552101135254
12288,0.1475961,1,NORMAL,1,0,0.5982073545455933
12289,0.4522018,1,NORMAL,1,0,0.4266712963581085
12290,0.2934144,1,NORMAL,1,0,0.4994133412837982
12292,0.122563556,1,NORMAL,1,0,0.5219235420227051
12293,0.14408436,1,NORMAL,1,0,0.5639361143112183
12294,0.2745846,1,NORMAL,1,0,0.5361230969429016
12296,0.13017665,1,NORMAL,1,0,0.36170318722724915
12297,0.21352246,1,NORMAL,1,0,0.6772549748420715
12303,0.20774505,1,NORMAL,1,0,0.5059471130371094
12305,0.30358157,1,NORMAL,1,0,0.5688241720199585
12308,0.3209468,1,NORMAL,1,0,0.522784411907196
12311,0.14786667,1,NORMAL,1,0,0.6148524284362793
12313,0.25978592,1,NORMAL,1,0,0.4669950008392334
12314,0.09187621,1,NORMAL,1,0,0.5396721959114075
12315,0.13489965,1,NORMAL,1,0,0.5836185812950134
12322,0.208032,1,NORMAL,1,0,0.5250657200813293
12332,0.36142117,1,NORMAL,1,0,0.49564963579177856
12333,0.35545507,1,NORMAL,1,0,0.567948043346405
12334,0.11087585,1,NORMAL,1,0,0.43465861678123474
12336,0.09036842,1,NORMAL,1,0,0.4561685025691986
12341,0.14949585,1,NORMAL,1,0,0.5348629951477051
12342,0.2624135,1,NORMAL,1,0,0.6720804572105408
12344,0.23703955,1,NORMAL,1,0,0.5419067144393921
12352,0.6143379,0,NORMAL,2,1,0.8509634733200073
12354,0.15206747,1,NORMAL,1,0,0.6028486490249634
12357,0.23305672,1,NORMAL,1,0,0.5478148460388184
12361,0.18449272,1,NORMAL,1,0,0.5168463587760925
12364,0.2506439,1,NORMAL,1,0,0.5436719655990601
12366,0.13966121,1,NORMAL,1,0,0.5882027745246887
12372,0.12808542,1,NORMAL,1,0,0.5889734029769897
12380,0.25182292,1,NORMAL,1,0,0.5197338461875916
12381,0.40579662,1,NORMAL,1,0,0.4585574269294739
12383,0.1057412,1,NORMAL,1,0,0.47857436537742615
12385,0.2158502,1,NORMAL,1,0,0.5530093908309937
12386,0.16392858,1,NORMAL,1,0,0.4766719937324524
12387,0.3008839,1,NORMAL,1,0,0.5730721354484558
12388,0.20843548,1,NORMAL,1,0,0.6002271771430969
12391,0.1166691,1,NORMAL,1,0,0.5516998171806335
12392,0.4218644,1,NORMAL,1,0,0.5315338373184204
12393,0.23886776,1,NORMAL,1,0,0.4666098654270172
12399,0.42139387,1,NORMAL,1,0,0.4351394772529602
12406,0.5133,1,NORMAL,1,0,0.5166109204292297
12410,0.3077913,1,NORMAL,1,0,0.5630152821540833
12412,0.15418597,1,NORMAL,1,0,0.5466271042823792
12413,0.25064516,1,NORMAL,1,0,0.5845738649368286
12414,0.21332987,1,NORMAL,1,0,0.5237733125686646
12417,0.1677238,1,NORMAL,1,0,0.4731769859790802
12418,0.2063744,1,NORMAL,1,0,0.48666948080062866
12419,0.10932411,1,NORMAL,1,0,0.6208386421203613
12421,0.10900186,1,NORMAL,1,0,0.5044131278991699
12422,0.5752265,0,NORMAL,2,1,0.7114020586013794
12423,0.30697125,1,NORMAL,1,0,0.5221026539802551
12425,0.28283826,1,NORMAL,1,0,0.5722673535346985
12429,0.104503885,1,NORMAL,1,0,0.3926065266132355
12430,0.19379817,1,NORMAL,1,0,0.5552864670753479
12434,0.1281566,1,NORMAL,1,0,0.46190643310546875
12440,0.246248,1,NORMAL,1,0,0.6110822558403015
12442,0.17123127,1,NORMAL,1,0,0.5636443495750427
12444,0.13637213,1,NORMAL,1,0,0.6344629526138306
12446,0.13582492,1,NORMAL,1,0,0.5939490795135498
12448,0.07141505,1,NORMAL,1,0,0.6159759759902954
12449,0.10094718,1,NORMAL,1,0,0.5901653170585632
12451,0.7013083,0,NORMAL,2,1,0.5162574052810669
12461,0.031055607,1,NORMAL,1,0,0.5974112153053284
12463,0.111851886,1,NORMAL,1,0,0.45954057574272156
12465,0.76375496,1,NORMAL,2,1,0.6928878426551819
12468,0.1216934,1,NORMAL,1,0,0.5680298805236816
12474,0.29684812,1,NORMAL,1,0,0.5505272746086121
12479,0.119244486,1,NORMAL,1,0,0.6092130541801453
12481,0.4085191,1,NORMAL,1,0,0.43372151255607605
12482,0.24774821,1,NORMAL,1,0,0.5230175852775574
12485,0.36467054,1,NORMAL,1,0,0.5448090434074402
12488,0.16850466,1,NORMAL,1,0,0.5533973574638367
12489,0.13331477,1,NORMAL,1,0,0.4257086217403412
12493,0.189739,1,NORMAL,1,0,0.49742791056632996
12495,0.2576456,1,NORMAL,1,0,0.5882431864738464
12498,0.19855586,1,NORMAL,1,0,0.5784967541694641
12507,0.28826994,1,NORMAL,1,0,0.5425572395324707
12508,0.28571275,1,NORMAL,1,0,0.498334676027298
12509,0.29316443,1,NORMAL,1,0,0.6178207993507385
12512,0.2553638,1,NORMAL,1,0,0.5173165798187256
12513,0.195234,1,NORMAL,1,0,0.6040812134742737
12515,0.68260974,1,NORMAL,2,1,0.5870876312255859
12516,0.19112638,1,NORMAL,1,0,0.4885059893131256
12517,0.19471896,1,NORMAL,1,0,0.5731610655784607
12519,0.19509779,1,NORMAL,1,0,0.513330340385437
12523,0.24486792,1,NORMAL,1,0,0.39702489972114563
12526,0.063212745,1,NORMAL,1,0,0.5957661271095276
12527,0.39085072,1,NORMAL,1,0,0.47727730870246887
12530,0.22021867,1,NORMAL,1,0,0.4159645140171051
12531,0.29559976,1,NORMAL,1,0,0.5171617269515991
12533,0.5185461,1,NORMAL,1,0,0.5227027535438538
12536,0.15146458,1,NORMAL,1,0,0.4831031560897827
12537,0.47745836,1,NORMAL,1,0,0.5697992444038391
12539,0.21072958,1,NORMAL,1,0,0.4865748882293701
12544,0.18115693,1,NORMAL,1,0,0.5886077284812927
12546,0.30641586,1,NORMAL,1,0,0.5167360305786133
12547,0.1661521,1,NORMAL,1,0,0.5945667028427124
12548,0.07567444,1,NORMAL,1,0,0.6172112226486206
12549,0.21235588,1,NORMAL,1,0,0.612003743648529
12550,0.26115802,1,NORMAL,1,0,0.5214342474937439
12552,0.20495069,1,NORMAL,1,0,0.5929514765739441
12556,0.4443431,1,NORMAL,1,0,0.48605936765670776
12561,0.12636206,1,NORMAL,1,0,0.5625932216644287
12562,0.13657476,1,NORMAL,1,0,0.48352378606796265
12563,0.12868544,1,NORMAL,1,0,0.5482476353645325
12564,0.16471525,1,NORMAL,1,0,0.5985202193260193
12565,0.08188501,1,NORMAL,1,0,0.5829960107803345
12568,0.097084984,1,NORMAL,1,0,0.47941237688064575
12571,0.15441076,1,NORMAL,1,0,0.5119613409042358
12573,0.052995957,1,NORMAL,1,0,0.48374083638191223
12574,0.29051393,1,NORMAL,1,0,0.5282825827598572
12578,0.120231494,1,NORMAL,1,0,0.5278308391571045
12579,0.18573865,1,NORMAL,1,0,0.41943302750587463
12580,0.38921976,1,NORMAL,1,0,0.4018498361110687
12582,0.2640251,1,NORMAL,1,0,0.4216462969779968
12587,0.17518485,1,NORMAL,1,0,0.593798816204071
12588,0.3685217,0,NORMAL,1,0,0.1644594371318817
12594,0.18065616,1,NORMAL,1,0,0.6429668068885803
12595,0.22250193,1,NORMAL,1,0,0.6000185012817383
12599,0.12596041,1,NORMAL,1,0,0.5911524891853333
12601,0.13178213,1,NORMAL,1,0,0.5684552788734436
12603,0.39605668,1,NORMAL,1,0,0.5389323830604553
12605,0.08215025,1,NORMAL,1,0,0.4918960630893707
12606,0.15141916,1,NORMAL,1,0,0.5402962565422058
12607,0.21042842,1,NORMAL,1,0,0.5826534032821655
12610,0.65096474,1,NORMAL,2,1,0.5056551098823547
12612,0.096445136,1,NORMAL,1,0,0.2025909423828125
12622,0.15884092,1,NORMAL,1,0,0.5264599919319153
12626,0.18845996,1,NORMAL,1,0,0.5883223414421082
12627,0.31752557,1,NORMAL,1,0,0.5818325877189636
12629,0.17383578,1,NORMAL,1,0,0.579088568687439
12630,0.12426331,1,NORMAL,1,0,0.48438575863838196
12631,0.15972777,1,NORMAL,1,0,0.5187071561813354
12634,0.09739642,1,NORMAL,1,0,0.5867123007774353
12636,0.25278506,1,NORMAL,1,0,0.6358436942100525
12639,0.14539641,1,NORMAL,1,0,0.5656477808952332
12643,0.18935227,1,NORMAL,1,0,0.5940593481063843
12645,0.539677,1,NORMAL,1,0,0.582065999507904
12646,0.2545753,1,NORMAL,1,0,0.5158524513244629
12647,0.22407514,1,NORMAL,1,0,0.5410376787185669
12648,0.16951522,1,NORMAL,1,0,0.6052880883216858
